{
"type": "FeatureCollection",
"name": "districts",
"crs": { "type": "name", "properties": { "name": "urn:ogc:def:crs:OGC:1.3:CRS84" } },
"xy_coordinate_resolution": 0.0001,
"features": [
{ "type": "Feature", "properties": { "district_id": "062103", "forest": "Colville National Forest", "name": "Newport Ranger District", "acres": 257737.499, "enhanced_count": 0, "total_species": 0, "enhanced_rate": 0.0, "specialist_count": 0, "harvest_count": 0, "harvest_ha": 0.0, "mgmt_intensity": "Low" }, "geometry": { "type": "MultiPolygon", "coordinates": [ [ [ [ -117.0379, 48.2391 ], [ -117.0379, 48.2392 ], [ -117.0378, 48.247 ], [ -117.0379, 48.2391 ] ] ], [ [ [ -117.0375, 48.2598 ], [ -117.0372, 48.2723 ], [ -117.0375, 48.2582 ], [ -117.0375, 48.2598 ] ] ] ] } },
{ "type": "Feature", "properties": { "district_id": "061604", "forest": "Wallowa-Whitman National Forest", "name": "Hells Canyon National Recreation Area", "acres": 650682.033, "enhanced_count": 11, "total_species": 33, "enhanced_rate": 0.3333, "specialist_count": 1, "harvest_count": 37, "harvest_ha": 2784.0765, "mgmt_intensity": "Medium" }, "geometry": { "type": "MultiPolygon", "coordinates": [ [ [ [ -116.7546, 45.114 ], [ -116.7529, 45.1216 ], [ -116.7507, 45.1201 ], [ -116.7525, 45.1184 ], [ -116.7543, 45.1142 ], [ -116.7567, 45.1115 ], [ -116.7695, 45.1081 ], [ -116.7546, 45.114 ] ] ], [ [ [ -116.7455, 45.133 ], [ -116.7425, 45.1353 ], [ -116.7359, 45.1378 ], [ -116.7455, 45.133 ] ] ], [ [ [ -116.7298, 45.1417 ], [ -116.7302, 45.1413 ], [ -116.7298, 45.1418 ], [ -116.7298, 45.1417 ] ] ], [ [ [ -116.728, 45.1542 ], [ -116.7274, 45.1561 ], [ -116.7285, 45.1494 ], [ -116.728, 45.1542 ] ] ], [ [ [ -116.726, 45.1579 ], [ -116.7263, 45.1578 ], [ -116.7254, 45.1589 ], [ -116.726, 45.1579 ] ] ], [ [ [ -116.7251, 45.1595 ], [ -116.7242, 45.1658 ], [ -116.7242, 45.1629 ], [ -116.7251, 45.1595 ] ] ], [ [ [ -116.7143, 45.1934 ], [ -116.7137, 45.1945 ], [ -116.7177, 45.1844 ], [ -116.7143, 45.1934 ] ] ], [ [ [ -116.7118, 45.1978 ], [ -116.7086, 45.2085 ], [ -116.7095, 45.203 ], [ -116.7118, 45.1978 ] ] ], [ [ [ -116.7094, 45.2134 ], [ -116.7095, 45.2145 ], [ -116.709, 45.2133 ], [ -116.7094, 45.2134 ] ] ], [ [ [ -116.7039, 45.2338 ], [ -116.704, 45.2308 ], [ -116.704, 45.2328 ], [ -116.7039, 45.2338 ] ] ], [ [ [ -116.7037, 45.2401 ], [ -116.7022, 45.2416 ], [ -116.7034, 45.2395 ], [ -116.7037, 45.2401 ] ] ], [ [ [ -116.6745, 45.2763 ], [ -116.6738, 45.3215 ], [ -116.6713, 45.3236 ], [ -116.6554, 45.3486 ], [ -116.6411, 45.368 ], [ -116.6291, 45.3819 ], [ -116.6232, 45.3941 ], [ -116.5972, 45.4137 ], [ -116.5883, 45.4431 ], [ -116.5551, 45.463 ], [ -116.558, 45.5037 ], [ -116.5287, 45.5515 ], [ -116.4823, 45.5776 ], [ -116.4635, 45.6159 ], [ -116.5354, 45.6917 ], [ -116.5476, 45.7526 ], [ -116.5593, 45.7554 ], [ -116.5942, 45.7791 ], [ -116.6643, 45.7819 ], [ -116.7118, 45.8263 ], [ -116.7598, 45.8162 ], [ -116.7809, 45.8246 ], [ -116.796, 45.8606 ], [ -116.8598, 45.9073 ], [ -116.8757, 45.9544 ], [ -116.916, 45.9954 ], [ -116.8735, 45.9771 ], [ -116.8575, 45.9099 ], [ -116.7824, 45.8591 ], [ -116.7773, 45.8265 ], [ -116.7054, 45.8304 ], [ -116.6588, 45.7831 ], [ -116.592, 45.7854 ], [ -116.5246, 45.7384 ], [ -116.5348, 45.7131 ], [ -116.4167, 45.7139 ], [ -116.4279, 45.6928 ], [ -116.3809, 45.6422 ], [ -116.3906, 45.6074 ], [ -116.3786, 45.5791 ], [ -116.4086, 45.5551 ], [ -116.4232, 45.5133 ], [ -116.4508, 45.5007 ], [ -116.4416, 45.4702 ], [ -116.474, 45.4421 ], [ -116.4819, 45.3884 ], [ -116.5087, 45.3485 ], [ -116.4962, 45.3262 ], [ -116.541, 45.29 ], [ -116.5213, 45.2474 ], [ -116.557, 45.1454 ], [ -116.617, 45.1539 ], [ -116.613, 45.2063 ], [ -116.6343, 45.222 ], [ -116.6354, 45.2588 ], [ -116.6989, 45.2451 ], [ -116.6745, 45.2763 ] ] ] ] } },
{ "type": "Feature", "properties": { "district_id": "040201", "forest": "Boise National Forest", "name": "Mountain Home Ranger District", "acres": 734779.056, "enhanced_count": 8, "total_species": 22, "enhanced_rate": 0.3636, "specialist_count": 0, "harvest_count": 326, "harvest_ha": 45866.5988, "mgmt_intensity": "Medium" }, "geometry": { "type": "MultiPolygon", "coordinates": [ [ [ [ -115.3087, 43.4863 ], [ -115.3073, 43.4886 ], [ -115.3069, 43.4863 ], [ -115.3087, 43.4863 ] ] ], [ [ [ -115.3162, 43.4899 ], [ -115.3096, 43.4863 ], [ -115.3162, 43.4863 ], [ -115.3162, 43.4899 ] ] ], [ [ [ -116.194, 43.8073 ], [ -116.0978, 43.8073 ], [ -116.0887, 43.7718 ], [ -116.0071, 43.7854 ], [ -115.9514, 43.7255 ], [ -115.8604, 43.7297 ], [ -115.8659, 43.7007 ], [ -115.8216, 43.6994 ], [ -115.7451, 43.741 ], [ -115.7404, 43.7211 ], [ -115.6732, 43.6883 ], [ -115.5334, 43.7755 ], [ -115.4294, 43.7861 ], [ -115.4003, 43.8039 ], [ -115.3482, 43.7834 ], [ -115.3174, 43.7467 ], [ -115.2326, 43.7564 ], [ -115.2015, 43.7034 ], [ -115.1649, 43.6977 ], [ -115.1685, 43.6692 ], [ -115.2349, 43.6299 ], [ -115.2369, 43.6018 ], [ -115.2039, 43.5728 ], [ -115.1683, 43.5837 ], [ -115.1529, 43.5588 ], [ -115.1752, 43.5117 ], [ -115.1674, 43.4535 ], [ -115.1824, 43.4297 ], [ -115.1495, 43.4145 ], [ -115.1261, 43.3575 ], [ -115.2045, 43.3579 ], [ -115.2043, 43.2998 ], [ -115.343, 43.2853 ], [ -115.3428, 43.2128 ], [ -115.3627, 43.2128 ], [ -115.3627, 43.2273 ], [ -115.4024, 43.2273 ], [ -115.4025, 43.2563 ], [ -115.4413, 43.2562 ], [ -115.4414, 43.2852 ], [ -115.481, 43.2851 ], [ -115.481, 43.314 ], [ -115.5592, 43.3137 ], [ -115.5592, 43.3426 ], [ -115.6187, 43.3429 ], [ -115.6187, 43.3705 ], [ -115.7367, 43.3709 ], [ -115.7368, 43.3853 ], [ -115.7565, 43.3853 ], [ -115.7567, 43.4142 ], [ -115.7861, 43.4143 ], [ -115.7866, 43.4579 ], [ -115.8159, 43.458 ], [ -115.8159, 43.4725 ], [ -115.8855, 43.4728 ], [ -115.8855, 43.4873 ], [ -115.9452, 43.502 ], [ -115.9561, 43.6036 ], [ -116.0748, 43.6036 ], [ -116.0741, 43.6471 ], [ -116.1346, 43.6759 ], [ -116.1346, 43.7054 ], [ -116.1533, 43.7056 ], [ -116.153, 43.7197 ], [ -116.1932, 43.7199 ], [ -116.194, 43.8073 ] ], [ [ -115.5399, 43.3994 ], [ -115.5498, 43.3957 ], [ -115.5398, 43.3922 ], [ -115.5399, 43.3994 ] ], [ [ -115.5785, 43.4139 ], [ -115.5933, 43.4102 ], [ -115.5785, 43.4067 ], [ -115.5785, 43.4139 ] ], [ [ -115.5983, 43.4428 ], [ -115.6083, 43.4283 ], [ -115.5982, 43.4282 ], [ -115.5983, 43.4428 ] ], [ [ -115.6108, 43.4429 ], [ -115.6133, 43.4356 ], [ -115.6108, 43.4356 ], [ -115.6108, 43.4429 ] ], [ [ -115.697, 43.5441 ], [ -115.7069, 43.5372 ], [ -115.697, 43.5336 ], [ -115.697, 43.5441 ] ], [ [ -115.6585, 43.5659 ], [ -115.6734, 43.5623 ], [ -115.6585, 43.5623 ], [ -115.6585, 43.5659 ] ], [ [ -115.5394, 43.3704 ], [ -115.5493, 43.3668 ], [ -115.5394, 43.3631 ], [ -115.5394, 43.3704 ] ], [ [ -115.341, 43.4138 ], [ -115.3114, 43.4211 ], [ -115.3115, 43.4429 ], [ -115.341, 43.4428 ], [ -115.341, 43.4138 ] ], [ [ -115.321, 43.4719 ], [ -115.3137, 43.4573 ], [ -115.3112, 43.4718 ], [ -115.321, 43.4719 ] ], [ [ -115.3209, 43.5013 ], [ -115.3162, 43.479 ], [ -115.2914, 43.479 ], [ -115.2866, 43.4247 ], [ -115.2718, 43.4194 ], [ -115.2907, 43.4138 ], [ -115.2618, 43.4139 ], [ -115.2617, 43.5296 ], [ -115.3014, 43.5297 ], [ -115.3209, 43.5013 ] ], [ [ -115.5399, 43.4976 ], [ -115.5199, 43.4868 ], [ -115.52, 43.4976 ], [ -115.5399, 43.4976 ] ] ], [ [ [ -115.9956, 43.5885 ], [ -115.9858, 43.5791 ], [ -116.0007, 43.5675 ], [ -115.9957, 43.5783 ], [ -115.9956, 43.5885 ] ] ] ] } },
{ "type": "Feature", "properties": { "district_id": "040203", "forest": "Boise National Forest", "name": "Idaho City Ranger District", "acres": 568014.713, "enhanced_count": 13, "total_species": 23, "enhanced_rate": 0.5652, "specialist_count": 0, "harvest_count": 1175, "harvest_ha": 115384.9605, "mgmt_intensity": "High" }, "geometry": { "type": "MultiPolygon", "coordinates": [ [ [ [ -115.8413, 43.8296 ], [ -115.8439, 43.8293 ], [ -115.8438, 43.8296 ], [ -115.8413, 43.8296 ] ] ], [ [ [ -115.8365, 43.8316 ], [ -115.8342, 43.8284 ], [ -115.8371, 43.829 ], [ -115.8365, 43.8316 ] ] ], [ [ [ -115.4053, 44.0689 ], [ -115.3338, 44.0319 ], [ -115.3319, 44.0149 ], [ -115.3047, 44.018 ], [ -115.2905, 44.0422 ], [ -115.2573, 44.0432 ], [ -115.2466, 44.0202 ], [ -115.2569, 44.0001 ], [ -115.2265, 43.9721 ], [ -115.233, 43.9584 ], [ -115.1941, 43.9488 ], [ -115.2028, 43.8953 ], [ -115.1771, 43.882 ], [ -115.1907, 43.8508 ], [ -115.1469, 43.8485 ], [ -115.1281, 43.8227 ], [ -115.0585, 43.8218 ], [ -115.0337, 43.7157 ], [ -115.1077, 43.7123 ], [ -115.1344, 43.6938 ], [ -115.2015, 43.7034 ], [ -115.2285, 43.7543 ], [ -115.3174, 43.7467 ], [ -115.381, 43.8032 ], [ -115.5334, 43.7755 ], [ -115.6732, 43.6883 ], [ -115.7404, 43.7211 ], [ -115.7451, 43.741 ], [ -115.8216, 43.6994 ], [ -115.8659, 43.7007 ], [ -115.8604, 43.7297 ], [ -115.9514, 43.7255 ], [ -116.0071, 43.7854 ], [ -116.0887, 43.7718 ], [ -116.0853, 43.7985 ], [ -116.1007, 43.8032 ], [ -116.0983, 43.9226 ], [ -116.0784, 43.9225 ], [ -116.0767, 43.9798 ], [ -116.0381, 43.9798 ], [ -116.0381, 43.996 ], [ -115.9945, 43.98 ], [ -116.0186, 43.9799 ], [ -116.0187, 43.9518 ], [ -115.9791, 43.9516 ], [ -115.9668, 43.9833 ], [ -115.9152, 43.984 ], [ -115.8, 44.0477 ], [ -115.7504, 44.0472 ], [ -115.7391, 44.0253 ], [ -115.6967, 44.0201 ], [ -115.6888, 43.9619 ], [ -115.6727, 43.9929 ], [ -115.5962, 44.0388 ], [ -115.5005, 44.0329 ], [ -115.4138, 44.0541 ], [ -115.4053, 44.0689 ] ], [ [ -115.8362, 43.8365 ], [ -115.8609, 43.8366 ], [ -115.8611, 43.8222 ], [ -115.821, 43.8222 ], [ -115.8209, 43.8511 ], [ -115.836, 43.851 ], [ -115.8362, 43.8365 ] ], [ [ -115.8801, 43.9083 ], [ -115.8802, 43.9227 ], [ -115.9, 43.9227 ], [ -115.9, 43.9083 ], [ -115.8801, 43.9083 ] ], [ [ -115.9591, 43.9517 ], [ -115.9591, 43.9374 ], [ -115.9389, 43.9372 ], [ -115.9388, 43.9516 ], [ -115.9591, 43.9517 ] ], [ [ -115.8603, 43.9795 ], [ -115.8604, 43.9654 ], [ -115.8406, 43.9653 ], [ -115.8407, 43.9794 ], [ -115.8603, 43.9795 ] ] ] ] } },
{ "type": "Feature", "properties": { "district_id": "040204", "forest": "Boise National Forest", "name": "Cascade Ranger District", "acres": 401298.214, "enhanced_count": 7, "total_species": 16, "enhanced_rate": 0.4375, "specialist_count": 0, "harvest_count": 631, "harvest_ha": 35367.1853, "mgmt_intensity": "Medium" }, "geometry": { "type": "MultiPolygon", "coordinates": [ [ [ [ -116.0397, 44.512 ], [ -116.0395, 44.5133 ], [ -116.039, 44.5127 ], [ -116.0397, 44.512 ] ] ], [ [ [ -116.1291, 44.6733 ], [ -116.1498, 44.6 ], [ -116.1698, 44.6 ], [ -116.1697, 44.5857 ], [ -116.1446, 44.5929 ], [ -116.1346, 44.5496 ], [ -116.0893, 44.5206 ], [ -116.0974, 44.4683 ], [ -116.0371, 44.4396 ], [ -116.0372, 44.4251 ], [ -116.0571, 44.425 ], [ -116.0572, 44.3665 ], [ -116.0975, 44.3589 ], [ -116.1459, 44.4066 ], [ -116.1229, 44.4727 ], [ -116.1585, 44.5004 ], [ -116.1849, 44.5871 ], [ -116.1647, 44.6733 ], [ -116.1291, 44.6733 ] ] ], [ [ [ -115.4908, 44.9697 ], [ -115.439, 44.9601 ], [ -115.4555, 44.9295 ], [ -115.4244, 44.8939 ], [ -115.3995, 44.8958 ], [ -115.3756, 44.8527 ], [ -115.3896, 44.776 ], [ -115.4344, 44.7691 ], [ -115.4136, 44.7164 ], [ -115.4495, 44.6601 ], [ -115.4459, 44.6381 ], [ -115.4182, 44.6365 ], [ -115.4053, 44.6158 ], [ -115.4792, 44.5951 ], [ -115.4694, 44.5777 ], [ -115.5064, 44.5536 ], [ -115.4877, 44.5197 ], [ -115.4978, 44.5032 ], [ -115.5242, 44.5032 ], [ -115.5245, 44.5229 ], [ -115.5435, 44.5228 ], [ -115.56, 44.5469 ], [ -115.6013, 44.5436 ], [ -115.6667, 44.4798 ], [ -115.7373, 44.4659 ], [ -115.8063, 44.4203 ], [ -115.8693, 44.4426 ], [ -115.9584, 44.3463 ], [ -115.9587, 44.4104 ], [ -115.9184, 44.4102 ], [ -115.9186, 44.4392 ], [ -115.8986, 44.4392 ], [ -115.8986, 44.4537 ], [ -115.8581, 44.4536 ], [ -115.8581, 44.4987 ], [ -115.8871, 44.4987 ], [ -115.8871, 44.5204 ], [ -115.8668, 44.5204 ], [ -115.877, 44.5422 ], [ -115.8466, 44.5422 ], [ -115.8466, 44.5566 ], [ -115.8668, 44.5566 ], [ -115.8718, 44.5892 ], [ -115.9273, 44.6001 ], [ -115.9072, 44.5711 ], [ -115.9073, 44.5567 ], [ -115.9274, 44.5566 ], [ -115.9274, 44.5277 ], [ -115.9831, 44.5278 ], [ -115.968, 44.5567 ], [ -116.0085, 44.5785 ], [ -115.9677, 44.5857 ], [ -115.9678, 44.6146 ], [ -115.9273, 44.629 ], [ -115.9273, 44.673 ], [ -115.8971, 44.673 ], [ -115.9023, 44.6876 ], [ -115.887, 44.6875 ], [ -115.9056, 44.6985 ], [ -115.8999, 44.7306 ], [ -115.8254, 44.7437 ], [ -115.8166, 44.7576 ], [ -115.7616, 44.7503 ], [ -115.7262, 44.7751 ], [ -115.7045, 44.7491 ], [ -115.6198, 44.7505 ], [ -115.6095, 44.7715 ], [ -115.6215, 44.7942 ], [ -115.5734, 44.8481 ], [ -115.5887, 44.9476 ], [ -115.4908, 44.9697 ] ] ], [ [ [ -116.1896, 44.7895 ], [ -116.16, 44.7315 ], [ -116.1214, 44.7078 ], [ -116.1497, 44.6879 ], [ -116.1633, 44.6879 ], [ -116.1576, 44.7036 ], [ -116.1833, 44.7258 ], [ -116.1766, 44.7454 ], [ -116.211, 44.7813 ], [ -116.1896, 44.7895 ] ] ] ] } },
{ "type": "Feature", "properties": { "district_id": "040205", "forest": "Boise National Forest", "name": "Lowman Ranger District", "acres": 468936.71, "enhanced_count": 10, "total_species": 17, "enhanced_rate": 0.5882, "specialist_count": 1, "harvest_count": 667, "harvest_ha": 46951.1516, "mgmt_intensity": "High" }, "geometry": { "type": "Polygon", "coordinates": [ [ [ -115.5608, 44.5472 ], [ -115.5435, 44.5228 ], [ -115.5245, 44.5229 ], [ -115.549, 44.4675 ], [ -115.4983, 44.4237 ], [ -115.3813, 44.4626 ], [ -115.3772, 44.4096 ], [ -115.3325, 44.4314 ], [ -115.2507, 44.4374 ], [ -115.2464, 44.3878 ], [ -115.2931, 44.3338 ], [ -115.2135, 44.3048 ], [ -115.2028, 44.2825 ], [ -115.1754, 44.2933 ], [ -115.1565, 44.2466 ], [ -115.1748, 44.2355 ], [ -115.1691, 44.2059 ], [ -115.1393, 44.18 ], [ -115.1789, 44.162 ], [ -115.168, 44.1347 ], [ -115.1813, 44.0926 ], [ -115.2357, 44.0963 ], [ -115.2205, 44.0746 ], [ -115.2292, 44.0636 ], [ -115.2538, 44.0438 ], [ -115.2961, 44.0393 ], [ -115.3052, 44.0178 ], [ -115.333, 44.0153 ], [ -115.3338, 44.0319 ], [ -115.4053, 44.0689 ], [ -115.4138, 44.0541 ], [ -115.5005, 44.0329 ], [ -115.5962, 44.0388 ], [ -115.6727, 43.9929 ], [ -115.6928, 43.9624 ], [ -115.6986, 44.0168 ], [ -115.6478, 44.0685 ], [ -115.706, 44.095 ], [ -115.7108, 44.1532 ], [ -115.7297, 44.1762 ], [ -115.7687, 44.1866 ], [ -115.7543, 44.2195 ], [ -115.7647, 44.2653 ], [ -115.7344, 44.2814 ], [ -115.7487, 44.3077 ], [ -115.7196, 44.3432 ], [ -115.7324, 44.3629 ], [ -115.7192, 44.3839 ], [ -115.689, 44.3856 ], [ -115.6793, 44.4295 ], [ -115.6353, 44.4363 ], [ -115.6484, 44.4612 ], [ -115.6087, 44.4878 ], [ -115.6293, 44.5106 ], [ -115.6015, 44.5435 ], [ -115.5608, 44.5472 ] ] ] } },
{ "type": "Feature", "properties": { "district_id": "040206", "forest": "Boise National Forest", "name": "Emmett Ranger District", "acres": 353823.331, "enhanced_count": 12, "total_species": 21, "enhanced_rate": 0.5714, "specialist_count": 0, "harvest_count": 1682, "harvest_ha": 96825.5009, "mgmt_intensity": "High" }, "geometry": { "type": "MultiPolygon", "coordinates": [ [ [ [ -115.62, 44.5003 ], [ -115.6093, 44.4856 ], [ -115.6487, 44.4602 ], [ -115.6367, 44.4343 ], [ -115.6802, 44.4288 ], [ -115.6729, 44.413 ], [ -115.689, 44.3856 ], [ -115.7157, 44.3859 ], [ -115.7324, 44.3629 ], [ -115.7196, 44.3432 ], [ -115.7487, 44.3077 ], [ -115.7344, 44.2814 ], [ -115.7624, 44.2712 ], [ -115.7673, 44.2389 ], [ -115.7543, 44.2195 ], [ -115.7687, 44.1866 ], [ -115.7297, 44.1762 ], [ -115.7102, 44.152 ], [ -115.7068, 44.0959 ], [ -115.6493, 44.0654 ], [ -115.6967, 44.0201 ], [ -115.7391, 44.0253 ], [ -115.7502, 44.0471 ], [ -115.7996, 44.0478 ], [ -115.9156, 43.9839 ], [ -115.9766, 43.9749 ], [ -116.0381, 43.996 ], [ -116.0379, 44.0642 ], [ -115.979, 44.0642 ], [ -115.9787, 44.0233 ], [ -115.9588, 44.0234 ], [ -115.9586, 44.0451 ], [ -115.9185, 44.0643 ], [ -115.918, 44.1068 ], [ -115.9179, 44.1486 ], [ -115.9376, 44.1486 ], [ -115.938, 44.1773 ], [ -115.9182, 44.2068 ], [ -115.9983, 44.192 ], [ -116.0369, 44.1484 ], [ -116.037, 44.2643 ], [ -115.9783, 44.2789 ], [ -115.9782, 44.323 ], [ -115.9583, 44.323 ], [ -115.9584, 44.3463 ], [ -115.8693, 44.4426 ], [ -115.8063, 44.4203 ], [ -115.7385, 44.4654 ], [ -115.62, 44.5003 ] ] ], [ [ [ -116.2178, 44.5085 ], [ -116.1466, 44.4958 ], [ -116.1236, 44.4753 ], [ -116.1459, 44.4066 ], [ -116.0976, 44.352 ], [ -116.1177, 44.352 ], [ -116.1173, 44.2834 ], [ -116.1528, 44.2942 ], [ -116.1373, 44.2508 ], [ -116.1931, 44.2523 ], [ -116.1931, 44.2379 ], [ -116.2132, 44.2378 ], [ -116.2133, 44.1944 ], [ -116.1532, 44.1801 ], [ -116.1366, 44.2363 ], [ -116.1031, 44.2364 ], [ -116.1166, 44.1541 ], [ -116.0981, 44.1479 ], [ -116.0983, 44.0663 ], [ -116.1555, 44.0661 ], [ -116.1555, 44.0949 ], [ -116.1756, 44.095 ], [ -116.1655, 44.1348 ], [ -116.2304, 44.1235 ], [ -116.2307, 44.1513 ], [ -116.2485, 44.1513 ], [ -116.2529, 44.2161 ], [ -116.2331, 44.2234 ], [ -116.2281, 44.2703 ], [ -116.2532, 44.2702 ], [ -116.2532, 44.3243 ], [ -116.2729, 44.3241 ], [ -116.2728, 44.3533 ], [ -116.323, 44.3678 ], [ -116.2981, 44.4484 ], [ -116.2361, 44.4647 ], [ -116.2178, 44.5085 ] ] ] ] } },
{ "type": "Feature", "properties": { "district_id": "040301", "forest": "Bridger-Teton National Forest", "name": "Kemmerer Ranger District", "acres": 286026.805, "enhanced_count": 0, "total_species": 1, "enhanced_rate": 0.0, "specialist_count": 0, "harvest_count": 0, "harvest_ha": 0.0, "mgmt_intensity": "Low" }, "geometry": { "type": "Polygon", "coordinates": [ [ [ -111.047, 42.4479 ], [ -111.0472, 42.4669 ], [ -111.0469, 42.4914 ], [ -111.047, 42.4479 ] ] ] } },
{ "type": "Feature", "properties": { "district_id": "040303", "forest": "Bridger-Teton National Forest", "name": "Greys River Ranger District", "acres": 485099.514, "enhanced_count": 0, "total_species": 0, "enhanced_rate": 0.0, "specialist_count": 0, "harvest_count": 0, "harvest_ha": 0.0, "mgmt_intensity": "Low" }, "geometry": { "type": "MultiPolygon", "coordinates": [ [ [ [ -111.0453, 42.6252 ], [ -111.0454, 42.6385 ], [ -111.0448, 42.6493 ], [ -111.0453, 42.6252 ] ] ], [ [ [ -111.0468, 42.519 ], [ -111.0466, 42.5518 ], [ -111.0458, 42.5953 ], [ -111.0468, 42.519 ] ] ] ] } },
{ "type": "Feature", "properties": { "district_id": "041201", "forest": "Payette National Forest", "name": "Council Ranger District", "acres": 375481.593, "enhanced_count": 27, "total_species": 34, "enhanced_rate": 0.7941, "specialist_count": 0, "harvest_count": 8624, "harvest_ha": 724852.6927, "mgmt_intensity": "High" }, "geometry": { "type": "MultiPolygon", "coordinates": [ [ [ [ -116.831, 45.0198 ], [ -116.7296, 45.1421 ], [ -116.6967, 45.2461 ], [ -116.6354, 45.2588 ], [ -116.6343, 45.222 ], [ -116.613, 45.2063 ], [ -116.617, 45.1539 ], [ -116.523, 45.1429 ], [ -116.5048, 45.107 ], [ -116.5747, 44.981 ], [ -116.551, 44.9517 ], [ -116.5544, 44.9247 ], [ -116.5156, 44.8989 ], [ -116.5557, 44.8896 ], [ -116.5557, 44.8752 ], [ -116.5965, 44.8751 ], [ -116.5964, 44.8462 ], [ -116.6161, 44.8461 ], [ -116.5949, 44.7884 ], [ -116.5339, 44.7883 ], [ -116.5443, 44.7164 ], [ -116.5748, 44.7164 ], [ -116.6001, 44.6874 ], [ -116.6351, 44.6946 ], [ -116.6759, 44.7461 ], [ -116.7454, 44.7907 ], [ -116.7599, 44.8388 ], [ -116.79, 44.8462 ], [ -116.7797, 44.8825 ], [ -116.7593, 44.8824 ], [ -116.7593, 44.9043 ], [ -116.8001, 44.9043 ], [ -116.8, 44.9332 ], [ -116.7591, 44.933 ], [ -116.7591, 44.9764 ], [ -116.7998, 44.9766 ], [ -116.7997, 45.0198 ], [ -116.831, 45.0198 ] ] ], [ [ [ -116.3411, 44.9191 ], [ -116.3515, 44.8901 ], [ -116.2904, 44.8902 ], [ -116.2904, 44.8465 ], [ -116.27, 44.8468 ], [ -116.27, 44.8613 ], [ -116.2307, 44.8468 ], [ -116.2309, 44.8038 ], [ -116.2104, 44.8039 ], [ -116.207, 44.7684 ], [ -116.1767, 44.7455 ], [ -116.1833, 44.7256 ], [ -116.1576, 44.7036 ], [ -116.1849, 44.5871 ], [ -116.157, 44.4989 ], [ -116.1929, 44.4936 ], [ -116.2177, 44.5086 ], [ -116.2361, 44.4647 ], [ -116.2918, 44.4525 ], [ -116.312, 44.4219 ], [ -116.312, 44.5715 ], [ -116.3527, 44.5855 ], [ -116.3528, 44.629 ], [ -116.3324, 44.629 ], [ -116.3324, 44.6435 ], [ -116.3528, 44.6435 ], [ -116.3527, 44.6733 ], [ -116.3731, 44.6732 ], [ -116.3731, 44.7023 ], [ -116.3922, 44.7021 ], [ -116.3924, 44.84 ], [ -116.3768, 44.8574 ], [ -116.3928, 44.9051 ], [ -116.372, 44.9264 ], [ -116.3411, 44.9191 ] ] ], [ [ [ -116.4348, 44.7272 ], [ -116.4345, 44.7274 ], [ -116.4345, 44.7272 ], [ -116.4348, 44.7272 ] ] ], [ [ [ -116.4327, 44.7309 ], [ -116.4303, 44.73 ], [ -116.4327, 44.73 ], [ -116.4327, 44.7309 ] ] ], [ [ [ -116.4384, 44.7308 ], [ -116.4375, 44.7313 ], [ -116.4372, 44.7308 ], [ -116.4384, 44.7308 ] ] ] ] } },
{ "type": "Feature", "properties": { "district_id": "041202", "forest": "Payette National Forest", "name": "Weiser Ranger District", "acres": 121902.044, "enhanced_count": 17, "total_species": 21, "enhanced_rate": 0.8095, "specialist_count": 0, "harvest_count": 832, "harvest_ha": 59860.2098, "mgmt_intensity": "Very High" }, "geometry": { "type": "Polygon", "coordinates": [ [ [ -116.7599, 44.8388 ], [ -116.7454, 44.7907 ], [ -116.6759, 44.7461 ], [ -116.6351, 44.6938 ], [ -116.818, 44.6871 ], [ -116.818, 44.7016 ], [ -116.8484, 44.7017 ], [ -116.8579, 44.586 ], [ -116.8779, 44.586 ], [ -116.8778, 44.5421 ], [ -116.9384, 44.5204 ], [ -116.9394, 44.4849 ], [ -117.0399, 44.4986 ], [ -117.0395, 44.6439 ], [ -116.9989, 44.644 ], [ -117.009, 44.7022 ], [ -116.8181, 44.7161 ], [ -116.8181, 44.7306 ], [ -116.8689, 44.7307 ], [ -116.8485, 44.7379 ], [ -116.8486, 44.7666 ], [ -116.8689, 44.7884 ], [ -116.8688, 44.839 ], [ -116.778, 44.8494 ], [ -116.7599, 44.8388 ] ] ] } },
{ "type": "Feature", "properties": { "district_id": "041203", "forest": "Payette National Forest", "name": "New Meadows Ranger District", "acres": 287111.541, "enhanced_count": 20, "total_species": 24, "enhanced_rate": 0.8333, "specialist_count": 0, "harvest_count": 7391, "harvest_ha": 706396.5904, "mgmt_intensity": "Very High" }, "geometry": { "type": "MultiPolygon", "coordinates": [ [ [ [ -116.2795, 44.9706 ], [ -116.2765, 44.9696 ], [ -116.2808, 44.9696 ], [ -116.2795, 44.9706 ] ] ], [ [ [ -116.3522, 45.2678 ], [ -116.3519, 45.1955 ], [ -116.3315, 45.1955 ], [ -116.3316, 45.0856 ], [ -116.3624, 45.071 ], [ -116.3625, 45.0201 ], [ -116.4542, 45.02 ], [ -116.4541, 44.991 ], [ -116.4745, 44.9911 ], [ -116.4745, 44.9766 ], [ -116.4132, 44.9764 ], [ -116.4132, 44.9619 ], [ -116.4336, 44.962 ], [ -116.4335, 44.9329 ], [ -116.3833, 44.9264 ], [ -116.3933, 44.8965 ], [ -116.3783, 44.8483 ], [ -116.3924, 44.84 ], [ -116.3925, 44.8606 ], [ -116.4332, 44.8461 ], [ -116.4332, 44.8607 ], [ -116.4945, 44.8607 ], [ -116.4945, 44.8752 ], [ -116.529, 44.8896 ], [ -116.516, 44.901 ], [ -116.5544, 44.9247 ], [ -116.551, 44.9517 ], [ -116.5747, 44.981 ], [ -116.5048, 45.107 ], [ -116.5258, 45.1459 ], [ -116.5581, 45.1538 ], [ -116.5259, 45.2101 ], [ -116.5319, 45.2679 ], [ -116.3522, 45.2678 ] ] ], [ [ [ -116.2702, 45.369 ], [ -116.0415, 45.3702 ], [ -116.0447, 45.2545 ], [ -116.0915, 45.1559 ], [ -116.1218, 45.1586 ], [ -116.1368, 45.1378 ], [ -116.1325, 45.0412 ], [ -116.1644, 45.0009 ], [ -116.165, 44.934 ], [ -116.2093, 44.9339 ], [ -116.2094, 44.9775 ], [ -116.2297, 44.9774 ], [ -116.2296, 45.05 ], [ -116.2702, 45.05 ], [ -116.2702, 45.369 ] ] ] ] } },
{ "type": "Feature", "properties": { "district_id": "041204", "forest": "Payette National Forest", "name": "McCall Ranger District", "acres": 557059.48, "enhanced_count": 15, "total_species": 29, "enhanced_rate": 0.5172, "specialist_count": 0, "harvest_count": 631, "harvest_ha": 58057.7015, "mgmt_intensity": "High" }, "geometry": { "type": "MultiPolygon", "coordinates": [ [ [ [ -116.1031, 44.8904 ], [ -116.1048, 44.8941 ], [ -116.1031, 44.8941 ], [ -116.1031, 44.8904 ] ] ], [ [ [ -116.1084, 44.9102 ], [ -116.1059, 44.9059 ], [ -116.1085, 44.9054 ], [ -116.1084, 44.9102 ] ] ], [ [ [ -116.1658, 44.9267 ], [ -116.1556, 44.9303 ], [ -116.1557, 44.9267 ], [ -116.1658, 44.9267 ] ] ], [ [ [ -115.8052, 45.4678 ], [ -115.754, 45.4447 ], [ -115.6674, 45.4344 ], [ -115.6132, 45.397 ], [ -115.5105, 45.3757 ], [ -115.4719, 45.4072 ], [ -115.4602, 45.3474 ], [ -115.4084, 45.3199 ], [ -115.378, 45.2735 ], [ -115.3769, 45.2417 ], [ -115.3953, 45.1785 ], [ -115.4241, 45.1674 ], [ -115.4177, 45.1398 ], [ -115.4686, 45.067 ], [ -115.5273, 45.0523 ], [ -115.5732, 45.0683 ], [ -115.5856, 45.0874 ], [ -115.6926, 45.1206 ], [ -115.7343, 45.171 ], [ -115.7651, 45.1513 ], [ -115.8336, 45.1504 ], [ -115.891, 45.0777 ], [ -115.9607, 45.0696 ], [ -115.9512, 45.0568 ], [ -115.9666, 45.0414 ], [ -115.9225, 45.0348 ], [ -115.8995, 45.0124 ], [ -115.8631, 44.9189 ], [ -115.9023, 44.8542 ], [ -115.8436, 44.8503 ], [ -115.7936, 44.7993 ], [ -115.8222, 44.773 ], [ -115.8247, 44.744 ], [ -115.8791, 44.7436 ], [ -115.9, 44.7304 ], [ -115.9056, 44.704 ], [ -115.9055, 44.7456 ], [ -115.9258, 44.7456 ], [ -115.9258, 44.7602 ], [ -115.9055, 44.7602 ], [ -115.9054, 44.7748 ], [ -115.9869, 44.7745 ], [ -115.9868, 44.789 ], [ -115.9462, 44.789 ], [ -115.9665, 44.8178 ], [ -115.9968, 44.8179 ], [ -115.984, 44.8903 ], [ -115.9638, 44.8902 ], [ -115.9637, 44.9263 ], [ -116.0244, 44.9337 ], [ -116.0246, 44.9559 ], [ -116.0449, 44.9559 ], [ -116.0449, 44.992 ], [ -116.0245, 44.9919 ], [ -116.0346, 45.0641 ], [ -116.0652, 45.064 ], [ -116.0652, 45.0279 ], [ -116.1061, 45.0208 ], [ -116.1065, 44.992 ], [ -116.1267, 44.992 ], [ -116.1268, 44.934 ], [ -116.165, 44.934 ], [ -116.1673, 44.9873 ], [ -116.1325, 45.0412 ], [ -116.1368, 45.1378 ], [ -116.1218, 45.1586 ], [ -116.0915, 45.1559 ], [ -116.0451, 45.2531 ], [ -116.0497, 45.3473 ], [ -116.0415, 45.3702 ], [ -116.0233, 45.3703 ], [ -116.0232, 45.4265 ], [ -115.9289, 45.46 ], [ -115.8052, 45.4678 ] ], [ [ -115.8186, 45.4426 ], [ -115.8997, 45.4425 ], [ -115.8997, 45.3701 ], [ -115.8185, 45.3702 ], [ -115.8186, 45.4426 ] ] ] ] } },
{ "type": "Feature", "properties": { "district_id": "041206", "forest": "Payette National Forest", "name": "Krassel Ranger District", "acres": 1065741.905, "enhanced_count": 12, "total_species": 27, "enhanced_rate": 0.4444, "specialist_count": 0, "harvest_count": 82, "harvest_ha": 8597.2787, "mgmt_intensity": "Medium" }, "geometry": { "type": "Polygon", "coordinates": [ [ [ -115.194, 45.5669 ], [ -115.0641, 45.51 ], [ -114.9819, 45.4928 ], [ -114.8744, 45.4188 ], [ -114.8029, 45.3938 ], [ -114.8063, 45.3264 ], [ -114.7895, 45.2961 ], [ -114.7963, 45.2771 ], [ -114.8235, 45.2792 ], [ -114.848, 45.2541 ], [ -114.8483, 45.2248 ], [ -114.8243, 45.2059 ], [ -114.8333, 45.1886 ], [ -114.8125, 45.1859 ], [ -114.7199, 45.0885 ], [ -114.7819, 45.0526 ], [ -114.8162, 45.0572 ], [ -114.9061, 44.9935 ], [ -114.9363, 44.9569 ], [ -114.9075, 44.9384 ], [ -114.9109, 44.9088 ], [ -114.8954, 44.8985 ], [ -114.9071, 44.8893 ], [ -115.0045, 44.8995 ], [ -115.0711, 44.8835 ], [ -115.1076, 44.8972 ], [ -115.2128, 44.8716 ], [ -115.2445, 44.893 ], [ -115.278, 44.8684 ], [ -115.3766, 44.8504 ], [ -115.3995, 44.8958 ], [ -115.4244, 44.8939 ], [ -115.4555, 44.9295 ], [ -115.439, 44.9601 ], [ -115.4937, 44.9704 ], [ -115.5887, 44.9476 ], [ -115.5734, 44.8481 ], [ -115.6215, 44.7942 ], [ -115.6095, 44.7715 ], [ -115.6198, 44.7505 ], [ -115.7045, 44.7491 ], [ -115.7261, 44.7751 ], [ -115.7616, 44.7503 ], [ -115.8167, 44.7575 ], [ -115.8222, 44.773 ], [ -115.796, 44.8049 ], [ -115.8183, 44.8114 ], [ -115.8161, 44.8292 ], [ -115.8436, 44.8503 ], [ -115.9023, 44.8542 ], [ -115.8631, 44.9189 ], [ -115.8993, 45.0122 ], [ -115.9225, 45.0348 ], [ -115.9665, 45.0413 ], [ -115.9512, 45.0568 ], [ -115.9609, 45.0694 ], [ -115.891, 45.0777 ], [ -115.8336, 45.1504 ], [ -115.7651, 45.1513 ], [ -115.7343, 45.171 ], [ -115.6926, 45.1206 ], [ -115.5856, 45.0874 ], [ -115.5732, 45.0683 ], [ -115.5273, 45.0523 ], [ -115.4678, 45.0672 ], [ -115.4176, 45.14 ], [ -115.4241, 45.1674 ], [ -115.3953, 45.1785 ], [ -115.3768, 45.2421 ], [ -115.378, 45.2735 ], [ -115.4084, 45.3199 ], [ -115.4602, 45.3474 ], [ -115.4585, 45.3797 ], [ -115.4788, 45.4085 ], [ -115.4248, 45.4593 ], [ -115.3355, 45.4854 ], [ -115.2957, 45.5355 ], [ -115.194, 45.5669 ] ] ] } },
{ "type": "Feature", "properties": { "district_id": "041301", "forest": "Salmon-Challis National Forest", "name": "Salmon-Cobalt Ranger District", "acres": 642330.502, "enhanced_count": 20, "total_species": 26, "enhanced_rate": 0.7692, "specialist_count": 0, "harvest_count": 2302, "harvest_ha": 344982.8185, "mgmt_intensity": "High" }, "geometry": { "type": "MultiPolygon", "coordinates": [ [ [ [ -113.8475, 45.0847 ], [ -113.8586, 45.04 ], [ -113.7977, 44.9054 ], [ -113.8652, 44.8522 ], [ -113.8738, 44.7894 ], [ -113.9724, 44.8046 ], [ -113.9724, 44.8268 ], [ -113.924, 44.8534 ], [ -113.9342, 44.8751 ], [ -113.9139, 44.875 ], [ -113.9139, 44.8896 ], [ -113.9444, 44.8969 ], [ -113.9344, 44.94 ], [ -113.9141, 44.9401 ], [ -113.9124, 45.0198 ], [ -113.8732, 45.0198 ], [ -113.8936, 45.027 ], [ -113.8937, 45.0559 ], [ -113.8732, 45.056 ], [ -113.8727, 45.0839 ], [ -113.8475, 45.0847 ] ] ], [ [ [ -113.9961, 45.4046 ], [ -113.9669, 45.3891 ], [ -113.9657, 45.3617 ], [ -113.9196, 45.3498 ], [ -113.931, 45.338 ], [ -113.9187, 45.3307 ], [ -113.934, 45.3307 ], [ -113.9238, 45.3018 ], [ -113.9341, 45.2729 ], [ -113.9136, 45.2729 ], [ -113.9136, 45.2587 ], [ -113.924, 45.2587 ], [ -113.9241, 45.2153 ], [ -113.9446, 45.2008 ], [ -113.9336, 45.1785 ], [ -113.9536, 45.1784 ], [ -113.9436, 45.1568 ], [ -113.9536, 45.0991 ], [ -113.9748, 45.0991 ], [ -113.975, 45.0116 ], [ -113.9955, 45.0116 ], [ -113.9955, 44.9692 ], [ -114.0158, 44.9692 ], [ -114.0157, 44.9257 ], [ -114.0562, 44.9258 ], [ -114.0563, 44.8389 ], [ -114.1141, 44.8267 ], [ -114.1141, 44.8033 ], [ -114.1446, 44.8025 ], [ -114.1524, 44.7463 ], [ -114.2135, 44.7448 ], [ -114.1896, 44.8249 ], [ -114.1956, 44.8607 ], [ -114.2214, 44.8791 ], [ -114.2776, 44.8237 ], [ -114.3442, 44.7939 ], [ -114.3624, 44.7507 ], [ -114.4097, 44.7329 ], [ -114.4609, 44.7448 ], [ -114.4959, 44.7343 ], [ -114.4726, 44.7951 ], [ -114.5104, 44.7901 ], [ -114.5184, 44.8118 ], [ -114.5615, 44.8384 ], [ -114.5406, 44.8592 ], [ -114.589, 44.8861 ], [ -114.5466, 44.9267 ], [ -114.6589, 44.9663 ], [ -114.6039, 44.9689 ], [ -114.5872, 44.9481 ], [ -114.5683, 44.9772 ], [ -114.5739, 45.0015 ], [ -114.5456, 45.0282 ], [ -114.5106, 45.0065 ], [ -114.5039, 44.9833 ], [ -114.4517, 45.018 ], [ -114.4498, 45.0395 ], [ -114.4354, 45.035 ], [ -114.4513, 45.0794 ], [ -114.496, 45.0919 ], [ -114.542, 45.0802 ], [ -114.547, 45.0592 ], [ -114.577, 45.0479 ], [ -114.5437, 45.0741 ], [ -114.5571, 45.0838 ], [ -114.5435, 45.1022 ], [ -114.4902, 45.0959 ], [ -114.4482, 45.1241 ], [ -114.4314, 45.1603 ], [ -114.4735, 45.1787 ], [ -114.4088, 45.1974 ], [ -114.3744, 45.2257 ], [ -114.3537, 45.2909 ], [ -114.407, 45.3133 ], [ -114.3651, 45.313 ], [ -114.3118, 45.3393 ], [ -114.2934, 45.3152 ], [ -114.2076, 45.3002 ], [ -114.1687, 45.2743 ], [ -114.14, 45.3012 ], [ -114.2138, 45.3535 ], [ -114.1354, 45.3701 ], [ -114.0997, 45.3419 ], [ -114.0552, 45.3567 ], [ -114.0201, 45.3474 ], [ -114.0066, 45.3525 ], [ -113.9961, 45.4046 ] ] ], [ [ [ -113.8966, 45.1722 ], [ -113.8973, 45.1728 ], [ -113.8963, 45.1726 ], [ -113.8966, 45.1722 ] ] ], [ [ [ -113.8948, 45.1729 ], [ -113.895, 45.1734 ], [ -113.8946, 45.1732 ], [ -113.8948, 45.1729 ] ] ], [ [ [ -113.91, 45.179 ], [ -113.9095, 45.1792 ], [ -113.9095, 45.179 ], [ -113.91, 45.179 ] ] ] ] } },
{ "type": "Feature", "properties": { "district_id": "041302", "forest": "Salmon-Challis National Forest", "name": "Challis-Yankee Fork Ranger District", "acres": 802941.293, "enhanced_count": 12, "total_species": 20, "enhanced_rate": 0.6, "specialist_count": 0, "harvest_count": 169, "harvest_ha": 41932.2696, "mgmt_intensity": "High" }, "geometry": { "type": "MultiPolygon", "coordinates": [ [ [ [ -114.3478, 44.1018 ], [ -114.2319, 44.0877 ], [ -114.2319, 44.1022 ], [ -114.2119, 44.1022 ], [ -114.2119, 44.0587 ], [ -114.109, 44.0576 ], [ -114.1479, 44.0472 ], [ -114.201, 43.981 ], [ -114.2265, 43.9867 ], [ -114.2536, 43.9604 ], [ -114.3051, 43.9455 ], [ -114.3446, 43.9718 ], [ -114.3674, 43.9427 ], [ -114.3901, 43.9401 ], [ -114.4591, 44.0159 ], [ -114.4529, 44.0726 ], [ -114.4328, 44.0945 ], [ -114.3927, 44.1018 ], [ -114.3927, 44.1163 ], [ -114.3529, 44.1163 ], [ -114.3478, 44.1018 ] ] ], [ [ [ -114.3124, 44.2178 ], [ -114.3327, 44.1742 ], [ -114.3528, 44.1742 ], [ -114.4128, 44.2032 ], [ -114.393, 44.2322 ], [ -114.3124, 44.2178 ] ] ], [ [ [ -114.4839, 44.2538 ], [ -114.4921, 44.2601 ], [ -114.4839, 44.2578 ], [ -114.4839, 44.2538 ] ] ], [ [ [ -114.0318, 44.5804 ], [ -114.012, 44.4933 ], [ -113.9716, 44.4932 ], [ -113.9715, 44.4787 ], [ -113.9513, 44.4786 ], [ -113.9512, 44.4497 ], [ -113.8306, 44.4207 ], [ -113.8327, 44.3339 ], [ -113.8125, 44.3339 ], [ -113.8125, 44.3048 ], [ -113.7318, 44.3048 ], [ -113.7118, 44.2468 ], [ -113.732, 44.2469 ], [ -113.7332, 44.19 ], [ -113.6727, 44.1755 ], [ -113.6728, 44.1466 ], [ -113.6075, 44.1319 ], [ -113.6396, 44.1118 ], [ -113.6636, 44.0671 ], [ -113.717, 44.0665 ], [ -113.7731, 44.0898 ], [ -113.7859, 44.1292 ], [ -113.7706, 44.1503 ], [ -113.813, 44.1777 ], [ -113.8179, 44.2169 ], [ -113.871, 44.2511 ], [ -113.9074, 44.2737 ], [ -113.9511, 44.2467 ], [ -113.9511, 44.2757 ], [ -113.9712, 44.2757 ], [ -113.9712, 44.3046 ], [ -114.0115, 44.3264 ], [ -114.0115, 44.3481 ], [ -114.0312, 44.3627 ], [ -114.0311, 44.4061 ], [ -114.0512, 44.4061 ], [ -114.0512, 44.435 ], [ -114.0716, 44.435 ], [ -114.0716, 44.464 ], [ -114.0919, 44.464 ], [ -114.092, 44.5075 ], [ -114.1122, 44.5075 ], [ -114.1123, 44.5364 ], [ -114.1325, 44.5364 ], [ -114.1339, 44.6095 ], [ -114.0529, 44.6094 ], [ -114.0529, 44.5804 ], [ -114.0318, 44.5804 ] ] ], [ [ [ -114.2183, 44.507 ], [ -114.2234, 44.5036 ], [ -114.2234, 44.507 ], [ -114.2183, 44.507 ] ] ], [ [ [ -114.2153, 44.5175 ], [ -114.2145, 44.5179 ], [ -114.2145, 44.5175 ], [ -114.2153, 44.5175 ] ] ], [ [ [ -114.2236, 44.8778 ], [ -114.1956, 44.8607 ], [ -114.1896, 44.8249 ], [ -114.2173, 44.7479 ], [ -114.1727, 44.7456 ], [ -114.1727, 44.71 ], [ -114.1829, 44.6883 ], [ -114.2337, 44.6883 ], [ -114.244, 44.7101 ], [ -114.2944, 44.7173 ], [ -114.2943, 44.6884 ], [ -114.2739, 44.6666 ], [ -114.2942, 44.6667 ], [ -114.2942, 44.6079 ], [ -114.3147, 44.5789 ], [ -114.3349, 44.5789 ], [ -114.335, 44.464 ], [ -114.3147, 44.4641 ], [ -114.3148, 44.4061 ], [ -114.3333, 44.406 ], [ -114.3331, 44.3192 ], [ -114.5916, 44.319 ], [ -114.5733, 44.2927 ], [ -114.5216, 44.2822 ], [ -114.5156, 44.254 ], [ -114.6567, 44.2531 ], [ -114.7361, 44.2745 ], [ -114.8495, 44.2706 ], [ -114.8736, 44.2501 ], [ -114.9199, 44.2433 ], [ -114.9405, 44.2524 ], [ -114.926, 44.3093 ], [ -114.9723, 44.2968 ], [ -114.9715, 44.3125 ], [ -114.9995, 44.3321 ], [ -115.0638, 44.3458 ], [ -115.0654, 44.3719 ], [ -115.0267, 44.4041 ], [ -114.9344, 44.3949 ], [ -114.9263, 44.416 ], [ -114.8883, 44.4103 ], [ -114.8689, 44.427 ], [ -114.8668, 44.4581 ], [ -114.827, 44.4584 ], [ -114.8028, 44.4837 ], [ -114.7215, 44.4608 ], [ -114.7185, 44.4757 ], [ -114.6514, 44.4849 ], [ -114.5945, 44.5275 ], [ -114.5303, 44.5453 ], [ -114.4508, 44.6126 ], [ -114.4352, 44.6513 ], [ -114.3868, 44.671 ], [ -114.3731, 44.7095 ], [ -114.4055, 44.7183 ], [ -114.4041, 44.7395 ], [ -114.3606, 44.752 ], [ -114.3442, 44.7939 ], [ -114.2776, 44.8237 ], [ -114.2236, 44.8778 ] ] ], [ [ [ -113.9659, 44.803 ], [ -113.8582, 44.7769 ], [ -113.8209, 44.7127 ], [ -113.8346, 44.7011 ], [ -113.8144, 44.6637 ], [ -113.786, 44.6788 ], [ -113.6726, 44.6556 ], [ -113.6662, 44.6377 ], [ -113.6481, 44.6445 ], [ -113.6247, 44.6273 ], [ -113.6024, 44.5595 ], [ -113.5717, 44.5492 ], [ -113.5435, 44.5651 ], [ -113.5363, 44.5429 ], [ -113.5096, 44.5434 ], [ -113.5198, 44.522 ], [ -113.5404, 44.5182 ], [ -113.5502, 44.4796 ], [ -113.528, 44.4611 ], [ -113.4965, 44.4607 ], [ -113.4576, 44.4222 ], [ -113.4644, 44.3933 ], [ -113.4864, 44.3785 ], [ -113.4528, 44.3578 ], [ -113.4622, 44.3381 ], [ -113.5172, 44.3406 ], [ -113.5172, 44.3623 ], [ -113.5917, 44.3769 ], [ -113.5879, 44.4205 ], [ -113.6081, 44.4205 ], [ -113.608, 44.464 ], [ -113.6483, 44.4784 ], [ -113.6585, 44.522 ], [ -113.7593, 44.5513 ], [ -113.7694, 44.5947 ], [ -113.8096, 44.5948 ], [ -113.8502, 44.6383 ], [ -113.891, 44.6384 ], [ -113.8833, 44.6818 ], [ -113.9721, 44.6819 ], [ -113.9659, 44.803 ] ] ] ] } },
{ "type": "Feature", "properties": { "district_id": "041304", "forest": "Salmon-Challis National Forest", "name": "Lost River Ranger District", "acres": 814853.019, "enhanced_count": 5, "total_species": 20, "enhanced_rate": 0.25, "specialist_count": 0, "harvest_count": 153, "harvest_ha": 18293.6221, "mgmt_intensity": "Medium" }, "geometry": { "type": "MultiPolygon", "coordinates": [ [ [ [ -114.0307, 44.0588 ], [ -114.0306, 44.0156 ], [ -114.0507, 44.0156 ], [ -114.0507, 44.0012 ], [ -114.1311, 43.9866 ], [ -114.1311, 44.0011 ], [ -114.1507, 44.0011 ], [ -114.1507, 43.9287 ], [ -114.1109, 43.9287 ], [ -114.0709, 43.9722 ], [ -113.909, 43.9727 ], [ -113.909, 43.9585 ], [ -113.8235, 43.9439 ], [ -113.8235, 43.9294 ], [ -113.6623, 43.9309 ], [ -113.6623, 43.8712 ], [ -113.6222, 43.8711 ], [ -113.6223, 43.8277 ], [ -113.5377, 43.8275 ], [ -113.5364, 43.7692 ], [ -113.655, 43.7545 ], [ -113.6545, 43.6387 ], [ -113.6253, 43.6244 ], [ -113.6252, 43.5815 ], [ -113.8134, 43.5705 ], [ -113.8149, 43.6019 ], [ -113.836, 43.605 ], [ -113.8626, 43.6452 ], [ -113.9052, 43.6495 ], [ -113.9114, 43.6715 ], [ -113.9742, 43.7078 ], [ -114.0042, 43.765 ], [ -114.0298, 43.7734 ], [ -114.0665, 43.736 ], [ -114.1069, 43.7365 ], [ -114.1417, 43.774 ], [ -114.2758, 43.8311 ], [ -114.2844, 43.8834 ], [ -114.3433, 43.8904 ], [ -114.3589, 43.8741 ], [ -114.4162, 43.907 ], [ -114.3446, 43.9718 ], [ -114.3051, 43.9455 ], [ -114.2536, 43.9604 ], [ -114.2265, 43.9867 ], [ -114.201, 43.981 ], [ -114.1472, 44.0477 ], [ -114.109, 44.0587 ], [ -114.0307, 44.0588 ] ] ], [ [ [ -113.6165, 43.9161 ], [ -113.6166, 43.9171 ], [ -113.6158, 43.9166 ], [ -113.6165, 43.9161 ] ] ], [ [ [ -113.6145, 43.9184 ], [ -113.6156, 43.9169 ], [ -113.6159, 43.9172 ], [ -113.6145, 43.9184 ] ] ], [ [ [ -113.9074, 44.2737 ], [ -113.8175, 44.2165 ], [ -113.813, 44.1777 ], [ -113.7706, 44.1503 ], [ -113.7859, 44.1292 ], [ -113.7735, 44.0904 ], [ -113.717, 44.0665 ], [ -113.6646, 44.0667 ], [ -113.6368, 44.1147 ], [ -113.5721, 44.1318 ], [ -113.5721, 44.1173 ], [ -113.5168, 44.1173 ], [ -113.4966, 44.0884 ], [ -113.4564, 44.0884 ], [ -113.4563, 44.0594 ], [ -113.3364, 44.0738 ], [ -113.3364, 44.0593 ], [ -113.2961, 44.0463 ], [ -113.2963, 44.0305 ], [ -113.2761, 44.0305 ], [ -113.2762, 43.987 ], [ -113.2559, 43.9869 ], [ -113.255, 43.8997 ], [ -113.2348, 43.8997 ], [ -113.233, 43.8779 ], [ -113.1929, 43.8778 ], [ -113.2029, 43.8127 ], [ -113.0932, 43.813 ], [ -113.097, 43.783 ], [ -113.077, 43.7831 ], [ -113.0768, 43.7396 ], [ -113.0569, 43.7396 ], [ -113.0568, 43.7106 ], [ -113.0759, 43.7106 ], [ -113.0761, 43.6671 ], [ -113.1161, 43.6671 ], [ -113.1359, 43.7106 ], [ -113.1567, 43.7105 ], [ -113.1773, 43.7394 ], [ -113.2772, 43.7395 ], [ -113.2772, 43.754 ], [ -113.3061, 43.7541 ], [ -113.3154, 43.813 ], [ -113.3861, 43.8868 ], [ -113.3866, 43.9303 ], [ -113.5399, 43.9311 ], [ -113.5399, 43.9461 ], [ -113.64, 43.9737 ], [ -113.6624, 44.0099 ], [ -113.7847, 44.039 ], [ -113.7877, 44.0744 ], [ -113.828, 44.0888 ], [ -113.828, 44.1322 ], [ -113.8728, 44.1467 ], [ -113.8728, 44.2046 ], [ -113.9108, 44.2119 ], [ -113.9108, 44.2467 ], [ -113.951, 44.2467 ], [ -113.9074, 44.2737 ] ] ], [ [ [ -113.3927, 44.4846 ], [ -113.2699, 44.3688 ], [ -113.2762, 44.3434 ], [ -113.25, 44.3315 ], [ -113.2526, 44.306 ], [ -113.2296, 44.2961 ], [ -113.2227, 44.2628 ], [ -113.1462, 44.2174 ], [ -113.1288, 44.167 ], [ -113.0828, 44.1414 ], [ -113.0674, 44.0626 ], [ -113.0448, 44.0641 ], [ -113.0205, 44.03 ], [ -112.9886, 44.0299 ], [ -112.9922, 44.0169 ], [ -112.9723, 44.0129 ], [ -112.9544, 43.9373 ], [ -112.9238, 43.9067 ], [ -112.9343, 43.8781 ], [ -113.0141, 43.886 ], [ -113.0141, 43.9077 ], [ -113.0341, 43.9149 ], [ -113.0344, 43.9799 ], [ -113.0545, 43.9799 ], [ -113.0545, 44.0016 ], [ -113.0746, 44.0016 ], [ -113.0746, 44.0161 ], [ -113.1348, 44.0305 ], [ -113.1461, 44.0958 ], [ -113.1754, 44.0958 ], [ -113.1755, 44.1174 ], [ -113.1957, 44.1174 ], [ -113.2059, 44.1897 ], [ -113.236, 44.197 ], [ -113.2362, 44.2333 ], [ -113.2764, 44.2334 ], [ -113.2865, 44.2623 ], [ -113.3167, 44.2768 ], [ -113.3166, 44.3057 ], [ -113.3368, 44.3057 ], [ -113.3368, 44.3204 ], [ -113.4667, 44.313 ], [ -113.497, 44.3261 ], [ -113.4982, 44.3408 ], [ -113.4622, 44.3381 ], [ -113.4526, 44.3572 ], [ -113.4864, 44.3781 ], [ -113.4585, 44.4112 ], [ -113.4776, 44.4482 ], [ -113.3927, 44.4846 ] ] ] ] } },
{ "type": "Feature", "properties": { "district_id": "041306", "forest": "Salmon-Challis National Forest", "name": "Middle Fork Ranger District", "acres": 1031510.501, "enhanced_count": 5, "total_species": 21, "enhanced_rate": 0.2381, "specialist_count": 0, "harvest_count": 31, "harvest_ha": 8623.1781, "mgmt_intensity": "Medium" }, "geometry": { "type": "Polygon", "coordinates": [ [ [ -114.7152, 45.0874 ], [ -114.7278, 44.9153 ], [ -114.718, 44.8903 ], [ -114.5715, 44.8786 ], [ -114.5406, 44.8592 ], [ -114.5613, 44.8379 ], [ -114.5184, 44.8118 ], [ -114.5104, 44.7901 ], [ -114.4726, 44.7951 ], [ -114.4959, 44.7343 ], [ -114.4609, 44.7448 ], [ -114.3731, 44.7095 ], [ -114.389, 44.6681 ], [ -114.4352, 44.6513 ], [ -114.4508, 44.6126 ], [ -114.53, 44.5455 ], [ -114.5945, 44.5275 ], [ -114.6514, 44.4849 ], [ -114.7185, 44.4757 ], [ -114.7215, 44.4608 ], [ -114.8028, 44.4837 ], [ -114.827, 44.4584 ], [ -114.8668, 44.4581 ], [ -114.8689, 44.427 ], [ -114.8883, 44.4103 ], [ -114.9263, 44.416 ], [ -114.9344, 44.3949 ], [ -115.0267, 44.4041 ], [ -115.0654, 44.3719 ], [ -115.0682, 44.3352 ], [ -115.1208, 44.3262 ], [ -115.2013, 44.2824 ], [ -115.2135, 44.3048 ], [ -115.2946, 44.3382 ], [ -115.2464, 44.3878 ], [ -115.2509, 44.4375 ], [ -115.3325, 44.4314 ], [ -115.3772, 44.4096 ], [ -115.3903, 44.4496 ], [ -115.3811, 44.4626 ], [ -115.4983, 44.4237 ], [ -115.5489, 44.4674 ], [ -115.5236, 44.5032 ], [ -115.4903, 44.5108 ], [ -115.5068, 44.5518 ], [ -115.4694, 44.5777 ], [ -115.4792, 44.5951 ], [ -115.4053, 44.6158 ], [ -115.4182, 44.6365 ], [ -115.4459, 44.6381 ], [ -115.4495, 44.6601 ], [ -115.4136, 44.7164 ], [ -115.4344, 44.7691 ], [ -115.3896, 44.776 ], [ -115.3741, 44.8527 ], [ -115.278, 44.8684 ], [ -115.2445, 44.893 ], [ -115.2128, 44.8716 ], [ -115.1076, 44.8972 ], [ -115.0711, 44.8835 ], [ -115.0045, 44.8995 ], [ -114.9071, 44.8893 ], [ -114.8954, 44.8985 ], [ -114.9109, 44.9088 ], [ -114.9075, 44.9384 ], [ -114.9363, 44.9569 ], [ -114.9061, 44.9935 ], [ -114.8162, 45.0572 ], [ -114.7819, 45.0526 ], [ -114.7152, 45.0874 ] ] ] } },
{ "type": "Feature", "properties": { "district_id": "041307", "forest": "Salmon-Challis National Forest", "name": "North Fork Ranger District", "acres": 775707.852, "enhanced_count": 25, "total_species": 41, "enhanced_rate": 0.6098, "specialist_count": 0, "harvest_count": 3425, "harvest_ha": 334294.1774, "mgmt_intensity": "High" }, "geometry": { "type": "MultiPolygon", "coordinates": [ [ [ [ -114.5276, 45.5708 ], [ -114.4982, 45.5554 ], [ -114.4561, 45.5622 ], [ -114.4639, 45.545 ], [ -114.4302, 45.529 ], [ -114.4257, 45.5107 ], [ -114.3678, 45.4921 ], [ -114.33, 45.4597 ], [ -114.2698, 45.4846 ], [ -114.2484, 45.5458 ], [ -114.1936, 45.5364 ], [ -114.086, 45.5915 ], [ -114.0667, 45.6282 ], [ -114.0153, 45.6528 ], [ -114.0282, 45.6752 ], [ -114.0156, 45.6958 ], [ -113.9885, 45.706 ], [ -113.9648, 45.69 ], [ -113.9378, 45.6957 ], [ -113.9199, 45.658 ], [ -113.8953, 45.6438 ], [ -113.9049, 45.622 ], [ -113.8617, 45.6238 ], [ -113.8068, 45.6021 ], [ -113.7967, 45.5816 ], [ -113.8216, 45.5659 ], [ -113.8348, 45.5207 ], [ -113.7661, 45.5207 ], [ -113.76, 45.4806 ], [ -113.7844, 45.455 ], [ -113.7598, 45.4272 ], [ -113.7762, 45.4082 ], [ -113.7344, 45.3923 ], [ -113.7387, 45.3294 ], [ -113.6792, 45.2759 ], [ -113.692, 45.2725 ], [ -113.6871, 45.2578 ], [ -113.7093, 45.2578 ], [ -113.7505, 45.3011 ], [ -113.7914, 45.3009 ], [ -113.8117, 45.3302 ], [ -113.8418, 45.3306 ], [ -113.852, 45.3666 ], [ -113.9339, 45.3739 ], [ -113.934, 45.3594 ], [ -113.9477, 45.3594 ], [ -113.9434, 45.363 ], [ -113.9442, 45.381 ], [ -113.9942, 45.4047 ], [ -114.0066, 45.3525 ], [ -114.0201, 45.3474 ], [ -114.0552, 45.3567 ], [ -114.0997, 45.3419 ], [ -114.1354, 45.3701 ], [ -114.2138, 45.3535 ], [ -114.14, 45.3012 ], [ -114.1687, 45.2743 ], [ -114.2076, 45.3002 ], [ -114.2934, 45.3152 ], [ -114.3118, 45.3393 ], [ -114.3651, 45.313 ], [ -114.407, 45.3133 ], [ -114.3537, 45.2909 ], [ -114.3744, 45.2257 ], [ -114.4088, 45.1974 ], [ -114.4735, 45.1787 ], [ -114.4314, 45.1603 ], [ -114.4482, 45.1241 ], [ -114.4902, 45.0959 ], [ -114.5435, 45.1022 ], [ -114.5571, 45.0838 ], [ -114.5437, 45.0741 ], [ -114.577, 45.0479 ], [ -114.547, 45.0592 ], [ -114.542, 45.0802 ], [ -114.496, 45.0919 ], [ -114.4513, 45.0794 ], [ -114.4354, 45.035 ], [ -114.4498, 45.0395 ], [ -114.4517, 45.018 ], [ -114.5039, 44.9833 ], [ -114.5106, 45.0065 ], [ -114.5456, 45.0282 ], [ -114.5739, 45.0015 ], [ -114.5683, 44.9772 ], [ -114.5872, 44.9481 ], [ -114.6039, 44.9689 ], [ -114.6581, 44.9675 ], [ -114.6396, 44.9492 ], [ -114.5466, 44.9267 ], [ -114.589, 44.8861 ], [ -114.7176, 44.8899 ], [ -114.7278, 44.9153 ], [ -114.7152, 45.0886 ], [ -114.747, 45.1047 ], [ -114.8125, 45.1859 ], [ -114.8333, 45.1886 ], [ -114.8243, 45.2059 ], [ -114.8483, 45.2249 ], [ -114.848, 45.2541 ], [ -114.8235, 45.2792 ], [ -114.7963, 45.2771 ], [ -114.7895, 45.2961 ], [ -114.8063, 45.3264 ], [ -114.8042, 45.3925 ], [ -114.7351, 45.3954 ], [ -114.7693, 45.4345 ], [ -114.7935, 45.4366 ], [ -114.798, 45.4969 ], [ -114.7742, 45.5136 ], [ -114.6641, 45.471 ], [ -114.6314, 45.5195 ], [ -114.5276, 45.5708 ] ] ] ] } },
{ "type": "Feature", "properties": { "district_id": "041308", "forest": "Salmon-Challis National Forest", "name": "Leadore Ranger District", "acres": 329021.442, "enhanced_count": 12, "total_species": 24, "enhanced_rate": 0.5, "specialist_count": 0, "harvest_count": 549, "harvest_ha": 53284.6452, "mgmt_intensity": "Medium" }, "geometry": { "type": "MultiPolygon", "coordinates": [ [ [ [ -113.6677, 45.247 ], [ -113.5919, 45.1845 ], [ -113.5907, 45.1559 ], [ -113.5657, 45.1496 ], [ -113.5699, 45.1239 ], [ -113.5114, 45.1162 ], [ -113.5222, 45.0914 ], [ -113.452, 45.0591 ], [ -113.4379, 45.0077 ], [ -113.4477, 44.968 ], [ -113.486, 44.9682 ], [ -113.4757, 44.9979 ], [ -113.5675, 45.0052 ], [ -113.5676, 45.0268 ], [ -113.5472, 45.0413 ], [ -113.5879, 45.0486 ], [ -113.5777, 45.0775 ], [ -113.5881, 45.0991 ], [ -113.6103, 45.0991 ], [ -113.6103, 45.1571 ], [ -113.6512, 45.1716 ], [ -113.6478, 45.2145 ], [ -113.6683, 45.2146 ], [ -113.6677, 45.247 ] ] ], [ [ [ -113.4583, 44.8388 ], [ -113.3777, 44.8352 ], [ -113.3413, 44.7847 ], [ -113.2533, 44.821 ], [ -113.2533, 44.7816 ], [ -113.1321, 44.7732 ], [ -113.1348, 44.7528 ], [ -113.1016, 44.7293 ], [ -113.1026, 44.7059 ], [ -113.0678, 44.6788 ], [ -113.0512, 44.6362 ], [ -113.0883, 44.5997 ], [ -113.0671, 44.579 ], [ -113.1724, 44.6078 ], [ -113.1722, 44.6367 ], [ -113.1926, 44.6367 ], [ -113.1925, 44.6657 ], [ -113.233, 44.6801 ], [ -113.233, 44.709 ], [ -113.3542, 44.7093 ], [ -113.3543, 44.7237 ], [ -113.3949, 44.7237 ], [ -113.3949, 44.7382 ], [ -113.4378, 44.7525 ], [ -113.4379, 44.7817 ], [ -113.4582, 44.7817 ], [ -113.4583, 44.8388 ] ] ], [ [ [ -113.0552, 44.5733 ], [ -113.037, 44.5642 ], [ -113.046, 44.5447 ], [ -113.0055, 44.5199 ], [ -113.0552, 44.5203 ], [ -113.0552, 44.5733 ] ] ], [ [ [ -113.782, 44.8218 ], [ -113.691, 44.7818 ], [ -113.691, 44.7673 ], [ -113.6408, 44.7818 ], [ -113.6409, 44.7601 ], [ -113.6205, 44.7601 ], [ -113.6213, 44.7312 ], [ -113.5958, 44.7347 ], [ -113.6009, 44.7166 ], [ -113.5702, 44.702 ], [ -113.5601, 44.6658 ], [ -113.5296, 44.6508 ], [ -113.4839, 44.6546 ], [ -113.489, 44.6365 ], [ -113.4589, 44.5931 ], [ -113.3647, 44.593 ], [ -113.3546, 44.5638 ], [ -113.3394, 44.5639 ], [ -113.3446, 44.5205 ], [ -113.3042, 44.506 ], [ -113.296, 44.4515 ], [ -113.2374, 44.4227 ], [ -113.2376, 44.3938 ], [ -113.2173, 44.3792 ], [ -113.2733, 44.3695 ], [ -113.3924, 44.4845 ], [ -113.4747, 44.4485 ], [ -113.528, 44.4611 ], [ -113.5496, 44.4777 ], [ -113.5485, 44.5018 ], [ -113.5096, 44.5434 ], [ -113.5363, 44.5429 ], [ -113.5435, 44.5651 ], [ -113.5717, 44.5492 ], [ -113.6041, 44.5607 ], [ -113.6354, 44.6367 ], [ -113.6662, 44.6377 ], [ -113.6726, 44.6556 ], [ -113.7215, 44.6734 ], [ -113.786, 44.6788 ], [ -113.8144, 44.6637 ], [ -113.8346, 44.7011 ], [ -113.8209, 44.7127 ], [ -113.8803, 44.8073 ], [ -113.8618, 44.8221 ], [ -113.865, 44.8513 ], [ -113.792, 44.8518 ], [ -113.782, 44.8218 ] ] ], [ [ [ -113.3631, 44.6803 ], [ -113.3613, 44.6821 ], [ -113.3622, 44.6804 ], [ -113.3631, 44.6803 ] ] ], [ [ [ -113.3339, 44.691 ], [ -113.344, 44.6983 ], [ -113.3337, 44.6982 ], [ -113.3339, 44.691 ] ] ], [ [ [ -113.6363, 44.8642 ], [ -113.6312, 44.8606 ], [ -113.6363, 44.8606 ], [ -113.6363, 44.8642 ] ] ], [ [ [ -113.8118, 45.0668 ], [ -113.8221, 45.0415 ], [ -113.7406, 45.027 ], [ -113.7201, 44.9837 ], [ -113.7505, 44.9691 ], [ -113.8321, 44.9695 ], [ -113.8294, 44.9988 ], [ -113.8589, 45.0409 ], [ -113.8475, 45.0847 ], [ -113.822, 45.085 ], [ -113.8118, 45.0668 ] ] ] ] } },
{ "type": "Feature", "properties": { "district_id": "041401", "forest": "Sawtooth National Forest", "name": "Minidoka Ranger District", "acres": 632636.933, "enhanced_count": 10, "total_species": 20, "enhanced_rate": 0.5, "specialist_count": 0, "harvest_count": 197, "harvest_ha": 7841.4607, "mgmt_intensity": "Medium" }, "geometry": { "type": "MultiPolygon", "coordinates": [ [ [ [ -113.0789, 41.9975 ], [ -113.1574, 41.9968 ], [ -113.1574, 42.0103 ], [ -113.1768, 42.0103 ], [ -113.1767, 42.0393 ], [ -113.1964, 42.0393 ], [ -113.2053, 42.2485 ], [ -113.1375, 42.2416 ], [ -113.1377, 42.2127 ], [ -113.0989, 42.1985 ], [ -113.099, 42.1841 ], [ -113.06, 42.1841 ], [ -113.0599, 42.1556 ], [ -113.0405, 42.1557 ], [ -113.0404, 42.1123 ], [ -113.0209, 42.1123 ], [ -113.0207, 42.027 ], [ -113.0789, 41.9975 ] ] ], [ [ [ -114.05, 41.9976 ], [ -114.34, 41.9945 ], [ -114.3401, 42.085 ], [ -114.3596, 42.085 ], [ -114.3596, 42.1141 ], [ -114.3889, 42.1141 ], [ -114.3988, 42.1868 ], [ -114.4574, 42.2014 ], [ -114.4574, 42.2446 ], [ -114.477, 42.2446 ], [ -114.4766, 42.3314 ], [ -114.05, 42.3305 ], [ -114.0492, 42.3012 ], [ -113.9898, 42.2871 ], [ -113.98, 42.1567 ], [ -113.9916, 42.041 ], [ -114.0499, 42.041 ], [ -114.05, 41.9976 ] ] ], [ [ [ -113.5559, 42.2488 ], [ -113.5552, 42.2482 ], [ -113.5559, 42.2482 ], [ -113.5559, 42.2488 ] ] ], [ [ [ -113.6475, 42.3539 ], [ -113.5704, 42.3648 ], [ -113.5698, 42.3433 ], [ -113.5308, 42.3432 ], [ -113.531, 42.2992 ], [ -113.5504, 42.2984 ], [ -113.5601, 42.27 ], [ -113.6581, 42.2627 ], [ -113.648, 42.234 ], [ -113.5897, 42.2269 ], [ -113.5895, 42.1689 ], [ -113.609, 42.1689 ], [ -113.609, 42.1546 ], [ -113.6682, 42.1552 ], [ -113.6872, 42.1257 ], [ -113.7551, 42.1119 ], [ -113.765, 42.2056 ], [ -113.7262, 42.2054 ], [ -113.7262, 42.2922 ], [ -113.6962, 42.3866 ], [ -113.6669, 42.3864 ], [ -113.6475, 42.3539 ] ] ], [ [ [ -113.5027, 42.2821 ], [ -113.5015, 42.2811 ], [ -113.5027, 42.2811 ], [ -113.5027, 42.2821 ] ] ], [ [ [ -113.3694, 42.3109 ], [ -113.3676, 42.3116 ], [ -113.3675, 42.3109 ], [ -113.3694, 42.3109 ] ] ], [ [ [ -112.9654, 42.4727 ], [ -112.9264, 42.4583 ], [ -112.9266, 42.4141 ], [ -112.9067, 42.4147 ], [ -112.9066, 42.3135 ], [ -112.8871, 42.2917 ], [ -112.8871, 42.2555 ], [ -112.9261, 42.2556 ], [ -112.926, 42.2701 ], [ -113.0206, 42.2706 ], [ -113.0211, 42.3278 ], [ -113.0994, 42.3278 ], [ -113.0995, 42.4581 ], [ -113.0409, 42.4582 ], [ -113.0212, 42.4872 ], [ -112.985, 42.4872 ], [ -112.985, 42.5018 ], [ -112.9653, 42.5018 ], [ -112.9654, 42.4727 ] ] ] ] } },
{ "type": "Feature", "properties": { "district_id": "041403", "forest": "Sawtooth National Forest", "name": "Ketchum Ranger District", "acres": 329683.622, "enhanced_count": 7, "total_species": 13, "enhanced_rate": 0.5385, "specialist_count": 0, "harvest_count": 17, "harvest_ha": 1665.9586, "mgmt_intensity": "High" }, "geometry": { "type": "MultiPolygon", "coordinates": [ [ [ [ -114.3103, 43.5193 ], [ -114.31, 43.5198 ], [ -114.3098, 43.5195 ], [ -114.3103, 43.5193 ] ] ], [ [ [ -114.3589, 43.684 ], [ -114.3594, 43.6849 ], [ -114.3585, 43.6846 ], [ -114.3589, 43.684 ] ] ], [ [ [ -114.3414, 43.8896 ], [ -114.2844, 43.8834 ], [ -114.2758, 43.8311 ], [ -114.1417, 43.774 ], [ -114.1069, 43.7365 ], [ -114.0665, 43.736 ], [ -114.0298, 43.7734 ], [ -114.0042, 43.765 ], [ -113.9742, 43.7078 ], [ -113.9114, 43.6715 ], [ -113.9052, 43.6495 ], [ -113.8626, 43.6452 ], [ -113.836, 43.605 ], [ -113.8134, 43.5995 ], [ -114.2287, 43.5846 ], [ -114.2288, 43.6282 ], [ -114.1876, 43.628 ], [ -114.1877, 43.657 ], [ -114.3067, 43.6577 ], [ -114.3066, 43.7011 ], [ -114.3266, 43.7016 ], [ -114.327, 43.7306 ], [ -114.387, 43.7307 ], [ -114.3864, 43.6294 ], [ -114.4067, 43.6293 ], [ -114.407, 43.5137 ], [ -114.4466, 43.5137 ], [ -114.4668, 43.485 ], [ -114.561, 43.4981 ], [ -114.596, 43.5319 ], [ -114.5866, 43.5589 ], [ -114.6519, 43.5931 ], [ -114.6823, 43.5906 ], [ -114.6612, 43.6554 ], [ -114.6877, 43.6908 ], [ -114.664, 43.7514 ], [ -114.6371, 43.7513 ], [ -114.6109, 43.7745 ], [ -114.5083, 43.7741 ], [ -114.4415, 43.7943 ], [ -114.419, 43.7842 ], [ -114.3446, 43.8372 ], [ -114.3565, 43.8742 ], [ -114.3414, 43.8896 ] ] ], [ [ [ -114.368, 43.6882 ], [ -114.3691, 43.6888 ], [ -114.368, 43.6888 ], [ -114.368, 43.6882 ] ] ] ] } },
{ "type": "Feature", "properties": { "district_id": "041404", "forest": "Sawtooth National Forest", "name": "Sawtooth National Recreation Area", "acres": 812154.393, "enhanced_count": 18, "total_species": 33, "enhanced_rate": 0.5455, "specialist_count": 0, "harvest_count": 235, "harvest_ha": 28073.9924, "mgmt_intensity": "High" }, "geometry": { "type": "Polygon", "coordinates": [ [ [ -115.0568, 44.3473 ], [ -114.9994, 44.332 ], [ -114.9715, 44.3125 ], [ -114.9723, 44.2968 ], [ -114.9258, 44.3092 ], [ -114.9405, 44.2526 ], [ -114.926, 44.2442 ], [ -114.8736, 44.2501 ], [ -114.8486, 44.2708 ], [ -114.7361, 44.2745 ], [ -114.6567, 44.2531 ], [ -114.5345, 44.2595 ], [ -114.5139, 44.2534 ], [ -114.5138, 44.2321 ], [ -114.393, 44.2322 ], [ -114.3931, 44.2177 ], [ -114.4232, 44.2032 ], [ -114.4129, 44.1596 ], [ -114.4529, 44.1162 ], [ -114.473, 44.1162 ], [ -114.473, 44.0727 ], [ -114.4529, 44.0726 ], [ -114.4611, 44.0322 ], [ -114.4495, 43.9983 ], [ -114.3904, 43.9413 ], [ -114.4155, 43.9054 ], [ -114.3497, 43.8691 ], [ -114.3573, 43.8528 ], [ -114.3446, 43.8372 ], [ -114.419, 43.7842 ], [ -114.4415, 43.7943 ], [ -114.5083, 43.7741 ], [ -114.6109, 43.7745 ], [ -114.6371, 43.7513 ], [ -114.6535, 43.7584 ], [ -114.6805, 43.7425 ], [ -114.7163, 43.8153 ], [ -114.7604, 43.7918 ], [ -114.8004, 43.8027 ], [ -114.853, 43.7911 ], [ -114.8501, 43.8177 ], [ -114.9891, 43.8588 ], [ -115.0405, 43.7665 ], [ -115.0572, 43.7837 ], [ -115.0585, 43.8218 ], [ -115.1281, 43.8227 ], [ -115.1479, 43.8488 ], [ -115.1844, 43.8429 ], [ -115.1771, 43.8821 ], [ -115.2028, 43.8953 ], [ -115.1941, 43.9488 ], [ -115.233, 43.9584 ], [ -115.2265, 43.9721 ], [ -115.2569, 44.0001 ], [ -115.2466, 44.0202 ], [ -115.2577, 44.0417 ], [ -115.2206, 44.0739 ], [ -115.2357, 44.0963 ], [ -115.1794, 44.0945 ], [ -115.1678, 44.1412 ], [ -115.1789, 44.162 ], [ -115.1393, 44.18 ], [ -115.1691, 44.2059 ], [ -115.1748, 44.2355 ], [ -115.1565, 44.2466 ], [ -115.1791, 44.2974 ], [ -115.0568, 44.3473 ] ] ] } },
{ "type": "Feature", "properties": { "district_id": "041405", "forest": "Sawtooth National Forest", "name": "Fairfield Ranger District", "acres": 415656.499, "enhanced_count": 9, "total_species": 18, "enhanced_rate": 0.5, "specialist_count": 0, "harvest_count": 116, "harvest_ha": 16415.8158, "mgmt_intensity": "Medium" }, "geometry": { "type": "MultiPolygon", "coordinates": [ [ [ [ -114.7969, 43.3467 ], [ -114.8019, 43.3458 ], [ -114.8019, 43.3467 ], [ -114.7969, 43.3467 ] ] ], [ [ [ -115.0, 43.8516 ], [ -114.8501, 43.8177 ], [ -114.853, 43.7911 ], [ -114.7047, 43.8078 ], [ -114.6907, 43.7512 ], [ -114.6662, 43.739 ], [ -114.6877, 43.6908 ], [ -114.6612, 43.6554 ], [ -114.6823, 43.5906 ], [ -114.6519, 43.5931 ], [ -114.5866, 43.5589 ], [ -114.5957, 43.5313 ], [ -114.561, 43.4981 ], [ -114.5145, 43.4856 ], [ -114.6069, 43.4856 ], [ -114.6069, 43.4566 ], [ -114.7271, 43.4568 ], [ -114.7271, 43.4423 ], [ -114.8268, 43.4572 ], [ -114.8268, 43.4426 ], [ -114.9045, 43.4428 ], [ -114.9045, 43.4717 ], [ -115.0832, 43.4717 ], [ -115.0833, 43.4572 ], [ -114.965, 43.4572 ], [ -114.965, 43.4427 ], [ -114.9841, 43.4429 ], [ -114.9844, 43.4283 ], [ -115.0441, 43.4284 ], [ -115.0442, 43.3849 ], [ -115.1395, 43.3688 ], [ -115.1495, 43.4145 ], [ -115.1824, 43.4297 ], [ -115.1674, 43.4535 ], [ -115.1752, 43.5117 ], [ -115.1529, 43.5588 ], [ -115.1683, 43.5837 ], [ -115.2016, 43.5726 ], [ -115.2293, 43.5893 ], [ -115.2349, 43.6299 ], [ -115.1685, 43.6692 ], [ -115.1649, 43.6977 ], [ -115.0337, 43.7157 ], [ -115.0422, 43.7455 ], [ -115.0265, 43.8063 ], [ -115.0, 43.8516 ] ] ] ] } },
{ "type": "Feature", "properties": { "district_id": "041551", "forest": "Caribou-Targhee National Forest", "name": "Dubois Ranger District", "acres": 458228.555, "enhanced_count": 10, "total_species": 21, "enhanced_rate": 0.4762, "specialist_count": 0, "harvest_count": 368, "harvest_ha": 52756.0381, "mgmt_intensity": "Medium" }, "geometry": { "type": "MultiPolygon", "coordinates": [ [ [ [ -112.9831, 44.4368 ], [ -112.9136, 44.4023 ], [ -112.8896, 44.4059 ], [ -112.8816, 44.3792 ], [ -112.8455, 44.3579 ], [ -112.8121, 44.3771 ], [ -112.8101, 44.3988 ], [ -112.8399, 44.4243 ], [ -112.8275, 44.4425 ], [ -112.7835, 44.4805 ], [ -112.7191, 44.5043 ], [ -112.662, 44.486 ], [ -112.5429, 44.4839 ], [ -112.5005, 44.4626 ], [ -112.4727, 44.4793 ], [ -112.3869, 44.4473 ], [ -112.357, 44.5033 ], [ -112.2996, 44.5033 ], [ -112.2894, 44.4817 ], [ -112.2697, 44.489 ], [ -112.249, 44.4676 ], [ -112.2095, 44.4677 ], [ -112.2096, 44.5403 ], [ -112.1367, 44.5399 ], [ -112.1015, 44.5208 ], [ -112.0688, 44.5372 ], [ -112.0328, 44.5284 ], [ -112.0327, 44.5466 ], [ -111.9778, 44.5357 ], [ -111.9478, 44.557 ], [ -111.8693, 44.5666 ], [ -111.8042, 44.5011 ], [ -111.8038, 44.4817 ], [ -111.8199, 44.4748 ], [ -111.9202, 44.4747 ], [ -111.9202, 44.4457 ], [ -111.9806, 44.4461 ], [ -111.9807, 44.4316 ], [ -111.9605, 44.4315 ], [ -111.9523, 44.3894 ], [ -112.1234, 44.3755 ], [ -112.1437, 44.3971 ], [ -112.1838, 44.3971 ], [ -112.1941, 44.3609 ], [ -112.3946, 44.3629 ], [ -112.3946, 44.404 ], [ -112.5153, 44.404 ], [ -112.5153, 44.461 ], [ -112.6971, 44.4611 ], [ -112.6952, 44.3748 ], [ -112.6549, 44.3748 ], [ -112.6549, 44.3169 ], [ -112.6347, 44.2958 ], [ -112.635, 44.2596 ], [ -112.6958, 44.2596 ], [ -112.6958, 44.2451 ], [ -112.716, 44.245 ], [ -112.716, 44.2169 ], [ -112.6958, 44.2169 ], [ -112.7061, 44.1306 ], [ -112.686, 44.1161 ], [ -112.686, 44.0726 ], [ -112.7363, 44.0726 ], [ -112.7362, 44.0871 ], [ -112.8137, 44.102 ], [ -112.8137, 44.1172 ], [ -112.8339, 44.1174 ], [ -112.8338, 44.1468 ], [ -112.894, 44.1613 ], [ -112.8943, 44.2592 ], [ -112.9144, 44.2737 ], [ -112.9144, 44.3026 ], [ -112.9544, 44.3217 ], [ -112.9645, 44.3506 ], [ -112.9847, 44.3506 ], [ -113.015, 44.4082 ], [ -113.0352, 44.4082 ], [ -113.0352, 44.4373 ], [ -112.9831, 44.4368 ] ] ], [ [ [ -113.2173, 44.3792 ], [ -113.2072, 44.3286 ], [ -113.1767, 44.3214 ], [ -113.1665, 44.2918 ], [ -113.0958, 44.2773 ], [ -113.0959, 44.2629 ], [ -113.0757, 44.2628 ], [ -113.0757, 44.2339 ], [ -113.0356, 44.2195 ], [ -113.0153, 44.1615 ], [ -112.9952, 44.1615 ], [ -112.9952, 44.1248 ], [ -112.955, 44.1247 ], [ -112.9552, 44.0596 ], [ -112.9341, 44.0596 ], [ -112.9342, 44.0013 ], [ -112.9042, 44.0013 ], [ -112.8842, 43.9432 ], [ -112.8943, 43.8853 ], [ -112.9252, 43.8858 ], [ -112.9723, 44.0129 ], [ -112.9926, 44.0175 ], [ -112.9843, 44.0262 ], [ -113.0203, 44.0299 ], [ -113.0448, 44.0641 ], [ -113.0674, 44.0626 ], [ -113.0828, 44.1414 ], [ -113.1288, 44.167 ], [ -113.1462, 44.2174 ], [ -113.194, 44.2363 ], [ -113.1942, 44.2555 ], [ -113.2329, 44.2755 ], [ -113.2296, 44.2961 ], [ -113.2531, 44.3073 ], [ -113.25, 44.3315 ], [ -113.2778, 44.3485 ], [ -113.2673, 44.37 ], [ -113.2173, 44.3792 ] ] ], [ [ [ -112.2313, 44.17 ], [ -112.2318, 44.1709 ], [ -112.2313, 44.1709 ], [ -112.2313, 44.17 ] ] ], [ [ [ -112.2325, 44.17 ], [ -112.2319, 44.1711 ], [ -112.2319, 44.17 ], [ -112.2325, 44.17 ] ] ], [ [ [ -112.231, 44.1771 ], [ -112.2306, 44.1767 ], [ -112.231, 44.1767 ], [ -112.231, 44.1771 ] ] ], [ [ [ -112.231, 44.1772 ], [ -112.2294, 44.1776 ], [ -112.2293, 44.1772 ], [ -112.231, 44.1772 ] ] ], [ [ [ -112.2311, 44.1777 ], [ -112.2302, 44.1782 ], [ -112.2301, 44.1777 ], [ -112.2311, 44.1777 ] ] ], [ [ [ -112.965, 44.2342 ], [ -112.975, 44.2415 ], [ -112.9649, 44.2415 ], [ -112.965, 44.2342 ] ] ] ] } },
{ "type": "Feature", "properties": { "district_id": "041552", "forest": "Caribou-Targhee National Forest", "name": "Ashton/Island Park Ranger District", "acres": 668820.917, "enhanced_count": 9, "total_species": 17, "enhanced_rate": 0.5294, "specialist_count": 0, "harvest_count": 1342, "harvest_ha": 235502.1139, "mgmt_intensity": "High" }, "geometry": { "type": "MultiPolygon", "coordinates": [ [ [ [ -111.8038, 44.4817 ], [ -111.8011, 44.5259 ], [ -111.7628, 44.5258 ], [ -111.703, 44.5602 ], [ -111.614, 44.5486 ], [ -111.5857, 44.5626 ], [ -111.5123, 44.5359 ], [ -111.4679, 44.5389 ], [ -111.4694, 44.5577 ], [ -111.5083, 44.5627 ], [ -111.5011, 44.5721 ], [ -111.5256, 44.6043 ], [ -111.5025, 44.6265 ], [ -111.5163, 44.644 ], [ -111.4901, 44.6424 ], [ -111.4725, 44.6662 ], [ -111.4888, 44.7056 ], [ -111.4388, 44.7205 ], [ -111.4143, 44.7107 ], [ -111.3848, 44.755 ], [ -111.3528, 44.7261 ], [ -111.3239, 44.7292 ], [ -111.2668, 44.6675 ], [ -111.2783, 44.651 ], [ -111.2527, 44.6511 ], [ -111.2193, 44.6225 ], [ -111.2411, 44.6145 ], [ -111.2276, 44.5767 ], [ -111.181, 44.5692 ], [ -111.1786, 44.5525 ], [ -111.1314, 44.5324 ], [ -111.1307, 44.5001 ], [ -111.0971, 44.4865 ], [ -111.098, 44.1328 ], [ -111.0484, 44.1328 ], [ -111.0472, 43.9835 ], [ -111.1299, 43.959 ], [ -111.13, 43.976 ], [ -111.1599, 43.976 ], [ -111.1592, 44.0485 ], [ -111.1986, 44.0487 ], [ -111.1941, 44.0706 ], [ -111.2344, 44.0708 ], [ -111.234, 44.1136 ], [ -111.3141, 44.1144 ], [ -111.3138, 44.1285 ], [ -111.3345, 44.1288 ], [ -111.3678, 44.1146 ], [ -111.4358, 44.1292 ], [ -111.4357, 44.1437 ], [ -111.5362, 44.1439 ], [ -111.5565, 44.2309 ], [ -111.617, 44.2312 ], [ -111.6169, 44.2746 ], [ -111.5766, 44.2744 ], [ -111.5766, 44.2889 ], [ -111.6772, 44.2892 ], [ -111.6772, 44.3037 ], [ -111.6973, 44.3037 ], [ -111.6973, 44.3399 ], [ -111.7175, 44.34 ], [ -111.7176, 44.4016 ], [ -111.5972, 44.4012 ], [ -111.5973, 44.4303 ], [ -111.5567, 44.4302 ], [ -111.5567, 44.4011 ], [ -111.4937, 44.4048 ], [ -111.4633, 44.4265 ], [ -111.438, 44.4225 ], [ -111.4481, 44.4444 ], [ -111.4381, 44.4877 ], [ -111.4583, 44.488 ], [ -111.458, 44.4736 ], [ -111.5567, 44.4737 ], [ -111.5566, 44.4882 ], [ -111.5769, 44.4883 ], [ -111.5768, 44.4739 ], [ -111.6176, 44.4738 ], [ -111.6176, 44.4884 ], [ -111.6686, 44.4884 ], [ -111.6682, 44.4742 ], [ -111.7995, 44.4601 ], [ -111.7995, 44.4748 ], [ -111.8199, 44.4748 ], [ -111.8038, 44.4817 ] ], [ [ -111.3083, 44.3874 ], [ -111.3033, 44.3585 ], [ -111.283, 44.3512 ], [ -111.2377, 44.3802 ], [ -111.2729, 44.4008 ], [ -111.3083, 44.3874 ] ], [ [ -111.458, 44.6901 ], [ -111.4376, 44.6756 ], [ -111.4377, 44.654 ], [ -111.4529, 44.6467 ], [ -111.4478, 44.6177 ], [ -111.4782, 44.6032 ], [ -111.3768, 44.6035 ], [ -111.3769, 44.589 ], [ -111.3566, 44.5891 ], [ -111.3617, 44.542 ], [ -111.3265, 44.5166 ], [ -111.2561, 44.5312 ], [ -111.2561, 44.5602 ], [ -111.316, 44.582 ], [ -111.3059, 44.6689 ], [ -111.3768, 44.6614 ], [ -111.3762, 44.6757 ], [ -111.3967, 44.6758 ], [ -111.4172, 44.7047 ], [ -111.458, 44.6901 ] ] ], [ [ [ -111.4571, 44.0707 ], [ -111.4562, 44.0714 ], [ -111.4562, 44.0707 ], [ -111.4571, 44.0707 ] ] ], [ [ [ -111.4444, 44.0717 ], [ -111.4456, 44.0724 ], [ -111.4444, 44.0724 ], [ -111.4444, 44.0717 ] ] ], [ [ [ -111.4522, 44.076 ], [ -111.4517, 44.0756 ], [ -111.4522, 44.0756 ], [ -111.4522, 44.076 ] ] ], [ [ [ -111.4988, 44.4193 ], [ -111.4886, 44.423 ], [ -111.4886, 44.4193 ], [ -111.4988, 44.4193 ] ] ] ] } },
{ "type": "Feature", "properties": { "district_id": "041556", "forest": "Caribou-Targhee National Forest", "name": "Teton Basin Ranger District", "acres": 267702.891, "enhanced_count": 9, "total_species": 10, "enhanced_rate": 0.9, "specialist_count": 0, "harvest_count": 185, "harvest_ha": 22330.0471, "mgmt_intensity": "Very High" }, "geometry": { "type": "MultiPolygon", "coordinates": [ [ [ [ -111.0472, 43.9835 ], [ -111.0465, 43.9105 ], [ -111.0467, 43.8489 ], [ -111.0467, 43.8822 ], [ -111.0997, 43.8891 ], [ -111.1098, 43.9253 ], [ -111.1299, 43.9362 ], [ -111.1155, 43.9679 ], [ -111.0472, 43.9835 ] ] ], [ [ [ -111.0462, 43.6959 ], [ -111.0455, 43.6251 ], [ -111.0455, 43.6029 ], [ -111.0462, 43.6959 ] ] ], [ [ [ -111.0455, 43.5634 ], [ -111.0455, 43.501 ], [ -111.0679, 43.5262 ], [ -111.1046, 43.5241 ], [ -111.1435, 43.5468 ], [ -111.2016, 43.5406 ], [ -111.219, 43.5722 ], [ -111.2854, 43.5569 ], [ -111.3578, 43.6274 ], [ -111.3529, 43.6475 ], [ -111.3984, 43.6691 ], [ -111.4366, 43.6641 ], [ -111.4245, 43.6783 ], [ -111.4683, 43.7129 ], [ -111.4472, 43.7129 ], [ -111.4472, 43.745 ], [ -111.4198, 43.7451 ], [ -111.4199, 43.7668 ], [ -111.3998, 43.7668 ], [ -111.3999, 43.7966 ], [ -111.3808, 43.7966 ], [ -111.3809, 43.8111 ], [ -111.3203, 43.8182 ], [ -111.3198, 43.7812 ], [ -111.2807, 43.7668 ], [ -111.2707, 43.7161 ], [ -111.2507, 43.7161 ], [ -111.2501, 43.6943 ], [ -111.2109, 43.6653 ], [ -111.2013, 43.5856 ], [ -111.181, 43.571 ], [ -111.0455, 43.5634 ] ] ], [ [ [ -111.1068, 43.7259 ], [ -111.1064, 43.7262 ], [ -111.1064, 43.7259 ], [ -111.1068, 43.7259 ] ] ], [ [ [ -111.4608, 43.7346 ], [ -111.4672, 43.7419 ], [ -111.4609, 43.7419 ], [ -111.4608, 43.7346 ] ] ], [ [ [ -111.6802, 43.9547 ], [ -111.678, 43.9557 ], [ -111.678, 43.9547 ], [ -111.6802, 43.9547 ] ] ] ] } },
{ "type": "Feature", "properties": { "district_id": "041557", "forest": "Caribou-Targhee National Forest", "name": "Westside Ranger District", "acres": 416462.483, "enhanced_count": 4, "total_species": 18, "enhanced_rate": 0.2222, "specialist_count": 0, "harvest_count": 30, "harvest_ha": 1350.4627, "mgmt_intensity": "Medium" }, "geometry": { "type": "MultiPolygon", "coordinates": [ [ [ [ -112.0899, 41.9979 ], [ -112.1994, 42.0012 ], [ -112.2189, 42.0587 ], [ -112.2288, 42.2138 ], [ -112.2191, 42.2282 ], [ -112.19, 42.228 ], [ -112.1725, 42.199 ], [ -112.1337, 42.1916 ], [ -112.1337, 42.2024 ], [ -112.1386, 42.2386 ], [ -112.1678, 42.246 ], [ -112.1677, 42.2784 ], [ -112.2002, 42.2967 ], [ -112.22, 42.3581 ], [ -112.169, 42.3581 ], [ -112.1689, 42.3363 ], [ -112.1102, 42.3363 ], [ -112.1102, 42.3725 ], [ -112.0711, 42.3725 ], [ -112.0609, 42.358 ], [ -112.0526, 42.256 ], [ -112.0322, 42.2563 ], [ -112.0319, 42.1768 ], [ -112.0125, 42.1768 ], [ -112.0125, 42.1041 ], [ -112.0899, 42.0825 ], [ -112.0899, 41.9979 ] ] ], [ [ [ -112.6658, 42.1241 ], [ -112.5965, 42.1239 ], [ -112.5966, 42.0913 ], [ -112.6449, 42.0588 ], [ -112.6497, 42.0299 ], [ -112.6951, 42.0291 ], [ -112.6951, 42.058 ], [ -112.7535, 42.0615 ], [ -112.7486, 42.1136 ], [ -112.734, 42.11 ], [ -112.7339, 42.1242 ], [ -112.6755, 42.1242 ], [ -112.6658, 42.1386 ], [ -112.6658, 42.1241 ] ] ], [ [ [ -112.5226, 42.1601 ], [ -112.5323, 42.1637 ], [ -112.5226, 42.1673 ], [ -112.5226, 42.1601 ] ] ], [ [ [ -112.2455, 42.1747 ], [ -112.2479, 42.1743 ], [ -112.2479, 42.1768 ], [ -112.2455, 42.1747 ] ] ], [ [ [ -112.5867, 42.2543 ], [ -112.5624, 42.2397 ], [ -112.5672, 42.1746 ], [ -112.7142, 42.175 ], [ -112.7138, 42.1967 ], [ -112.7332, 42.1967 ], [ -112.7285, 42.2148 ], [ -112.6995, 42.2147 ], [ -112.6751, 42.2547 ], [ -112.5867, 42.2543 ] ] ], [ [ [ -112.6995, 42.2439 ], [ -112.7332, 42.2402 ], [ -112.7285, 42.2185 ], [ -112.7576, 42.1823 ], [ -112.7865, 42.1716 ], [ -112.7816, 42.1969 ], [ -112.8008, 42.1934 ], [ -112.8103, 42.2079 ], [ -112.8109, 42.2772 ], [ -112.8304, 42.2772 ], [ -112.8304, 42.2989 ], [ -112.8695, 42.299 ], [ -112.8696, 42.3315 ], [ -112.811, 42.3281 ], [ -112.8109, 42.3062 ], [ -112.7678, 42.3055 ], [ -112.758, 42.2837 ], [ -112.7239, 42.2837 ], [ -112.7239, 42.2692 ], [ -112.6995, 42.2692 ], [ -112.6995, 42.2439 ] ] ], [ [ [ -112.2693, 42.5069 ], [ -112.2593, 42.4306 ], [ -112.2299, 42.4162 ], [ -112.2299, 42.3581 ], [ -112.2494, 42.3581 ], [ -112.2495, 42.3362 ], [ -112.2298, 42.3187 ], [ -112.2294, 42.2789 ], [ -112.2484, 42.2788 ], [ -112.2533, 42.2499 ], [ -112.3067, 42.2571 ], [ -112.3164, 42.2861 ], [ -112.3797, 42.2861 ], [ -112.3799, 42.3583 ], [ -112.3701, 42.3511 ], [ -112.3459, 42.4017 ], [ -112.3653, 42.4017 ], [ -112.3653, 42.4198 ], [ -112.3944, 42.4198 ], [ -112.3948, 42.4488 ], [ -112.4139, 42.4488 ], [ -112.3654, 42.4597 ], [ -112.3663, 42.5068 ], [ -112.2693, 42.5069 ] ] ], [ [ [ -112.4972, 42.8229 ], [ -112.4579, 42.8192 ], [ -112.4582, 42.8336 ], [ -112.4386, 42.8336 ], [ -112.4483, 42.7942 ], [ -112.4189, 42.7867 ], [ -112.4187, 42.7617 ], [ -112.2919, 42.7614 ], [ -112.2913, 42.6027 ], [ -112.3404, 42.6027 ], [ -112.3405, 42.6462 ], [ -112.4181, 42.6462 ], [ -112.4182, 42.6896 ], [ -112.4771, 42.704 ], [ -112.4772, 42.7329 ], [ -112.536, 42.762 ], [ -112.5316, 42.8481 ], [ -112.4973, 42.848 ], [ -112.4972, 42.8229 ] ] ], [ [ [ -112.2011, 42.9057 ], [ -112.0234, 42.9059 ], [ -112.0167, 42.8412 ], [ -112.066, 42.8376 ], [ -112.0364, 42.7904 ], [ -112.0365, 42.7397 ], [ -112.0168, 42.7434 ], [ -112.0365, 42.6999 ], [ -112.0366, 42.6491 ], [ -112.1051, 42.6455 ], [ -112.1052, 42.6744 ], [ -112.1542, 42.6745 ], [ -112.169, 42.7398 ], [ -112.1642, 42.8197 ], [ -112.1833, 42.8197 ], [ -112.1812, 42.8767 ], [ -112.201, 42.8767 ], [ -112.2011, 42.9057 ] ] ], [ [ [ -112.4561, 42.905 ], [ -112.4559, 42.9042 ], [ -112.4561, 42.9042 ], [ -112.4561, 42.905 ] ] ] ] } },
{ "type": "Feature", "properties": { "district_id": "041553", "forest": "Caribou-Targhee National Forest", "name": "Montpelier Ranger District", "acres": 428043.684, "enhanced_count": 11, "total_species": 16, "enhanced_rate": 0.6875, "specialist_count": 0, "harvest_count": 547, "harvest_ha": 29258.9775, "mgmt_intensity": "High" }, "geometry": { "type": "MultiPolygon", "coordinates": [ [ [ [ -111.0456, 42.6113 ], [ -111.0471, 42.4235 ], [ -111.1272, 42.4159 ], [ -111.1314, 42.3076 ], [ -111.2274, 42.3138 ], [ -111.2274, 42.3283 ], [ -111.2678, 42.3429 ], [ -111.288, 42.4442 ], [ -111.308, 42.4443 ], [ -111.3086, 42.5026 ], [ -111.3682, 42.5172 ], [ -111.3682, 42.532 ], [ -111.4072, 42.5464 ], [ -111.4071, 42.5839 ], [ -111.3787, 42.5942 ], [ -111.2793, 42.553 ], [ -111.2405, 42.6041 ], [ -111.2258, 42.6582 ], [ -111.1576, 42.6756 ], [ -111.1134, 42.6725 ], [ -111.1183, 42.6222 ], [ -111.0456, 42.6113 ] ], [ [ -111.1329, 42.5896 ], [ -111.1869, 42.5571 ], [ -111.1869, 42.5354 ], [ -111.1526, 42.5462 ], [ -111.1329, 42.5896 ] ] ], [ [ [ -111.4415, 42.0004 ], [ -111.721, 41.9993 ], [ -111.7207, 42.0533 ], [ -111.7012, 42.0678 ], [ -111.7014, 42.1399 ], [ -111.7211, 42.1398 ], [ -111.7211, 42.1833 ], [ -111.7013, 42.1833 ], [ -111.6819, 42.2414 ], [ -111.6527, 42.2413 ], [ -111.643, 42.263 ], [ -111.6819, 42.2703 ], [ -111.6821, 42.3506 ], [ -111.6623, 42.3506 ], [ -111.6626, 42.3724 ], [ -111.643, 42.3796 ], [ -111.6625, 42.3868 ], [ -111.6426, 42.5034 ], [ -111.6617, 42.5034 ], [ -111.6616, 42.5614 ], [ -111.6814, 42.565 ], [ -111.6813, 42.6056 ], [ -111.7009, 42.6056 ], [ -111.7014, 42.6418 ], [ -111.6528, 42.6234 ], [ -111.6335, 42.5906 ], [ -111.5838, 42.5758 ], [ -111.5838, 42.5324 ], [ -111.5642, 42.5324 ], [ -111.5642, 42.5469 ], [ -111.5055, 42.5468 ], [ -111.5054, 42.503 ], [ -111.4857, 42.5029 ], [ -111.4865, 42.3865 ], [ -111.506, 42.3864 ], [ -111.506, 42.3285 ], [ -111.4914, 42.3286 ], [ -111.4865, 42.2996 ], [ -111.4866, 42.1909 ], [ -111.506, 42.1837 ], [ -111.4445, 42.1549 ], [ -111.4541, 42.097 ], [ -111.4393, 42.0681 ], [ -111.4415, 42.0004 ] ] ], [ [ [ -111.2981, 42.3188 ], [ -111.2994, 42.3191 ], [ -111.2981, 42.3191 ], [ -111.2981, 42.3188 ] ] ] ] } },
{ "type": "Feature", "properties": { "district_id": "041554", "forest": "Caribou-Targhee National Forest", "name": "Palisades Ranger District", "acres": 473272.999, "enhanced_count": 8, "total_species": 18, "enhanced_rate": 0.4444, "specialist_count": 0, "harvest_count": 370, "harvest_ha": 50255.3662, "mgmt_intensity": "Medium" }, "geometry": { "type": "MultiPolygon", "coordinates": [ [ [ [ -111.0455, 43.4999 ], [ -111.0441, 43.0847 ], [ -111.0793, 43.0847 ], [ -111.0794, 43.0557 ], [ -111.1464, 43.1544 ], [ -111.2749, 43.2357 ], [ -111.3071, 43.214 ], [ -111.3691, 43.2089 ], [ -111.41, 43.1735 ], [ -111.4313, 43.1794 ], [ -111.4314, 43.1939 ], [ -111.4696, 43.1946 ], [ -111.4693, 43.238 ], [ -111.4892, 43.238 ], [ -111.509, 43.2962 ], [ -111.5686, 43.3253 ], [ -111.5673, 43.402 ], [ -111.5871, 43.402 ], [ -111.5869, 43.4526 ], [ -111.567, 43.4526 ], [ -111.5668, 43.4659 ], [ -111.4492, 43.4657 ], [ -111.4492, 43.4513 ], [ -111.4121, 43.4618 ], [ -111.2209, 43.3518 ], [ -111.2082, 43.3518 ], [ -111.2105, 43.3932 ], [ -111.2599, 43.4403 ], [ -111.26, 43.4585 ], [ -111.2899, 43.4584 ], [ -111.3893, 43.5382 ], [ -111.4336, 43.5383 ], [ -111.4234, 43.5447 ], [ -111.4432, 43.5773 ], [ -111.4703, 43.5821 ], [ -111.4689, 43.5943 ], [ -111.5337, 43.6153 ], [ -111.5861, 43.5963 ], [ -111.5861, 43.6123 ], [ -111.6259, 43.6268 ], [ -111.626, 43.6552 ], [ -111.5662, 43.655 ], [ -111.5662, 43.7128 ], [ -111.4683, 43.7129 ], [ -111.4245, 43.6783 ], [ -111.4366, 43.6641 ], [ -111.3984, 43.6691 ], [ -111.3529, 43.6475 ], [ -111.3578, 43.6274 ], [ -111.2854, 43.5569 ], [ -111.219, 43.5722 ], [ -111.2016, 43.5406 ], [ -111.1435, 43.5468 ], [ -111.1046, 43.5241 ], [ -111.0679, 43.5262 ], [ -111.0455, 43.4999 ] ] ], [ [ [ -111.3296, 43.4511 ], [ -111.3339, 43.4466 ], [ -111.3333, 43.4511 ], [ -111.3296, 43.4511 ] ] ], [ [ [ -111.9597, 43.5439 ], [ -111.9606, 43.5447 ], [ -111.9597, 43.5447 ], [ -111.9597, 43.5439 ] ] ] ] } },
{ "type": "Feature", "properties": { "district_id": "041555", "forest": "Caribou-Targhee National Forest", "name": "Soda Springs Ranger District", "acres": 365212.24, "enhanced_count": 8, "total_species": 14, "enhanced_rate": 0.5714, "specialist_count": 0, "harvest_count": 357, "harvest_ha": 16106.9001, "mgmt_intensity": "High" }, "geometry": { "type": "MultiPolygon", "coordinates": [ [ [ [ -111.044, 42.9398 ], [ -111.0438, 42.8352 ], [ -111.1137, 42.8351 ], [ -111.1137, 42.8063 ], [ -111.0941, 42.7954 ], [ -111.0938, 42.7417 ], [ -111.1134, 42.6725 ], [ -111.2258, 42.6582 ], [ -111.2405, 42.6041 ], [ -111.2793, 42.553 ], [ -111.3362, 42.567 ], [ -111.3406, 42.5862 ], [ -111.4564, 42.5904 ], [ -111.4566, 42.6048 ], [ -111.4762, 42.6047 ], [ -111.4862, 42.7064 ], [ -111.4178, 42.7064 ], [ -111.4176, 42.6774 ], [ -111.3734, 42.6774 ], [ -111.358, 42.6484 ], [ -111.3089, 42.6341 ], [ -111.3288, 42.692 ], [ -111.3287, 42.7209 ], [ -111.3091, 42.721 ], [ -111.3091, 42.7572 ], [ -111.35, 42.7929 ], [ -111.3982, 42.8006 ], [ -111.398, 42.8222 ], [ -111.4369, 42.8333 ], [ -111.4325, 42.8608 ], [ -111.4127, 42.8609 ], [ -111.4124, 42.9332 ], [ -111.4515, 42.9475 ], [ -111.4515, 42.9763 ], [ -111.4209, 42.9762 ], [ -111.3714, 42.947 ], [ -111.3733, 42.9331 ], [ -111.334, 42.9261 ], [ -111.3302, 42.8365 ], [ -111.3598, 42.8362 ], [ -111.3497, 42.8075 ], [ -111.3008, 42.8077 ], [ -111.2712, 42.7646 ], [ -111.2409, 42.7701 ], [ -111.2714, 42.8216 ], [ -111.2751, 42.9042 ], [ -111.2947, 42.9044 ], [ -111.2947, 42.9261 ], [ -111.2354, 42.9333 ], [ -111.2355, 42.9551 ], [ -111.3631, 42.992 ], [ -111.3631, 43.0211 ], [ -111.3345, 43.0203 ], [ -111.3345, 43.0385 ], [ -111.3736, 43.0506 ], [ -111.3528, 43.061 ], [ -111.3526, 43.0934 ], [ -111.373, 43.0935 ], [ -111.3722, 43.1219 ], [ -111.3918, 43.1506 ], [ -111.4117, 43.1505 ], [ -111.4115, 43.1732 ], [ -111.385, 43.201 ], [ -111.3309, 43.2208 ], [ -111.3071, 43.214 ], [ -111.2749, 43.2357 ], [ -111.1476, 43.1554 ], [ -111.0794, 43.0557 ], [ -111.0941, 43.0449 ], [ -111.0595, 43.034 ], [ -111.0595, 43.0195 ], [ -111.104, 43.0195 ], [ -111.0991, 42.9906 ], [ -111.0645, 42.976 ], [ -111.0645, 42.9398 ], [ -111.044, 42.9398 ] ] ], [ [ [ -111.5742, 42.6487 ], [ -111.5755, 42.6514 ], [ -111.5742, 42.6523 ], [ -111.5742, 42.6487 ] ] ], [ [ [ -111.592, 42.6588 ], [ -111.5902, 42.6579 ], [ -111.592, 42.6579 ], [ -111.592, 42.6588 ] ] ], [ [ [ -111.5952, 42.6633 ], [ -111.5948, 42.6635 ], [ -111.5947, 42.6634 ], [ -111.5952, 42.6633 ] ] ], [ [ [ -111.0842, 42.7918 ], [ -111.0743, 42.799 ], [ -111.0743, 42.7918 ], [ -111.0842, 42.7918 ] ] ] ] } },
{ "type": "Feature", "properties": { "district_id": "041907", "forest": "Uinta-Wasatch-Cache National Forest", "name": "Logan Ranger District", "acres": 368948.166, "enhanced_count": 0, "total_species": 0, "enhanced_rate": 0.0, "specialist_count": 0, "harvest_count": 0, "harvest_ha": 0.0, "mgmt_intensity": "Low" }, "geometry": { "type": "MultiPolygon", "coordinates": [ [ [ [ -111.4496, 42.0002 ], [ -111.4455, 42.0003 ], [ -111.4415, 42.0004 ], [ -111.4496, 42.0002 ] ] ], [ [ [ -111.5073, 41.9996 ], [ -111.5424, 41.9994 ], [ -111.6264, 41.9994 ], [ -111.5073, 41.9996 ] ] ], [ [ [ -111.6912, 41.9994 ], [ -111.7073, 41.9993 ], [ -111.683, 41.9994 ], [ -111.6912, 41.9994 ] ] ] ] } },
{ "type": "Feature", "properties": { "district_id": "011603", "forest": "Lolo National Forest", "name": "Missoula Ranger District", "acres": 622415.171, "enhanced_count": 6, "total_species": 12, "enhanced_rate": 0.5, "specialist_count": 5, "harvest_count": 65, "harvest_ha": 1256.6477, "mgmt_intensity": "Medium" }, "geometry": { "type": "MultiPolygon", "coordinates": [ [ [ [ -114.6614, 46.736 ], [ -114.6597, 46.7348 ], [ -114.6618, 46.7362 ], [ -114.6614, 46.736 ] ] ], [ [ [ -114.6504, 46.7333 ], [ -114.652, 46.7338 ], [ -114.651, 46.7336 ], [ -114.6504, 46.7333 ] ] ], [ [ [ -114.646, 46.7291 ], [ -114.6459, 46.7287 ], [ -114.6464, 46.7297 ], [ -114.646, 46.7291 ] ] ], [ [ [ -114.6459, 46.7277 ], [ -114.6458, 46.7282 ], [ -114.6458, 46.7279 ], [ -114.6459, 46.7277 ] ] ], [ [ [ -114.6439, 46.7226 ], [ -114.6415, 46.7225 ], [ -114.6401, 46.7222 ], [ -114.6393, 46.7218 ], [ -114.6384, 46.7205 ], [ -114.6439, 46.7226 ] ] ], [ [ [ -114.6338, 46.7158 ], [ -114.6312, 46.7157 ], [ -114.6307, 46.7153 ], [ -114.6306, 46.7151 ], [ -114.6306, 46.7149 ], [ -114.6338, 46.7157 ], [ -114.6338, 46.7158 ] ] ], [ [ [ -114.6301, 46.7142 ], [ -114.6259, 46.7126 ], [ -114.629, 46.7136 ], [ -114.63, 46.714 ], [ -114.6301, 46.7142 ] ] ], [ [ [ -114.6246, 46.7118 ], [ -114.6246, 46.7115 ], [ -114.6252, 46.7124 ], [ -114.6246, 46.7118 ] ] ], [ [ [ -114.6219, 46.7081 ], [ -114.6232, 46.7086 ], [ -114.6236, 46.709 ], [ -114.6219, 46.7081 ] ] ], [ [ [ -114.6247, 46.696 ], [ -114.6244, 46.6956 ], [ -114.6247, 46.6958 ], [ -114.6247, 46.696 ] ] ], [ [ [ -114.6231, 46.6919 ], [ -114.6232, 46.6915 ], [ -114.6229, 46.6937 ], [ -114.6231, 46.6919 ] ] ], [ [ [ -114.6249, 46.6895 ], [ -114.626, 46.6884 ], [ -114.6246, 46.69 ], [ -114.6238, 46.6907 ], [ -114.6249, 46.6895 ] ] ], [ [ [ -114.6324, 46.6836 ], [ -114.6332, 46.6834 ], [ -114.6315, 46.6843 ], [ -114.6324, 46.6836 ] ] ], [ [ [ -114.6376, 46.6812 ], [ -114.6364, 46.682 ], [ -114.6342, 46.683 ], [ -114.6376, 46.6812 ] ] ], [ [ [ -114.6402, 46.6757 ], [ -114.6402, 46.6753 ], [ -114.6407, 46.6748 ], [ -114.6416, 46.6741 ], [ -114.6402, 46.6757 ] ] ], [ [ [ -114.6331, 46.6718 ], [ -114.633, 46.6711 ], [ -114.633, 46.6703 ], [ -114.6331, 46.6718 ] ] ], [ [ [ -114.6389, 46.6644 ], [ -114.6398, 46.6654 ], [ -114.6392, 46.6668 ], [ -114.6389, 46.6644 ] ] ], [ [ [ -114.6368, 46.6611 ], [ -114.6363, 46.6601 ], [ -114.6373, 46.6616 ], [ -114.6375, 46.6622 ], [ -114.6368, 46.6611 ] ] ], [ [ [ -114.6308, 46.6595 ], [ -114.633, 46.6593 ], [ -114.6314, 46.6595 ], [ -114.6308, 46.6595 ] ] ], [ [ [ -114.6039, 46.6356 ], [ -114.6057, 46.6359 ], [ -114.609, 46.637 ], [ -114.6039, 46.6356 ] ] ], [ [ [ -114.5996, 46.6362 ], [ -114.5991, 46.6358 ], [ -114.6, 46.6364 ], [ -114.5996, 46.6362 ] ] ], [ [ [ -114.585, 46.6336 ], [ -114.5862, 46.634 ], [ -114.587, 46.6344 ], [ -114.585, 46.6336 ] ] ], [ [ [ -114.5817, 46.6339 ], [ -114.5829, 46.6334 ], [ -114.5839, 46.6333 ], [ -114.5817, 46.6339 ] ] ], [ [ [ -114.5799, 46.635 ], [ -114.5788, 46.6366 ], [ -114.5798, 46.6348 ], [ -114.5799, 46.635 ] ] ], [ [ [ -114.5747, 46.6397 ], [ -114.5767, 46.6379 ], [ -114.5778, 46.6372 ], [ -114.5747, 46.6397 ] ] ], [ [ [ -114.5704, 46.6434 ], [ -114.5698, 46.6433 ], [ -114.5662, 46.6419 ], [ -114.5651, 46.6414 ], [ -114.5704, 46.6434 ] ] ], [ [ [ -114.5647, 46.6411 ], [ -114.5649, 46.6413 ], [ -114.5638, 46.6409 ], [ -114.5647, 46.6411 ] ] ], [ [ [ -114.5612, 46.6423 ], [ -114.5622, 46.6414 ], [ -114.5632, 46.6408 ], [ -114.5612, 46.6423 ] ] ], [ [ [ -114.5597, 46.643 ], [ -114.5582, 46.6438 ], [ -114.5597, 46.6428 ], [ -114.5597, 46.643 ] ] ], [ [ [ -114.5384, 46.6476 ], [ -114.5394, 46.6483 ], [ -114.5413, 46.6497 ], [ -114.5345, 46.6466 ], [ -114.5384, 46.6476 ] ] ], [ [ [ -114.5228, 46.6404 ], [ -114.5231, 46.6404 ], [ -114.5238, 46.6406 ], [ -114.5228, 46.6404 ] ] ], [ [ [ -114.4708, 46.6323 ], [ -114.4712, 46.6323 ], [ -114.4709, 46.6324 ], [ -114.4708, 46.6323 ] ] ], [ [ [ -114.4589, 46.6369 ], [ -114.4601, 46.6361 ], [ -114.4627, 46.6349 ], [ -114.4589, 46.6369 ] ] ], [ [ [ -114.4394, 46.6538 ], [ -114.4397, 46.6535 ], [ -114.4403, 46.6532 ], [ -114.4394, 46.6538 ] ] ], [ [ [ -114.4346, 46.6566 ], [ -114.4334, 46.6568 ], [ -114.4357, 46.6561 ], [ -114.4346, 46.6566 ] ] ], [ [ [ -114.4258, 46.6601 ], [ -114.4266, 46.6598 ], [ -114.4262, 46.66 ], [ -114.4258, 46.6601 ] ] ], [ [ [ -114.425, 46.6605 ], [ -114.4245, 46.6607 ], [ -114.4247, 46.6605 ], [ -114.425, 46.6605 ] ] ], [ [ [ -114.4169, 46.6582 ], [ -114.4168, 46.6579 ], [ -114.4196, 46.6591 ], [ -114.4169, 46.6582 ] ] ], [ [ [ -114.4086, 46.6609 ], [ -114.4078, 46.6604 ], [ -114.4089, 46.6609 ], [ -114.4086, 46.6609 ] ] ], [ [ [ -114.3988, 46.6631 ], [ -114.3984, 46.6633 ], [ -114.3999, 46.6624 ], [ -114.3988, 46.6631 ] ] ], [ [ [ -114.3859, 46.6635 ], [ -114.3849, 46.6627 ], [ -114.3881, 46.6644 ], [ -114.3859, 46.6635 ] ] ], [ [ [ -114.3744, 46.6671 ], [ -114.3738, 46.6671 ], [ -114.3743, 46.667 ], [ -114.3744, 46.6671 ] ] ], [ [ [ -114.3673, 46.6686 ], [ -114.3691, 46.6684 ], [ -114.368, 46.6686 ], [ -114.3673, 46.6686 ] ] ], [ [ [ -114.36, 46.6694 ], [ -114.361, 46.6689 ], [ -114.362, 46.6686 ], [ -114.36, 46.6694 ] ] ], [ [ [ -114.3583, 46.6711 ], [ -114.3581, 46.6711 ], [ -114.358, 46.6711 ], [ -114.3579, 46.6706 ], [ -114.3583, 46.6711 ] ] ], [ [ [ -114.358, 46.6697 ], [ -114.358, 46.6692 ], [ -114.3581, 46.6693 ], [ -114.358, 46.6697 ] ] ], [ [ [ -114.3331, 46.6609 ], [ -114.3328, 46.6605 ], [ -114.3343, 46.6613 ], [ -114.3331, 46.6609 ] ] ], [ [ [ -114.3308, 46.6592 ], [ -114.3302, 46.6587 ], [ -114.33, 46.6583 ], [ -114.3294, 46.657 ], [ -114.3308, 46.6592 ] ] ], [ [ [ -114.3216, 46.649 ], [ -114.3216, 46.6489 ], [ -114.3221, 46.6494 ], [ -114.3216, 46.649 ] ] ], [ [ [ -114.322, 46.6455 ], [ -114.3218, 46.646 ], [ -114.3214, 46.6463 ], [ -114.322, 46.6455 ] ] ], [ [ [ -114.3205, 46.6389 ], [ -114.3204, 46.6387 ], [ -114.321, 46.6392 ], [ -114.3205, 46.6389 ] ] ], [ [ [ -114.3222, 46.627 ], [ -114.3221, 46.6265 ], [ -114.3224, 46.6273 ], [ -114.3222, 46.627 ] ] ], [ [ [ -114.3235, 46.6242 ], [ -114.3239, 46.6236 ], [ -114.3239, 46.6237 ], [ -114.3235, 46.6242 ] ] ], [ [ [ -114.3244, 46.6222 ], [ -114.3243, 46.6228 ], [ -114.3243, 46.6223 ], [ -114.3244, 46.6222 ] ] ], [ [ [ -114.3276, 46.6187 ], [ -114.3274, 46.6183 ], [ -114.3278, 46.6188 ], [ -114.328, 46.6194 ], [ -114.3276, 46.6187 ] ] ], [ [ [ -114.3271, 46.6175 ], [ -114.327, 46.617 ], [ -114.3272, 46.6173 ], [ -114.3271, 46.6175 ] ] ], [ [ [ -114.3257, 46.6147 ], [ -114.3257, 46.6145 ], [ -114.326, 46.6153 ], [ -114.3257, 46.6147 ] ] ], [ [ [ -114.3237, 46.6132 ], [ -114.3231, 46.6126 ], [ -114.3226, 46.6114 ], [ -114.3237, 46.6132 ] ] ], [ [ [ -114.3287, 46.6045 ], [ -114.3291, 46.6045 ], [ -114.3277, 46.6055 ], [ -114.3287, 46.6045 ] ] ], [ [ [ -114.3298, 46.6024 ], [ -114.3302, 46.6008 ], [ -114.3298, 46.6032 ], [ -114.3298, 46.6024 ] ] ], [ [ [ -114.336, 46.5937 ], [ -114.3364, 46.5936 ], [ -114.3352, 46.5944 ], [ -114.336, 46.5937 ] ] ], [ [ [ -114.3395, 46.5871 ], [ -114.3402, 46.5873 ], [ -114.3431, 46.5891 ], [ -114.3395, 46.5871 ] ] ], [ [ [ -114.3368, 46.5828 ], [ -114.3371, 46.583 ], [ -114.3377, 46.5839 ], [ -114.3368, 46.5828 ] ] ], [ [ [ -114.3311, 46.5779 ], [ -114.332, 46.5781 ], [ -114.3331, 46.5787 ], [ -114.3311, 46.5779 ] ] ], [ [ [ -114.3298, 46.5772 ], [ -114.3297, 46.5769 ], [ -114.3297, 46.5757 ], [ -114.3298, 46.5772 ] ] ] ] } },
{ "type": "Feature", "properties": { "district_id": "011604", "forest": "Lolo National Forest", "name": "Ninemile Ranger District", "acres": 471673.733, "enhanced_count": 0, "total_species": 0, "enhanced_rate": 0.0, "specialist_count": 0, "harvest_count": 0, "harvest_ha": 0.0, "mgmt_intensity": "Low" }, "geometry": { "type": "MultiPolygon", "coordinates": [ [ [ [ -114.964, 46.9368 ], [ -114.9634, 46.9363 ], [ -114.964, 46.9367 ], [ -114.964, 46.9368 ] ] ], [ [ [ -114.9589, 46.9335 ], [ -114.9602, 46.9318 ], [ -114.9597, 46.9327 ], [ -114.9589, 46.9335 ] ] ], [ [ [ -114.9472, 46.926 ], [ -114.9449, 46.9247 ], [ -114.9505, 46.9265 ], [ -114.9472, 46.926 ] ] ], [ [ [ -114.9262, 46.9195 ], [ -114.9253, 46.9188 ], [ -114.9256, 46.9188 ], [ -114.9262, 46.9195 ] ] ], [ [ [ -114.9235, 46.9155 ], [ -114.923, 46.9145 ], [ -114.9237, 46.9157 ], [ -114.9235, 46.9155 ] ] ], [ [ [ -114.9257, 46.9108 ], [ -114.9253, 46.9109 ], [ -114.9272, 46.9102 ], [ -114.9257, 46.9108 ] ] ], [ [ [ -114.9297, 46.9069 ], [ -114.9297, 46.9066 ], [ -114.9301, 46.9063 ], [ -114.9297, 46.9069 ] ] ], [ [ [ -114.931, 46.9041 ], [ -114.9312, 46.904 ], [ -114.9309, 46.9043 ], [ -114.931, 46.9041 ] ] ], [ [ [ -114.9354, 46.9009 ], [ -114.9356, 46.9006 ], [ -114.9353, 46.9014 ], [ -114.9351, 46.9017 ], [ -114.9354, 46.9009 ] ] ], [ [ [ -114.9364, 46.898 ], [ -114.9367, 46.8975 ], [ -114.9361, 46.8994 ], [ -114.9364, 46.898 ] ] ], [ [ [ -114.9347, 46.8909 ], [ -114.934, 46.8887 ], [ -114.9358, 46.8919 ], [ -114.9347, 46.8909 ] ] ], [ [ [ -114.9325, 46.8878 ], [ -114.9324, 46.8877 ], [ -114.9329, 46.8878 ], [ -114.9338, 46.8885 ], [ -114.9325, 46.8878 ] ] ], [ [ [ -114.9322, 46.8857 ], [ -114.9325, 46.8867 ], [ -114.9323, 46.8875 ], [ -114.9322, 46.8857 ] ] ], [ [ [ -114.931, 46.8819 ], [ -114.9312, 46.8818 ], [ -114.9311, 46.8824 ], [ -114.931, 46.8819 ] ] ], [ [ [ -114.9319, 46.8763 ], [ -114.9323, 46.8758 ], [ -114.9329, 46.8753 ], [ -114.9357, 46.8737 ], [ -114.9319, 46.8763 ] ] ], [ [ [ -114.9396, 46.8689 ], [ -114.9402, 46.8686 ], [ -114.9393, 46.8695 ], [ -114.9396, 46.8689 ] ] ], [ [ [ -114.9459, 46.8638 ], [ -114.9462, 46.8633 ], [ -114.9468, 46.8627 ], [ -114.9459, 46.8638 ] ] ], [ [ [ -114.9449, 46.8578 ], [ -114.9464, 46.8584 ], [ -114.9476, 46.8592 ], [ -114.948, 46.8596 ], [ -114.9449, 46.8578 ] ] ], [ [ [ -114.941, 46.8565 ], [ -114.94, 46.8567 ], [ -114.9407, 46.8564 ], [ -114.941, 46.8565 ] ] ], [ [ [ -114.9378, 46.857 ], [ -114.9375, 46.8569 ], [ -114.9386, 46.8569 ], [ -114.9378, 46.857 ] ] ], [ [ [ -114.9326, 46.8561 ], [ -114.9291, 46.8551 ], [ -114.9287, 46.8548 ], [ -114.9283, 46.8533 ], [ -114.9326, 46.8561 ] ] ], [ [ [ -114.9269, 46.8513 ], [ -114.9268, 46.851 ], [ -114.9275, 46.8518 ], [ -114.9277, 46.8522 ], [ -114.9269, 46.8513 ] ] ], [ [ [ -114.924, 46.8484 ], [ -114.924, 46.8482 ], [ -114.9256, 46.8498 ], [ -114.924, 46.8484 ] ] ], [ [ [ -114.9243, 46.8475 ], [ -114.9254, 46.8461 ], [ -114.9243, 46.8477 ], [ -114.9243, 46.8475 ] ] ], [ [ [ -114.9268, 46.839 ], [ -114.9268, 46.8388 ], [ -114.9268, 46.8386 ], [ -114.9287, 46.843 ], [ -114.9268, 46.839 ] ] ], [ [ [ -114.9287, 46.8364 ], [ -114.9287, 46.8353 ], [ -114.9288, 46.8364 ], [ -114.9287, 46.8364 ] ] ], [ [ [ -114.9274, 46.8335 ], [ -114.9277, 46.8336 ], [ -114.9285, 46.8347 ], [ -114.9274, 46.8335 ] ] ], [ [ [ -114.9258, 46.8337 ], [ -114.9247, 46.8335 ], [ -114.9233, 46.8311 ], [ -114.9258, 46.8337 ] ] ], [ [ [ -114.9219, 46.8281 ], [ -114.92, 46.827 ], [ -114.9214, 46.8268 ], [ -114.9219, 46.8281 ] ] ], [ [ [ -114.9181, 46.8272 ], [ -114.9153, 46.8254 ], [ -114.9154, 46.8254 ], [ -114.9164, 46.8259 ], [ -114.9183, 46.8272 ], [ -114.9181, 46.8272 ] ] ], [ [ [ -114.9098, 46.8243 ], [ -114.9091, 46.824 ], [ -114.9147, 46.8252 ], [ -114.9153, 46.8254 ], [ -114.9098, 46.8243 ] ] ], [ [ [ -114.8948, 46.8173 ], [ -114.8953, 46.8164 ], [ -114.895, 46.8173 ], [ -114.8948, 46.8173 ] ] ], [ [ [ -114.8975, 46.8128 ], [ -114.8975, 46.8131 ], [ -114.8972, 46.8132 ], [ -114.8975, 46.8128 ] ] ], [ [ [ -114.8979, 46.811 ], [ -114.8981, 46.8106 ], [ -114.8978, 46.8118 ], [ -114.8979, 46.811 ] ] ], [ [ [ -114.8985, 46.8094 ], [ -114.8985, 46.8087 ], [ -114.8986, 46.8093 ], [ -114.8985, 46.8094 ] ] ], [ [ [ -114.8891, 46.8066 ], [ -114.8883, 46.8075 ], [ -114.8892, 46.8059 ], [ -114.8891, 46.8066 ] ] ], [ [ [ -114.885, 46.8095 ], [ -114.8854, 46.8094 ], [ -114.8856, 46.8094 ], [ -114.885, 46.8095 ] ] ], [ [ [ -114.8824, 46.8107 ], [ -114.88, 46.8112 ], [ -114.8824, 46.8105 ], [ -114.8844, 46.8096 ], [ -114.8849, 46.8095 ], [ -114.8824, 46.8107 ] ] ], [ [ [ -114.8737, 46.8123 ], [ -114.8735, 46.8123 ], [ -114.8747, 46.8119 ], [ -114.8737, 46.8123 ] ] ], [ [ [ -114.8691, 46.8138 ], [ -114.8714, 46.8127 ], [ -114.8723, 46.8124 ], [ -114.8691, 46.8138 ] ] ], [ [ [ -114.8653, 46.8144 ], [ -114.8648, 46.8142 ], [ -114.8643, 46.8139 ], [ -114.8637, 46.8131 ], [ -114.8653, 46.8144 ] ] ], [ [ [ -114.8619, 46.8123 ], [ -114.8614, 46.812 ], [ -114.8611, 46.8115 ], [ -114.8619, 46.8123 ] ] ], [ [ [ -114.8575, 46.8031 ], [ -114.8573, 46.802 ], [ -114.8575, 46.8022 ], [ -114.8575, 46.8031 ] ] ], [ [ [ -114.8517, 46.7989 ], [ -114.8501, 46.7991 ], [ -114.85, 46.7986 ], [ -114.8518, 46.7987 ], [ -114.8554, 46.8004 ], [ -114.8564, 46.8013 ], [ -114.8517, 46.7989 ] ] ], [ [ [ -114.8347, 46.7894 ], [ -114.8345, 46.7889 ], [ -114.8353, 46.7901 ], [ -114.8347, 46.7894 ] ] ], [ [ [ -114.8325, 46.7872 ], [ -114.8322, 46.7866 ], [ -114.8335, 46.7879 ], [ -114.8325, 46.7872 ] ] ], [ [ [ -114.8321, 46.7859 ], [ -114.831, 46.7841 ], [ -114.8322, 46.7855 ], [ -114.8321, 46.7859 ] ] ], [ [ [ -114.8236, 46.7828 ], [ -114.823, 46.7827 ], [ -114.8228, 46.7826 ], [ -114.825, 46.7822 ], [ -114.8236, 46.7828 ] ] ], [ [ [ -114.8168, 46.7813 ], [ -114.8178, 46.7812 ], [ -114.8189, 46.7812 ], [ -114.8168, 46.7813 ] ] ], [ [ [ -114.8136, 46.7818 ], [ -114.8123, 46.7818 ], [ -114.8096, 46.7824 ], [ -114.809, 46.7824 ], [ -114.8084, 46.7824 ], [ -114.8077, 46.782 ], [ -114.8072, 46.7813 ], [ -114.8136, 46.7818 ] ] ], [ [ [ -114.8046, 46.779 ], [ -114.8038, 46.7783 ], [ -114.8062, 46.7801 ], [ -114.8046, 46.779 ] ] ], [ [ [ -114.7965, 46.7772 ], [ -114.7971, 46.7769 ], [ -114.7968, 46.7771 ], [ -114.7965, 46.7772 ] ] ], [ [ [ -114.7933, 46.7774 ], [ -114.792, 46.7782 ], [ -114.7911, 46.7784 ], [ -114.7931, 46.7773 ], [ -114.7933, 46.7774 ] ] ], [ [ [ -114.789, 46.7796 ], [ -114.7895, 46.7791 ], [ -114.7901, 46.7788 ], [ -114.789, 46.7796 ] ] ], [ [ [ -114.7863, 46.7767 ], [ -114.7861, 46.7758 ], [ -114.7864, 46.7766 ], [ -114.7864, 46.7775 ], [ -114.7863, 46.7767 ] ] ], [ [ [ -114.7859, 46.7744 ], [ -114.786, 46.7754 ], [ -114.7853, 46.7727 ], [ -114.7859, 46.7744 ] ] ], [ [ [ -114.7797, 46.7687 ], [ -114.7794, 46.7686 ], [ -114.7792, 46.7683 ], [ -114.7791, 46.7673 ], [ -114.7797, 46.7687 ] ] ], [ [ [ -114.7775, 46.7662 ], [ -114.7756, 46.7662 ], [ -114.7749, 46.766 ], [ -114.7743, 46.7658 ], [ -114.7739, 46.7655 ], [ -114.7738, 46.7652 ], [ -114.7739, 46.7636 ], [ -114.7775, 46.7662 ] ] ], [ [ [ -114.7707, 46.7613 ], [ -114.7703, 46.761 ], [ -114.7722, 46.7612 ], [ -114.7724, 46.7614 ], [ -114.7707, 46.7613 ] ] ], [ [ [ -114.7678, 46.7598 ], [ -114.7696, 46.7606 ], [ -114.7684, 46.7603 ], [ -114.7678, 46.7598 ] ] ], [ [ [ -114.7651, 46.7582 ], [ -114.7662, 46.7569 ], [ -114.7658, 46.758 ], [ -114.7651, 46.7582 ] ] ], [ [ [ -114.7673, 46.7538 ], [ -114.7672, 46.7529 ], [ -114.7675, 46.7536 ], [ -114.7673, 46.7538 ] ] ], [ [ [ -114.7658, 46.7512 ], [ -114.7664, 46.7499 ], [ -114.7683, 46.7482 ], [ -114.7683, 46.7486 ], [ -114.768, 46.7493 ], [ -114.7659, 46.7513 ], [ -114.7658, 46.7512 ] ] ], [ [ [ -114.7652, 46.7454 ], [ -114.7655, 46.7449 ], [ -114.7683, 46.7478 ], [ -114.7683, 46.7482 ], [ -114.7652, 46.7454 ] ] ], [ [ [ -114.766, 46.7425 ], [ -114.7662, 46.7417 ], [ -114.7664, 46.7417 ], [ -114.766, 46.7425 ] ] ], [ [ [ -114.7672, 46.7402 ], [ -114.7673, 46.7397 ], [ -114.7678, 46.7405 ], [ -114.7672, 46.7402 ] ] ], [ [ [ -114.7728, 46.7332 ], [ -114.7736, 46.7319 ], [ -114.7728, 46.7333 ], [ -114.7728, 46.7332 ] ] ], [ [ [ -114.7739, 46.7317 ], [ -114.7737, 46.7318 ], [ -114.7737, 46.7317 ], [ -114.7739, 46.7317 ] ] ], [ [ [ -114.7799, 46.73 ], [ -114.7797, 46.7304 ], [ -114.7799, 46.7299 ], [ -114.7799, 46.73 ] ] ], [ [ [ -114.7796, 46.7292 ], [ -114.7796, 46.7289 ], [ -114.7798, 46.7292 ], [ -114.7799, 46.7297 ], [ -114.7796, 46.7292 ] ] ], [ [ [ -114.7831, 46.7239 ], [ -114.7833, 46.7245 ], [ -114.7832, 46.725 ], [ -114.7831, 46.7239 ] ] ], [ [ [ -114.783, 46.7235 ], [ -114.7831, 46.7233 ], [ -114.7831, 46.7235 ], [ -114.783, 46.7235 ] ] ], [ [ [ -114.7822, 46.7205 ], [ -114.7821, 46.7196 ], [ -114.7829, 46.7208 ], [ -114.7822, 46.7205 ] ] ], [ [ [ -114.7883, 46.7124 ], [ -114.7886, 46.7131 ], [ -114.7886, 46.7137 ], [ -114.7883, 46.7124 ] ] ], [ [ [ -114.7873, 46.7115 ], [ -114.7871, 46.7113 ], [ -114.7879, 46.7118 ], [ -114.7873, 46.7115 ] ] ], [ [ [ -114.7841, 46.7096 ], [ -114.7823, 46.7082 ], [ -114.7821, 46.7073 ], [ -114.7841, 46.7096 ] ] ], [ [ [ -114.7775, 46.7066 ], [ -114.7685, 46.7048 ], [ -114.7673, 46.6972 ], [ -114.7775, 46.7066 ] ] ], [ [ [ -114.7637, 46.6976 ], [ -114.7601, 46.6966 ], [ -114.7657, 46.6971 ], [ -114.7637, 46.6976 ] ] ], [ [ [ -114.7564, 46.6971 ], [ -114.7559, 46.697 ], [ -114.7574, 46.697 ], [ -114.7564, 46.6971 ] ] ], [ [ [ -114.748, 46.699 ], [ -114.7481, 46.6994 ], [ -114.748, 46.6992 ], [ -114.748, 46.699 ] ] ], [ [ [ -114.7436, 46.7074 ], [ -114.7418, 46.7084 ], [ -114.7419, 46.7082 ], [ -114.7453, 46.7055 ], [ -114.7436, 46.7074 ] ] ], [ [ [ -114.7417, 46.7089 ], [ -114.7416, 46.7086 ], [ -114.7418, 46.7084 ], [ -114.7417, 46.7089 ] ] ], [ [ [ -114.7421, 46.7105 ], [ -114.7416, 46.7109 ], [ -114.7419, 46.7093 ], [ -114.7421, 46.7105 ] ] ], [ [ [ -114.7405, 46.7117 ], [ -114.7406, 46.7116 ], [ -114.7406, 46.7117 ], [ -114.7405, 46.7117 ] ] ], [ [ [ -114.7377, 46.7123 ], [ -114.7381, 46.7122 ], [ -114.7379, 46.7123 ], [ -114.7377, 46.7123 ] ] ], [ [ [ -114.7274, 46.7146 ], [ -114.7168, 46.7141 ], [ -114.7276, 46.7145 ], [ -114.7274, 46.7146 ] ] ], [ [ [ -114.7148, 46.7148 ], [ -114.7143, 46.715 ], [ -114.7151, 46.7145 ], [ -114.7156, 46.7144 ], [ -114.7148, 46.7148 ] ] ], [ [ [ -114.7122, 46.7163 ], [ -114.7109, 46.7172 ], [ -114.7127, 46.7156 ], [ -114.7122, 46.7163 ] ] ], [ [ [ -114.7105, 46.7175 ], [ -114.7107, 46.7173 ], [ -114.7104, 46.7177 ], [ -114.7105, 46.7175 ] ] ], [ [ [ -114.7085, 46.7225 ], [ -114.7078, 46.724 ], [ -114.708, 46.7228 ], [ -114.7085, 46.7225 ] ] ], [ [ [ -114.7089, 46.726 ], [ -114.7089, 46.7269 ], [ -114.7086, 46.7272 ], [ -114.7074, 46.7279 ], [ -114.7089, 46.726 ] ] ], [ [ [ -114.7057, 46.7289 ], [ -114.705, 46.7292 ], [ -114.7043, 46.7295 ], [ -114.7027, 46.7305 ], [ -114.7031, 46.7294 ], [ -114.7057, 46.7289 ] ] ], [ [ [ -114.7012, 46.7345 ], [ -114.7013, 46.7347 ], [ -114.7011, 46.7352 ], [ -114.7012, 46.7345 ] ] ], [ [ [ -114.7007, 46.7377 ], [ -114.6999, 46.7385 ], [ -114.701, 46.7361 ], [ -114.7007, 46.7377 ] ] ], [ [ [ -114.6994, 46.7398 ], [ -114.6991, 46.7402 ], [ -114.6986, 46.7405 ], [ -114.698, 46.7406 ], [ -114.6971, 46.7407 ], [ -114.6959, 46.7402 ], [ -114.694, 46.739 ], [ -114.6994, 46.7398 ] ] ], [ [ [ -114.6826, 46.7386 ], [ -114.682, 46.7389 ], [ -114.681, 46.7388 ], [ -114.6802, 46.7386 ], [ -114.6826, 46.7386 ] ] ], [ [ [ -114.6721, 46.7366 ], [ -114.673, 46.7365 ], [ -114.6763, 46.7371 ], [ -114.6721, 46.7366 ] ] ], [ [ [ -114.6704, 46.7372 ], [ -114.669, 46.7382 ], [ -114.6684, 46.7385 ], [ -114.6671, 46.739 ], [ -114.6705, 46.737 ], [ -114.6715, 46.7367 ], [ -114.6704, 46.7372 ] ] ], [ [ [ -114.6646, 46.7391 ], [ -114.6634, 46.7383 ], [ -114.6658, 46.7393 ], [ -114.6646, 46.7391 ] ] ] ] } },
{ "type": "Feature", "properties": { "district_id": "011605", "forest": "Lolo National Forest", "name": "Plains/Thompson Falls Ranger District", "acres": 575160.439, "enhanced_count": 3, "total_species": 6, "enhanced_rate": 0.5, "specialist_count": 1, "harvest_count": 6, "harvest_ha": 828.4039, "mgmt_intensity": "Medium" }, "geometry": { "type": "MultiPolygon", "coordinates": [ [ [ [ -115.6941, 47.6157 ], [ -115.6947, 47.6154 ], [ -115.6938, 47.6162 ], [ -115.6936, 47.6163 ], [ -115.6941, 47.6157 ] ] ], [ [ [ -115.6987, 47.612 ], [ -115.6982, 47.6096 ], [ -115.6989, 47.6119 ], [ -115.6987, 47.612 ] ] ], [ [ [ -115.6985, 47.6069 ], [ -115.6985, 47.607 ], [ -115.6981, 47.6079 ], [ -115.6985, 47.6069 ] ] ], [ [ [ -115.6928, 47.6018 ], [ -115.6933, 47.5998 ], [ -115.6932, 47.6017 ], [ -115.6928, 47.6018 ] ] ], [ [ [ -115.6928, 47.5994 ], [ -115.6929, 47.5991 ], [ -115.6932, 47.5998 ], [ -115.6928, 47.5994 ] ] ], [ [ [ -115.6878, 47.5954 ], [ -115.6887, 47.5942 ], [ -115.6888, 47.5955 ], [ -115.6878, 47.5954 ] ] ], [ [ [ -115.7045, 47.5812 ], [ -115.7054, 47.58 ], [ -115.7056, 47.5782 ], [ -115.7058, 47.5778 ], [ -115.7062, 47.5776 ], [ -115.705, 47.5846 ], [ -115.7045, 47.5812 ] ] ], [ [ [ -115.72, 47.5766 ], [ -115.721, 47.5763 ], [ -115.7203, 47.5766 ], [ -115.72, 47.5766 ] ] ], [ [ [ -115.7221, 47.5731 ], [ -115.7222, 47.5728 ], [ -115.7221, 47.5742 ], [ -115.7221, 47.5731 ] ] ], [ [ [ -115.737, 47.5657 ], [ -115.7363, 47.5663 ], [ -115.7324, 47.5688 ], [ -115.737, 47.5657 ] ] ], [ [ [ -115.7379, 47.5646 ], [ -115.7385, 47.5644 ], [ -115.7374, 47.5652 ], [ -115.7379, 47.5646 ] ] ], [ [ [ -115.741, 47.563 ], [ -115.7412, 47.5627 ], [ -115.7411, 47.5634 ], [ -115.741, 47.5634 ], [ -115.741, 47.563 ] ] ], [ [ [ -115.7444, 47.5601 ], [ -115.7429, 47.5618 ], [ -115.7419, 47.5624 ], [ -115.7444, 47.5601 ] ] ], [ [ [ -115.7443, 47.5593 ], [ -115.7443, 47.559 ], [ -115.7447, 47.5585 ], [ -115.7462, 47.5574 ], [ -115.7443, 47.5593 ] ] ], [ [ [ -115.7509, 47.5542 ], [ -115.7497, 47.5551 ], [ -115.749, 47.5554 ], [ -115.7509, 47.5542 ] ] ], [ [ [ -115.7549, 47.5518 ], [ -115.7543, 47.5526 ], [ -115.7531, 47.553 ], [ -115.7549, 47.5518 ] ] ], [ [ [ -115.7488, 47.5409 ], [ -115.748, 47.5406 ], [ -115.7498, 47.5409 ], [ -115.75, 47.5411 ], [ -115.7488, 47.5409 ] ] ], [ [ [ -115.7459, 47.5397 ], [ -115.7463, 47.5399 ], [ -115.7456, 47.5398 ], [ -115.7459, 47.5397 ] ] ], [ [ [ -115.7361, 47.5397 ], [ -115.7357, 47.5394 ], [ -115.7358, 47.5394 ], [ -115.7361, 47.5397 ] ] ], [ [ [ -115.7316, 47.5373 ], [ -115.7315, 47.5371 ], [ -115.7322, 47.5376 ], [ -115.7316, 47.5373 ] ] ], [ [ [ -115.7189, 47.5334 ], [ -115.7219, 47.5335 ], [ -115.7241, 47.5339 ], [ -115.7189, 47.5334 ] ] ], [ [ [ -115.7021, 47.5342 ], [ -115.7011, 47.5329 ], [ -115.7022, 47.5341 ], [ -115.7021, 47.5342 ] ] ], [ [ [ -115.6982, 47.531 ], [ -115.6981, 47.5305 ], [ -115.6986, 47.5315 ], [ -115.6982, 47.531 ] ] ], [ [ [ -115.6954, 47.5277 ], [ -115.7, 47.5258 ], [ -115.7052, 47.5257 ], [ -115.6954, 47.5277 ] ] ], [ [ [ -115.7068, 47.5249 ], [ -115.7054, 47.5256 ], [ -115.706, 47.5251 ], [ -115.7068, 47.5249 ] ] ], [ [ [ -115.7088, 47.5241 ], [ -115.7107, 47.5236 ], [ -115.7074, 47.5246 ], [ -115.7088, 47.5241 ] ] ], [ [ [ -115.7114, 47.522 ], [ -115.7113, 47.5215 ], [ -115.7116, 47.522 ], [ -115.7114, 47.522 ] ] ], [ [ [ -115.7112, 47.5205 ], [ -115.7115, 47.5193 ], [ -115.7112, 47.521 ], [ -115.7112, 47.5205 ] ] ], [ [ [ -115.7108, 47.5163 ], [ -115.7112, 47.5165 ], [ -115.7114, 47.5171 ], [ -115.7108, 47.5163 ] ] ], [ [ [ -115.7081, 47.5142 ], [ -115.7075, 47.5133 ], [ -115.7082, 47.5142 ], [ -115.7081, 47.5142 ] ] ], [ [ [ -115.7045, 47.5101 ], [ -115.7041, 47.5096 ], [ -115.7051, 47.5105 ], [ -115.7045, 47.5101 ] ] ], [ [ [ -115.7027, 47.5079 ], [ -115.702, 47.5069 ], [ -115.7034, 47.5086 ], [ -115.7027, 47.5079 ] ] ], [ [ [ -115.6954, 47.5021 ], [ -115.6942, 47.5019 ], [ -115.6969, 47.5021 ], [ -115.6954, 47.5021 ] ] ], [ [ [ -115.6922, 47.5017 ], [ -115.6918, 47.5015 ], [ -115.693, 47.5018 ], [ -115.6922, 47.5017 ] ] ], [ [ [ -115.69, 47.5008 ], [ -115.689, 47.4981 ], [ -115.689, 47.497 ], [ -115.69, 47.5008 ] ] ], [ [ [ -115.6883, 47.4949 ], [ -115.6882, 47.4942 ], [ -115.6888, 47.4954 ], [ -115.6888, 47.4961 ], [ -115.6883, 47.4949 ] ] ], [ [ [ -115.6871, 47.4898 ], [ -115.6876, 47.4909 ], [ -115.6882, 47.4936 ], [ -115.6871, 47.4898 ] ] ], [ [ [ -115.6867, 47.4875 ], [ -115.6867, 47.487 ], [ -115.6869, 47.489 ], [ -115.6867, 47.4875 ] ] ], [ [ [ -115.6867, 47.4859 ], [ -115.6868, 47.4861 ], [ -115.6867, 47.4866 ], [ -115.6867, 47.4859 ] ] ], [ [ [ -115.6863, 47.4851 ], [ -115.6866, 47.4854 ], [ -115.6867, 47.4859 ], [ -115.6863, 47.4851 ] ] ], [ [ [ -115.6836, 47.4841 ], [ -115.6832, 47.484 ], [ -115.6841, 47.484 ], [ -115.6854, 47.4846 ], [ -115.6836, 47.4841 ] ] ], [ [ [ -115.6805, 47.4857 ], [ -115.679, 47.4861 ], [ -115.6795, 47.4858 ], [ -115.6805, 47.4857 ] ] ], [ [ [ -115.6771, 47.4865 ], [ -115.6767, 47.4865 ], [ -115.6743, 47.4863 ], [ -115.6727, 47.4868 ], [ -115.6742, 47.4862 ], [ -115.6771, 47.4865 ] ] ], [ [ [ -115.6643, 47.4856 ], [ -115.6651, 47.4863 ], [ -115.6647, 47.4861 ], [ -115.6643, 47.4856 ] ] ], [ [ [ -115.662, 47.4831 ], [ -115.6615, 47.4822 ], [ -115.6612, 47.4812 ], [ -115.662, 47.4831 ] ] ], [ [ [ -115.6591, 47.4782 ], [ -115.6556, 47.4782 ], [ -115.6602, 47.478 ], [ -115.6591, 47.4782 ] ] ], [ [ [ -115.6532, 47.4781 ], [ -115.6526, 47.4778 ], [ -115.654, 47.4782 ], [ -115.6532, 47.4781 ] ] ], [ [ [ -115.6466, 47.4786 ], [ -115.6472, 47.4779 ], [ -115.6476, 47.4778 ], [ -115.6466, 47.4786 ] ] ], [ [ [ -115.6346, 47.4816 ], [ -115.6302, 47.4797 ], [ -115.6347, 47.4815 ], [ -115.6346, 47.4816 ] ] ] ] } },
{ "type": "Feature", "properties": { "district_id": "011607", "forest": "Lolo National Forest", "name": "Superior Ranger District", "acres": 517192.461, "enhanced_count": 7, "total_species": 15, "enhanced_rate": 0.4667, "specialist_count": 0, "harvest_count": 51, "harvest_ha": 3598.0193, "mgmt_intensity": "Medium" }, "geometry": { "type": "MultiPolygon", "coordinates": [ [ [ [ -115.6302, 47.4782 ], [ -115.6306, 47.4775 ], [ -115.6305, 47.4783 ], [ -115.6302, 47.4782 ] ] ], [ [ [ -115.6319, 47.473 ], [ -115.6319, 47.4734 ], [ -115.6323, 47.4745 ], [ -115.6323, 47.475 ], [ -115.6309, 47.4771 ], [ -115.6319, 47.473 ] ] ], [ [ [ -115.6349, 47.4678 ], [ -115.635, 47.4684 ], [ -115.6348, 47.4682 ], [ -115.6349, 47.4678 ] ] ], [ [ [ -115.6373, 47.4642 ], [ -115.6371, 47.4644 ], [ -115.6373, 47.464 ], [ -115.6373, 47.4642 ] ] ], [ [ [ -115.6719, 47.4543 ], [ -115.6711, 47.4546 ], [ -115.6704, 47.4546 ], [ -115.6701, 47.4545 ], [ -115.6719, 47.4543 ] ] ], [ [ [ -115.6756, 47.4532 ], [ -115.6764, 47.4533 ], [ -115.677, 47.4534 ], [ -115.6779, 47.4538 ], [ -115.6788, 47.4544 ], [ -115.6756, 47.4532 ] ] ], [ [ [ -115.6825, 47.4569 ], [ -115.6863, 47.4573 ], [ -115.6824, 47.457 ], [ -115.6825, 47.4569 ] ] ], [ [ [ -115.6873, 47.4571 ], [ -115.6879, 47.4571 ], [ -115.6865, 47.4573 ], [ -115.6873, 47.4571 ] ] ], [ [ [ -115.6905, 47.4572 ], [ -115.69, 47.4573 ], [ -115.6898, 47.4572 ], [ -115.6905, 47.4572 ] ] ], [ [ [ -115.7021, 47.4525 ], [ -115.7026, 47.4525 ], [ -115.7011, 47.4529 ], [ -115.7021, 47.4525 ] ] ], [ [ [ -115.7089, 47.4533 ], [ -115.7071, 47.4533 ], [ -115.7068, 47.4532 ], [ -115.7089, 47.4533 ] ] ], [ [ [ -115.7192, 47.4511 ], [ -115.7207, 47.4506 ], [ -115.7174, 47.4523 ], [ -115.7192, 47.4511 ] ] ], [ [ [ -115.7229, 47.4491 ], [ -115.7225, 47.4495 ], [ -115.7219, 47.4498 ], [ -115.7229, 47.4491 ] ] ], [ [ [ -115.7264, 47.4472 ], [ -115.7278, 47.4468 ], [ -115.7283, 47.4467 ], [ -115.7288, 47.4467 ], [ -115.7264, 47.4472 ] ] ], [ [ [ -115.7296, 47.4459 ], [ -115.7298, 47.4459 ], [ -115.7294, 47.4462 ], [ -115.7296, 47.4459 ] ] ], [ [ [ -115.7347, 47.4441 ], [ -115.7354, 47.444 ], [ -115.734, 47.4443 ], [ -115.7347, 47.4441 ] ] ], [ [ [ -115.74, 47.4428 ], [ -115.7404, 47.4427 ], [ -115.7383, 47.4437 ], [ -115.74, 47.4428 ] ] ], [ [ [ -115.7469, 47.4422 ], [ -115.7458, 47.4423 ], [ -115.7446, 47.4423 ], [ -115.749, 47.4408 ], [ -115.7469, 47.4422 ] ] ], [ [ [ -115.7494, 47.4388 ], [ -115.7499, 47.4384 ], [ -115.7496, 47.4389 ], [ -115.7497, 47.4395 ], [ -115.7495, 47.4401 ], [ -115.7493, 47.4403 ], [ -115.7494, 47.4388 ] ] ], [ [ [ -115.7566, 47.4293 ], [ -115.7565, 47.4293 ], [ -115.7566, 47.4291 ], [ -115.7566, 47.4293 ] ] ], [ [ [ -115.7591, 47.4246 ], [ -115.7593, 47.4243 ], [ -115.7591, 47.425 ], [ -115.7591, 47.4246 ] ] ], [ [ [ -115.7564, 47.4225 ], [ -115.7582, 47.423 ], [ -115.7589, 47.4234 ], [ -115.7564, 47.4225 ] ] ], [ [ [ -115.7514, 47.4221 ], [ -115.7499, 47.4223 ], [ -115.7516, 47.422 ], [ -115.7514, 47.4221 ] ] ], [ [ [ -115.741, 47.4247 ], [ -115.7419, 47.4239 ], [ -115.7425, 47.4237 ], [ -115.741, 47.4247 ] ] ], [ [ [ -115.7386, 47.4263 ], [ -115.738, 47.426 ], [ -115.7392, 47.426 ], [ -115.7386, 47.4263 ] ] ], [ [ [ -115.7317, 47.4248 ], [ -115.7332, 47.4249 ], [ -115.7367, 47.4255 ], [ -115.7317, 47.4248 ] ] ], [ [ [ -115.7239, 47.4257 ], [ -115.7226, 47.4257 ], [ -115.7253, 47.4254 ], [ -115.7239, 47.4257 ] ] ], [ [ [ -115.7169, 47.4199 ], [ -115.7169, 47.4194 ], [ -115.7173, 47.4199 ], [ -115.7169, 47.4199 ] ] ], [ [ [ -115.7158, 47.4181 ], [ -115.7165, 47.4184 ], [ -115.7169, 47.419 ], [ -115.7158, 47.4181 ] ] ], [ [ [ -115.7098, 47.4153 ], [ -115.7106, 47.4152 ], [ -115.7123, 47.4154 ], [ -115.7098, 47.4153 ] ] ], [ [ [ -115.6996, 47.4173 ], [ -115.6963, 47.4152 ], [ -115.6996, 47.4171 ], [ -115.6996, 47.4173 ] ] ], [ [ [ -115.695, 47.4151 ], [ -115.6931, 47.4153 ], [ -115.692, 47.4153 ], [ -115.6932, 47.4151 ], [ -115.6951, 47.415 ], [ -115.6961, 47.4152 ], [ -115.695, 47.4151 ] ] ], [ [ [ -115.6896, 47.4136 ], [ -115.689, 47.4129 ], [ -115.6906, 47.4141 ], [ -115.6911, 47.4148 ], [ -115.6896, 47.4136 ] ] ], [ [ [ -115.6856, 47.4111 ], [ -115.686, 47.4112 ], [ -115.6885, 47.4125 ], [ -115.6856, 47.4111 ] ] ], [ [ [ -115.6843, 47.411 ], [ -115.6832, 47.4109 ], [ -115.6824, 47.4109 ], [ -115.682, 47.4109 ], [ -115.6766, 47.4095 ], [ -115.685, 47.4109 ], [ -115.6856, 47.4111 ], [ -115.6843, 47.411 ] ] ], [ [ [ -115.6753, 47.4089 ], [ -115.6756, 47.4085 ], [ -115.6754, 47.4094 ], [ -115.6753, 47.4089 ] ] ], [ [ [ -115.6769, 47.4035 ], [ -115.6771, 47.4028 ], [ -115.6773, 47.4025 ], [ -115.6769, 47.4052 ], [ -115.6769, 47.4035 ] ] ], [ [ [ -115.6733, 47.4025 ], [ -115.6687, 47.4014 ], [ -115.6732, 47.4024 ], [ -115.6733, 47.4025 ] ] ], [ [ [ -115.6634, 47.4029 ], [ -115.6628, 47.4028 ], [ -115.6639, 47.4028 ], [ -115.6634, 47.4029 ] ] ], [ [ [ -115.6573, 47.4002 ], [ -115.6575, 47.3998 ], [ -115.658, 47.4005 ], [ -115.6573, 47.4002 ] ] ], [ [ [ -115.6573, 47.3974 ], [ -115.6573, 47.3968 ], [ -115.6575, 47.398 ], [ -115.6573, 47.3974 ] ] ], [ [ [ -115.65, 47.3923 ], [ -115.6498, 47.3917 ], [ -115.6508, 47.3927 ], [ -115.65, 47.3923 ] ] ], [ [ [ -115.6498, 47.3908 ], [ -115.6498, 47.3909 ], [ -115.6495, 47.3904 ], [ -115.6498, 47.3908 ] ] ], [ [ [ -115.6463, 47.3878 ], [ -115.6467, 47.3863 ], [ -115.6475, 47.3858 ], [ -115.6463, 47.3878 ] ] ], [ [ [ -115.6481, 47.3836 ], [ -115.6483, 47.3829 ], [ -115.6483, 47.3843 ], [ -115.6481, 47.3836 ] ] ], [ [ [ -115.6461, 47.3811 ], [ -115.6458, 47.3808 ], [ -115.6472, 47.3818 ], [ -115.6461, 47.3811 ] ] ], [ [ [ -115.6412, 47.3782 ], [ -115.6397, 47.3786 ], [ -115.6415, 47.378 ], [ -115.6412, 47.3782 ] ] ], [ [ [ -115.6366, 47.3797 ], [ -115.6324, 47.3793 ], [ -115.6364, 47.3796 ], [ -115.6366, 47.3797 ] ] ], [ [ [ -115.6253, 47.3812 ], [ -115.6217, 47.3818 ], [ -115.628, 47.3801 ], [ -115.6253, 47.3812 ] ] ], [ [ [ -115.6181, 47.3826 ], [ -115.6169, 47.3824 ], [ -115.6196, 47.3822 ], [ -115.6181, 47.3826 ] ] ], [ [ [ -115.6147, 47.3817 ], [ -115.613, 47.3811 ], [ -115.6137, 47.3812 ], [ -115.6147, 47.3817 ] ] ], [ [ [ -115.6097, 47.3807 ], [ -115.6092, 47.3804 ], [ -115.6103, 47.3807 ], [ -115.6097, 47.3807 ] ] ], [ [ [ -115.6019, 47.3775 ], [ -115.6017, 47.3774 ], [ -115.6023, 47.3776 ], [ -115.6019, 47.3775 ] ] ], [ [ [ -115.5992, 47.3743 ], [ -115.6001, 47.3754 ], [ -115.5997, 47.3752 ], [ -115.5992, 47.3743 ] ] ], [ [ [ -115.5958, 47.3717 ], [ -115.5939, 47.3711 ], [ -115.5957, 47.3715 ], [ -115.5958, 47.3717 ] ] ], [ [ [ -115.5894, 47.3702 ], [ -115.5882, 47.3702 ], [ -115.5904, 47.3701 ], [ -115.5894, 47.3702 ] ] ], [ [ [ -115.5861, 47.3701 ], [ -115.5845, 47.3688 ], [ -115.5867, 47.3703 ], [ -115.5861, 47.3701 ] ] ], [ [ [ -115.5774, 47.3673 ], [ -115.5761, 47.3657 ], [ -115.5768, 47.3643 ], [ -115.5774, 47.3673 ] ] ], [ [ [ -115.5777, 47.3619 ], [ -115.5779, 47.3616 ], [ -115.5774, 47.3629 ], [ -115.5777, 47.3619 ] ] ], [ [ [ -115.5712, 47.3557 ], [ -115.5697, 47.3549 ], [ -115.5679, 47.3536 ], [ -115.5712, 47.3557 ] ] ], [ [ [ -115.5619, 47.3523 ], [ -115.5614, 47.3522 ], [ -115.5643, 47.3521 ], [ -115.565, 47.3524 ], [ -115.5619, 47.3523 ] ] ], [ [ [ -115.5562, 47.3532 ], [ -115.5592, 47.3526 ], [ -115.5576, 47.3535 ], [ -115.5562, 47.3532 ] ] ], [ [ [ -115.5554, 47.3525 ], [ -115.556, 47.353 ], [ -115.5551, 47.3524 ], [ -115.5554, 47.3525 ] ] ], [ [ [ -115.5508, 47.3497 ], [ -115.5506, 47.3484 ], [ -115.551, 47.349 ], [ -115.5508, 47.3497 ] ] ], [ [ [ -115.5488, 47.347 ], [ -115.549, 47.3461 ], [ -115.5493, 47.3452 ], [ -115.5488, 47.347 ] ] ], [ [ [ -115.5488, 47.3431 ], [ -115.5493, 47.342 ], [ -115.5493, 47.3441 ], [ -115.5488, 47.3431 ] ] ], [ [ [ -115.5492, 47.3389 ], [ -115.5494, 47.3384 ], [ -115.5495, 47.3388 ], [ -115.5492, 47.3389 ] ] ], [ [ [ -115.5502, 47.3364 ], [ -115.5506, 47.3354 ], [ -115.55, 47.3372 ], [ -115.5502, 47.3364 ] ] ], [ [ [ -115.5502, 47.3338 ], [ -115.5505, 47.3343 ], [ -115.5506, 47.3348 ], [ -115.5502, 47.3338 ] ] ], [ [ [ -115.5467, 47.3326 ], [ -115.5459, 47.3318 ], [ -115.5494, 47.3334 ], [ -115.5467, 47.3326 ] ] ], [ [ [ -115.5428, 47.3303 ], [ -115.5425, 47.33 ], [ -115.5443, 47.331 ], [ -115.5428, 47.3303 ] ] ], [ [ [ -115.5388, 47.3289 ], [ -115.5407, 47.3265 ], [ -115.5395, 47.3284 ], [ -115.5388, 47.3289 ] ] ], [ [ [ -115.5394, 47.3231 ], [ -115.5394, 47.3223 ], [ -115.54, 47.3235 ], [ -115.5394, 47.3231 ] ] ], [ [ [ -115.5374, 47.3196 ], [ -115.5373, 47.3184 ], [ -115.5382, 47.3203 ], [ -115.5374, 47.3196 ] ] ], [ [ [ -115.5349, 47.316 ], [ -115.5351, 47.3163 ], [ -115.5344, 47.3157 ], [ -115.5349, 47.316 ] ] ], [ [ [ -115.5279, 47.3088 ], [ -115.5284, 47.3083 ], [ -115.5288, 47.3094 ], [ -115.5279, 47.3088 ] ] ], [ [ [ -115.5281, 47.3044 ], [ -115.5285, 47.3039 ], [ -115.5282, 47.3052 ], [ -115.5281, 47.3044 ] ] ], [ [ [ -115.5286, 47.3029 ], [ -115.5286, 47.3034 ], [ -115.5285, 47.3031 ], [ -115.5286, 47.3029 ] ] ], [ [ [ -115.5083, 47.293 ], [ -115.5083, 47.2929 ], [ -115.5097, 47.2934 ], [ -115.5083, 47.293 ] ] ], [ [ [ -115.4902, 47.2892 ], [ -115.4891, 47.2885 ], [ -115.4888, 47.2879 ], [ -115.4902, 47.2892 ] ] ], [ [ [ -115.4823, 47.2815 ], [ -115.484, 47.2823 ], [ -115.4852, 47.2836 ], [ -115.4823, 47.2815 ] ] ], [ [ [ -115.4692, 47.2861 ], [ -115.4696, 47.2858 ], [ -115.4695, 47.286 ], [ -115.4692, 47.2861 ] ] ], [ [ [ -115.4611, 47.2853 ], [ -115.4599, 47.2841 ], [ -115.4655, 47.2866 ], [ -115.4611, 47.2853 ] ] ], [ [ [ -115.4573, 47.2784 ], [ -115.4576, 47.2793 ], [ -115.4575, 47.2803 ], [ -115.4573, 47.2784 ] ] ], [ [ [ -115.4365, 47.2804 ], [ -115.4357, 47.2802 ], [ -115.4369, 47.2796 ], [ -115.4365, 47.2804 ] ] ], [ [ [ -115.4286, 47.2801 ], [ -115.4273, 47.2801 ], [ -115.4299, 47.2799 ], [ -115.4286, 47.2801 ] ] ], [ [ [ -115.426, 47.2803 ], [ -115.4205, 47.2775 ], [ -115.4207, 47.2766 ], [ -115.426, 47.2803 ] ] ], [ [ [ -115.4151, 47.2686 ], [ -115.4146, 47.2679 ], [ -115.419, 47.2699 ], [ -115.4151, 47.2686 ] ] ], [ [ [ -115.4137, 47.2668 ], [ -115.4137, 47.2665 ], [ -115.4142, 47.2672 ], [ -115.4137, 47.2668 ] ] ], [ [ [ -115.4044, 47.2652 ], [ -115.4028, 47.2648 ], [ -115.4056, 47.2645 ], [ -115.4044, 47.2652 ] ] ], [ [ [ -115.4005, 47.2651 ], [ -115.3997, 47.265 ], [ -115.4017, 47.265 ], [ -115.4005, 47.2651 ] ] ], [ [ [ -115.3965, 47.2654 ], [ -115.3962, 47.2655 ], [ -115.3953, 47.2654 ], [ -115.3965, 47.2654 ] ] ], [ [ [ -115.3899, 47.2658 ], [ -115.3921, 47.2654 ], [ -115.3938, 47.2653 ], [ -115.3899, 47.2658 ] ] ], [ [ [ -115.3867, 47.2672 ], [ -115.3849, 47.2678 ], [ -115.3843, 47.2676 ], [ -115.3867, 47.2672 ] ] ], [ [ [ -115.3807, 47.2663 ], [ -115.3797, 47.2657 ], [ -115.3827, 47.2665 ], [ -115.3807, 47.2663 ] ] ], [ [ [ -115.3713, 47.2653 ], [ -115.3583, 47.2597 ], [ -115.3711, 47.2649 ], [ -115.3713, 47.2653 ] ] ], [ [ [ -115.3561, 47.2612 ], [ -115.3548, 47.2614 ], [ -115.358, 47.2598 ], [ -115.3561, 47.2612 ] ] ], [ [ [ -115.3538, 47.2621 ], [ -115.3464, 47.2605 ], [ -115.3495, 47.2603 ], [ -115.3538, 47.2621 ] ] ], [ [ [ -115.3404, 47.2629 ], [ -115.3341, 47.2601 ], [ -115.3406, 47.2626 ], [ -115.3404, 47.2629 ] ] ], [ [ [ -115.3309, 47.2589 ], [ -115.3319, 47.2593 ], [ -115.3304, 47.2589 ], [ -115.3309, 47.2589 ] ] ], [ [ [ -115.3198, 47.2567 ], [ -115.3197, 47.2562 ], [ -115.3213, 47.2566 ], [ -115.3198, 47.2567 ] ] ], [ [ [ -115.3198, 47.2554 ], [ -115.3197, 47.2558 ], [ -115.3197, 47.2552 ], [ -115.3198, 47.2554 ] ] ], [ [ [ -115.323, 47.247 ], [ -115.3232, 47.2468 ], [ -115.3207, 47.2497 ], [ -115.323, 47.247 ] ] ], [ [ [ -115.3247, 47.245 ], [ -115.3246, 47.2452 ], [ -115.3244, 47.2447 ], [ -115.3247, 47.245 ] ] ], [ [ [ -115.3205, 47.2422 ], [ -115.3201, 47.2415 ], [ -115.32, 47.2411 ], [ -115.3205, 47.2422 ] ] ], [ [ [ -115.3158, 47.2328 ], [ -115.3111, 47.2297 ], [ -115.3076, 47.2298 ], [ -115.307, 47.2296 ], [ -115.2988, 47.2255 ], [ -115.2951, 47.2205 ], [ -115.2995, 47.2253 ], [ -115.3119, 47.2298 ], [ -115.3174, 47.2336 ], [ -115.3158, 47.2328 ] ] ], [ [ [ -115.2946, 47.2162 ], [ -115.2938, 47.2139 ], [ -115.2945, 47.2152 ], [ -115.2946, 47.2162 ] ] ], [ [ [ -115.2915, 47.2105 ], [ -115.2918, 47.2097 ], [ -115.2925, 47.2089 ], [ -115.2915, 47.2105 ] ] ], [ [ [ -115.297, 47.2035 ], [ -115.296, 47.2057 ], [ -115.2938, 47.2079 ], [ -115.297, 47.2035 ] ] ], [ [ [ -115.2984, 47.1998 ], [ -115.2988, 47.1992 ], [ -115.2978, 47.2015 ], [ -115.2984, 47.1998 ] ] ], [ [ [ -115.2993, 47.1982 ], [ -115.2992, 47.1984 ], [ -115.2993, 47.1976 ], [ -115.2993, 47.1982 ] ] ], [ [ [ -115.3006, 47.1909 ], [ -115.3009, 47.1896 ], [ -115.3015, 47.1929 ], [ -115.3012, 47.1934 ], [ -115.3006, 47.1909 ] ] ], [ [ [ -115.296, 47.187 ], [ -115.2959, 47.1869 ], [ -115.2962, 47.1869 ], [ -115.296, 47.187 ] ] ], [ [ [ -115.272, 47.1826 ], [ -115.2694, 47.1817 ], [ -115.2731, 47.1826 ], [ -115.272, 47.1826 ] ] ], [ [ [ -115.2632, 47.1817 ], [ -115.2629, 47.1818 ], [ -115.2624, 47.1817 ], [ -115.2632, 47.1817 ] ] ], [ [ [ -115.2607, 47.1802 ], [ -115.2613, 47.1807 ], [ -115.2616, 47.1812 ], [ -115.2607, 47.1802 ] ] ], [ [ [ -115.256, 47.173 ], [ -115.2564, 47.1719 ], [ -115.2561, 47.174 ], [ -115.256, 47.173 ] ] ], [ [ [ -115.2558, 47.166 ], [ -115.2558, 47.1656 ], [ -115.256, 47.1667 ], [ -115.2558, 47.166 ] ] ], [ [ [ -115.2493, 47.1597 ], [ -115.2488, 47.1577 ], [ -115.2544, 47.1617 ], [ -115.2493, 47.1597 ] ] ], [ [ [ -115.248, 47.1565 ], [ -115.248, 47.1563 ], [ -115.2485, 47.1572 ], [ -115.248, 47.1565 ] ] ], [ [ [ -115.2314, 47.1503 ], [ -115.2309, 47.1501 ], [ -115.2314, 47.1502 ], [ -115.2314, 47.1503 ] ] ], [ [ [ -115.2241, 47.1489 ], [ -115.2261, 47.1489 ], [ -115.2296, 47.1496 ], [ -115.2241, 47.1489 ] ] ], [ [ [ -115.2219, 47.149 ], [ -115.2204, 47.1478 ], [ -115.2234, 47.1491 ], [ -115.2219, 47.149 ] ] ], [ [ [ -115.2163, 47.1458 ], [ -115.2162, 47.1455 ], [ -115.2171, 47.1462 ], [ -115.2163, 47.1458 ] ] ], [ [ [ -115.2125, 47.142 ], [ -115.203, 47.1398 ], [ -115.2123, 47.1418 ], [ -115.2125, 47.142 ] ] ], [ [ [ -115.1916, 47.1325 ], [ -115.1912, 47.1321 ], [ -115.1922, 47.1326 ], [ -115.1916, 47.1325 ] ] ], [ [ [ -115.186, 47.1294 ], [ -115.1864, 47.1285 ], [ -115.1872, 47.1299 ], [ -115.186, 47.1294 ] ] ], [ [ [ -115.1866, 47.1249 ], [ -115.1867, 47.125 ], [ -115.1868, 47.1256 ], [ -115.1866, 47.1249 ] ] ], [ [ [ -115.1856, 47.1239 ], [ -115.1853, 47.1233 ], [ -115.1862, 47.1243 ], [ -115.1856, 47.1239 ] ] ], [ [ [ -115.184, 47.1222 ], [ -115.1845, 47.1227 ], [ -115.1842, 47.1225 ], [ -115.184, 47.1222 ] ] ], [ [ [ -115.1801, 47.1206 ], [ -115.1804, 47.1207 ], [ -115.1797, 47.1206 ], [ -115.1801, 47.1206 ] ] ], [ [ [ -115.1788, 47.1184 ], [ -115.1788, 47.118 ], [ -115.179, 47.119 ], [ -115.1788, 47.1184 ] ] ], [ [ [ -115.1711, 47.1064 ], [ -115.1715, 47.1067 ], [ -115.1701, 47.106 ], [ -115.1711, 47.1064 ] ] ], [ [ [ -115.1678, 47.1053 ], [ -115.1701, 47.106 ], [ -115.1688, 47.1057 ], [ -115.1678, 47.1053 ] ] ], [ [ [ -115.1632, 47.1031 ], [ -115.1611, 47.1026 ], [ -115.1604, 47.1023 ], [ -115.1627, 47.1028 ], [ -115.1644, 47.1034 ], [ -115.1632, 47.1031 ] ] ], [ [ [ -115.1588, 47.1028 ], [ -115.1576, 47.1028 ], [ -115.1594, 47.1023 ], [ -115.1588, 47.1028 ] ] ], [ [ [ -115.1558, 47.1028 ], [ -115.1557, 47.1027 ], [ -115.1562, 47.1028 ], [ -115.1558, 47.1028 ] ] ], [ [ [ -115.1511, 47.102 ], [ -115.1505, 47.1018 ], [ -115.152, 47.102 ], [ -115.1511, 47.102 ] ] ], [ [ [ -115.1473, 47.1033 ], [ -115.1465, 47.1027 ], [ -115.1471, 47.103 ], [ -115.1473, 47.1033 ] ] ], [ [ [ -115.144, 47.1018 ], [ -115.1436, 47.1009 ], [ -115.1441, 47.1018 ], [ -115.144, 47.1018 ] ] ], [ [ [ -115.1411, 47.0986 ], [ -115.1408, 47.098 ], [ -115.1422, 47.0992 ], [ -115.1411, 47.0986 ] ] ], [ [ [ -115.1403, 47.0964 ], [ -115.1411, 47.0961 ], [ -115.1405, 47.0971 ], [ -115.1403, 47.0964 ] ] ], [ [ [ -115.1414, 47.094 ], [ -115.1425, 47.0927 ], [ -115.1425, 47.0933 ], [ -115.1414, 47.094 ] ] ], [ [ [ -115.1414, 47.0873 ], [ -115.1417, 47.0857 ], [ -115.1401, 47.084 ], [ -115.1396, 47.0801 ], [ -115.1418, 47.0858 ], [ -115.1414, 47.0873 ] ] ], [ [ [ -115.1352, 47.0759 ], [ -115.1349, 47.0757 ], [ -115.1348, 47.0755 ], [ -115.1352, 47.0759 ] ] ], [ [ [ -115.1318, 47.0706 ], [ -115.1312, 47.0691 ], [ -115.1323, 47.0712 ], [ -115.1318, 47.0706 ] ] ], [ [ [ -115.1278, 47.0667 ], [ -115.1296, 47.0676 ], [ -115.1311, 47.0689 ], [ -115.1278, 47.0667 ] ] ], [ [ [ -115.1267, 47.0661 ], [ -115.125, 47.0657 ], [ -115.1264, 47.0659 ], [ -115.1267, 47.0661 ] ] ], [ [ [ -115.1224, 47.0658 ], [ -115.1172, 47.0581 ], [ -115.1224, 47.0632 ], [ -115.1224, 47.0658 ] ] ], [ [ [ -115.1147, 47.0565 ], [ -115.1133, 47.0551 ], [ -115.1159, 47.0573 ], [ -115.1147, 47.0565 ] ] ], [ [ [ -115.1074, 47.0497 ], [ -115.1053, 47.0482 ], [ -115.1075, 47.0495 ], [ -115.1074, 47.0497 ] ] ], [ [ [ -115.098, 47.0486 ], [ -115.0965, 47.048 ], [ -115.0952, 47.0479 ], [ -115.0931, 47.0474 ], [ -115.0897, 47.0463 ], [ -115.1044, 47.0478 ], [ -115.098, 47.0486 ] ] ], [ [ [ -115.0882, 47.0425 ], [ -115.0884, 47.0413 ], [ -115.0886, 47.0415 ], [ -115.0882, 47.0425 ] ] ], [ [ [ -115.087, 47.0402 ], [ -115.0866, 47.04 ], [ -115.0871, 47.0401 ], [ -115.0873, 47.0402 ], [ -115.087, 47.0402 ] ] ], [ [ [ -115.0819, 47.0382 ], [ -115.0809, 47.0362 ], [ -115.0806, 47.0347 ], [ -115.0806, 47.0339 ], [ -115.0807, 47.0331 ], [ -115.0819, 47.0382 ] ] ], [ [ [ -115.0811, 47.0302 ], [ -115.0813, 47.0307 ], [ -115.0808, 47.0325 ], [ -115.0811, 47.0302 ] ] ], [ [ [ -115.08, 47.0285 ], [ -115.0811, 47.0298 ], [ -115.0811, 47.0302 ], [ -115.08, 47.0285 ] ] ], [ [ [ -115.0731, 47.0257 ], [ -115.0755, 47.0256 ], [ -115.076, 47.0259 ], [ -115.0731, 47.0257 ] ] ], [ [ [ -115.0717, 47.0264 ], [ -115.0717, 47.026 ], [ -115.0728, 47.0258 ], [ -115.0717, 47.0264 ] ] ], [ [ [ -115.0717, 47.0246 ], [ -115.0723, 47.0239 ], [ -115.0717, 47.0256 ], [ -115.0717, 47.0246 ] ] ], [ [ [ -115.0697, 47.0181 ], [ -115.0696, 47.0162 ], [ -115.0711, 47.0217 ], [ -115.0697, 47.0181 ] ] ], [ [ [ -115.07, 47.0146 ], [ -115.0713, 47.0141 ], [ -115.0695, 47.0153 ], [ -115.07, 47.0146 ] ] ], [ [ [ -115.0709, 47.0095 ], [ -115.0714, 47.0103 ], [ -115.0709, 47.0099 ], [ -115.0709, 47.0095 ] ] ], [ [ [ -115.0691, 47.0075 ], [ -115.0688, 47.007 ], [ -115.0704, 47.0086 ], [ -115.0691, 47.0075 ] ] ], [ [ [ -115.0651, 47.0002 ], [ -115.066, 46.9976 ], [ -115.0656, 47.0005 ], [ -115.0651, 47.0002 ] ] ], [ [ [ -115.0611, 46.9919 ], [ -115.0573, 46.9868 ], [ -115.0568, 46.9852 ], [ -115.0611, 46.9919 ] ] ], [ [ [ -115.0541, 46.9838 ], [ -115.0532, 46.9834 ], [ -115.0515, 46.9818 ], [ -115.0541, 46.9838 ] ] ], [ [ [ -115.0498, 46.9809 ], [ -115.0503, 46.9792 ], [ -115.0502, 46.9809 ], [ -115.0498, 46.9809 ] ] ], [ [ [ -115.0509, 46.9754 ], [ -115.0515, 46.9751 ], [ -115.0506, 46.9757 ], [ -115.0509, 46.9754 ] ] ], [ [ [ -115.0508, 46.9736 ], [ -115.051, 46.9738 ], [ -115.0508, 46.9737 ], [ -115.0508, 46.9736 ] ] ], [ [ [ -115.0448, 46.97 ], [ -115.0472, 46.9695 ], [ -115.0476, 46.9695 ], [ -115.0479, 46.9695 ], [ -115.0448, 46.97 ] ] ], [ [ [ -115.037, 46.9706 ], [ -115.0379, 46.9705 ], [ -115.0405, 46.9705 ], [ -115.037, 46.9706 ] ] ], [ [ [ -115.035, 46.9716 ], [ -115.0311, 46.9718 ], [ -115.0363, 46.971 ], [ -115.035, 46.9716 ] ] ], [ [ [ -115.0299, 46.9723 ], [ -115.0303, 46.9722 ], [ -115.0297, 46.9725 ], [ -115.0299, 46.9723 ] ] ], [ [ [ -115.0297, 46.9752 ], [ -115.0286, 46.9757 ], [ -115.0234, 46.975 ], [ -115.0297, 46.9752 ] ] ], [ [ [ -115.0117, 46.9743 ], [ -115.0013, 46.9719 ], [ -115.0009, 46.9678 ], [ -115.0117, 46.9743 ] ] ], [ [ [ -114.9942, 46.9625 ], [ -114.9939, 46.9622 ], [ -114.9938, 46.9616 ], [ -114.9942, 46.9625 ] ] ], [ [ [ -114.9918, 46.9586 ], [ -114.9895, 46.956 ], [ -114.9874, 46.9547 ], [ -114.9893, 46.9556 ], [ -114.9918, 46.9586 ] ] ], [ [ [ -114.9724, 46.9403 ], [ -114.9745, 46.9413 ], [ -114.9754, 46.942 ], [ -114.9724, 46.9403 ] ] ], [ [ [ -114.9711, 46.939 ], [ -114.9689, 46.9388 ], [ -114.9711, 46.9388 ], [ -114.9711, 46.939 ] ] ], [ [ [ -114.9645, 46.9381 ], [ -114.9645, 46.938 ], [ -114.9663, 46.9379 ], [ -114.967, 46.9383 ], [ -114.9645, 46.9381 ] ] ] ] } },
{ "type": "Feature", "properties": { "district_id": "011701", "forest": "Nez Perce-Clearwater National Forest", "name": "Salmon River Ranger District", "acres": 532826.213, "enhanced_count": 32, "total_species": 49, "enhanced_rate": 0.6531, "specialist_count": 0, "harvest_count": 2810, "harvest_ha": 315188.6236, "mgmt_intensity": "High" }, "geometry": { "type": "MultiPolygon", "coordinates": [ [ [ [ -116.329, 45.4099 ], [ -116.3303, 45.4124 ], [ -116.3276, 45.4124 ], [ -116.329, 45.4099 ] ] ], [ [ [ -116.4236, 45.7094 ], [ -116.3905, 45.7139 ], [ -116.3911, 45.6705 ], [ -116.3272, 45.6561 ], [ -116.327, 45.5688 ], [ -116.3479, 45.5689 ], [ -116.3528, 45.4555 ], [ -116.3935, 45.4555 ], [ -116.3933, 45.3906 ], [ -116.4138, 45.3906 ], [ -116.4137, 45.369 ], [ -116.3932, 45.369 ], [ -116.3831, 45.3039 ], [ -116.3626, 45.2967 ], [ -116.3522, 45.2678 ], [ -116.5319, 45.2679 ], [ -116.541, 45.29 ], [ -116.4962, 45.3262 ], [ -116.5087, 45.3485 ], [ -116.4819, 45.3884 ], [ -116.4741, 45.4419 ], [ -116.4416, 45.4702 ], [ -116.4508, 45.5007 ], [ -116.4232, 45.5133 ], [ -116.4086, 45.5551 ], [ -116.3785, 45.5793 ], [ -116.3906, 45.6074 ], [ -116.3809, 45.6422 ], [ -116.4279, 45.6928 ], [ -116.4236, 45.7094 ] ] ], [ [ [ -116.2951, 45.5725 ], [ -116.2958, 45.5809 ], [ -116.2879, 45.5763 ], [ -116.2951, 45.5725 ] ] ], [ [ [ -116.2822, 45.6394 ], [ -116.2795, 45.6361 ], [ -116.2822, 45.6352 ], [ -116.2822, 45.6394 ] ] ], [ [ [ -115.8494, 45.9901 ], [ -115.7844, 45.9329 ], [ -115.7363, 45.9439 ], [ -115.7041, 45.8826 ], [ -115.7254, 45.8065 ], [ -115.7663, 45.7966 ], [ -115.7784, 45.7551 ], [ -115.8116, 45.7274 ], [ -115.7489, 45.7086 ], [ -115.7542, 45.676 ], [ -115.7349, 45.6641 ], [ -115.7491, 45.6286 ], [ -115.8323, 45.6002 ], [ -115.8464, 45.5798 ], [ -115.8338, 45.5643 ], [ -115.8597, 45.5348 ], [ -115.8549, 45.5079 ], [ -115.8089, 45.4681 ], [ -115.9292, 45.4599 ], [ -116.1106, 45.4016 ], [ -116.1431, 45.4275 ], [ -116.2099, 45.3991 ], [ -116.2702, 45.4204 ], [ -116.2704, 45.5397 ], [ -116.2033, 45.5396 ], [ -116.2028, 45.7139 ], [ -116.1821, 45.7139 ], [ -116.1821, 45.7573 ], [ -116.2236, 45.7719 ], [ -116.2235, 45.8008 ], [ -116.1406, 45.8018 ], [ -116.1398, 45.8597 ], [ -116.0374, 45.8593 ], [ -116.0369, 45.9026 ], [ -116.0164, 45.9024 ], [ -116.0057, 45.9457 ], [ -115.9743, 45.9457 ], [ -115.9748, 45.9608 ], [ -115.9322, 45.9607 ], [ -115.933, 45.9751 ], [ -115.8914, 45.9754 ], [ -115.8914, 45.9898 ], [ -115.8494, 45.9901 ] ] ], [ [ [ -116.1054, 45.9273 ], [ -116.1086, 45.9284 ], [ -116.1054, 45.9284 ], [ -116.1054, 45.9273 ] ] ] ] } },
{ "type": "Feature", "properties": { "district_id": "011705", "forest": "Nez Perce-Clearwater National Forest", "name": "Red River Ranger District", "acres": 781575.909, "enhanced_count": 20, "total_species": 35, "enhanced_rate": 0.5714, "specialist_count": 0, "harvest_count": 2230, "harvest_ha": 168019.616, "mgmt_intensity": "High" }, "geometry": { "type": "MultiPolygon", "coordinates": [ [ [ [ -115.6591, 46.0095 ], [ -115.652, 45.9954 ], [ -115.5935, 45.9904 ], [ -115.5916, 45.9596 ], [ -115.5574, 45.9346 ], [ -115.5095, 45.9506 ], [ -115.4587, 46.002 ], [ -115.4379, 46.0035 ], [ -115.426, 45.9643 ], [ -115.3795, 45.9451 ], [ -115.38, 45.9277 ], [ -115.3551, 45.9215 ], [ -115.3323, 45.8883 ], [ -115.3143, 45.8948 ], [ -115.3163, 45.9109 ], [ -115.2799, 45.9167 ], [ -115.2459, 45.9125 ], [ -115.2388, 45.8817 ], [ -115.1181, 45.8755 ], [ -115.1209, 45.8918 ], [ -115.0703, 45.9423 ], [ -114.9965, 45.9114 ], [ -114.9698, 45.9167 ], [ -114.9771, 45.8976 ], [ -114.8902, 45.8693 ], [ -114.9303, 45.8119 ], [ -114.9133, 45.7929 ], [ -114.9271, 45.7685 ], [ -114.9922, 45.7041 ], [ -114.9884, 45.6784 ], [ -114.9472, 45.6838 ], [ -114.973, 45.6094 ], [ -114.9669, 45.5642 ], [ -115.0316, 45.5068 ], [ -115.2157, 45.5695 ], [ -115.2539, 45.5394 ], [ -115.314, 45.5238 ], [ -115.3547, 45.4752 ], [ -115.4277, 45.4577 ], [ -115.5092, 45.3756 ], [ -115.6132, 45.397 ], [ -115.6674, 45.4344 ], [ -115.754, 45.4447 ], [ -115.8158, 45.4714 ], [ -115.8549, 45.5079 ], [ -115.8597, 45.5348 ], [ -115.8338, 45.5643 ], [ -115.8464, 45.5798 ], [ -115.8323, 45.6002 ], [ -115.7491, 45.6286 ], [ -115.7349, 45.6641 ], [ -115.7542, 45.676 ], [ -115.7489, 45.7086 ], [ -115.8116, 45.7274 ], [ -115.7784, 45.7551 ], [ -115.7663, 45.7966 ], [ -115.7254, 45.8065 ], [ -115.7041, 45.8826 ], [ -115.7113, 45.9155 ], [ -115.7387, 45.9371 ], [ -115.6826, 46.0018 ], [ -115.6591, 46.0095 ] ], [ [ -115.4018, 45.8879 ], [ -115.5254, 45.8879 ], [ -115.5252, 45.8001 ], [ -115.4019, 45.8002 ], [ -115.4018, 45.8879 ] ] ], [ [ [ -115.4329, 45.8304 ], [ -115.4341, 45.8288 ], [ -115.4357, 45.8296 ], [ -115.4329, 45.8304 ] ] ] ] } },
{ "type": "Feature", "properties": { "district_id": "011706", "forest": "Nez Perce-Clearwater National Forest", "name": "Moose Creek Ranger District", "acres": 822613.649, "enhanced_count": 14, "total_species": 25, "enhanced_rate": 0.56, "specialist_count": 1, "harvest_count": 1892, "harvest_ha": 142821.5764, "mgmt_intensity": "High" }, "geometry": { "type": "Polygon", "coordinates": [ [ [ -114.4669, 46.272 ], [ -114.4442, 46.1691 ], [ -114.515, 46.1677 ], [ -114.5274, 46.1454 ], [ -114.5211, 46.1252 ], [ -114.4602, 46.0969 ], [ -114.4683, 46.0628 ], [ -114.5067, 46.0385 ], [ -114.4768, 46.0238 ], [ -114.4862, 45.9988 ], [ -114.5201, 45.9987 ], [ -114.6074, 45.9587 ], [ -114.6955, 45.9532 ], [ -114.7853, 45.9811 ], [ -114.8274, 45.9715 ], [ -114.8699, 45.9227 ], [ -114.9237, 45.9196 ], [ -114.88, 45.8855 ], [ -114.8902, 45.8693 ], [ -114.9771, 45.8976 ], [ -114.9698, 45.9167 ], [ -114.9965, 45.9114 ], [ -115.0703, 45.9423 ], [ -115.1209, 45.8918 ], [ -115.1181, 45.8755 ], [ -115.2388, 45.8817 ], [ -115.2459, 45.9125 ], [ -115.2799, 45.9167 ], [ -115.3163, 45.9109 ], [ -115.3143, 45.8948 ], [ -115.3323, 45.8883 ], [ -115.3551, 45.9215 ], [ -115.38, 45.9277 ], [ -115.3795, 45.9451 ], [ -115.426, 45.9643 ], [ -115.4204, 45.9793 ], [ -115.4502, 46.0073 ], [ -115.5095, 45.9506 ], [ -115.5574, 45.9346 ], [ -115.5916, 45.9596 ], [ -115.5935, 45.9904 ], [ -115.652, 45.9954 ], [ -115.6603, 46.0106 ], [ -115.7224, 45.9461 ], [ -115.7727, 45.9325 ], [ -115.8373, 45.9611 ], [ -115.8501, 45.9814 ], [ -115.8501, 46.0198 ], [ -115.8286, 46.0187 ], [ -115.8286, 46.062 ], [ -115.7664, 46.0618 ], [ -115.765, 46.1265 ], [ -115.7308, 46.1495 ], [ -115.5218, 46.1356 ], [ -115.4763, 46.1584 ], [ -115.3976, 46.1365 ], [ -115.2811, 46.1886 ], [ -115.216, 46.1696 ], [ -115.1773, 46.214 ], [ -115.2083, 46.2517 ], [ -115.1612, 46.2615 ], [ -115.0997, 46.3129 ], [ -115.0261, 46.314 ], [ -115.0139, 46.3319 ], [ -114.9791, 46.3376 ], [ -114.9663, 46.3612 ], [ -114.933, 46.3561 ], [ -114.8805, 46.3745 ], [ -114.8561, 46.3422 ], [ -114.8211, 46.3479 ], [ -114.8085, 46.3283 ], [ -114.7673, 46.3201 ], [ -114.7453, 46.2429 ], [ -114.7098, 46.2477 ], [ -114.6698, 46.2809 ], [ -114.5967, 46.2743 ], [ -114.5651, 46.2904 ], [ -114.4669, 46.272 ] ] ] } },
{ "type": "Feature", "properties": { "district_id": "011752", "forest": "Nez Perce-Clearwater National Forest", "name": "Palouse Ranger District", "acres": 206305.294, "enhanced_count": 26, "total_species": 27, "enhanced_rate": 0.963, "specialist_count": 0, "harvest_count": 13268, "harvest_ha": 998545.5497, "mgmt_intensity": "Very High" }, "geometry": { "type": "MultiPolygon", "coordinates": [ [ [ [ -116.2883, 46.585 ], [ -116.2987, 46.5849 ], [ -116.2987, 46.5885 ], [ -116.2883, 46.585 ] ] ], [ [ [ -116.3544, 46.8137 ], [ -116.2736, 46.7818 ], [ -116.2945, 46.7745 ], [ -116.2894, 46.7601 ], [ -116.3315, 46.7676 ], [ -116.3262, 46.7855 ], [ -116.3738, 46.7894 ], [ -116.3942, 46.7822 ], [ -116.4047, 46.7532 ], [ -116.5137, 46.7552 ], [ -116.477, 46.7665 ], [ -116.4559, 46.7995 ], [ -116.4205, 46.7954 ], [ -116.4099, 46.8135 ], [ -116.3544, 46.8137 ] ], [ [ -116.2998, 46.7745 ], [ -116.3156, 46.7782 ], [ -116.3156, 46.771 ], [ -116.2998, 46.7745 ] ], [ [ -116.3686, 46.793 ], [ -116.3633, 46.793 ], [ -116.3633, 46.8002 ], [ -116.3686, 46.793 ] ] ], [ [ [ -116.4266, 46.8046 ], [ -116.4257, 46.8055 ], [ -116.4257, 46.8023 ], [ -116.4266, 46.8046 ] ] ], [ [ [ -116.3941, 46.8353 ], [ -116.4115, 46.8401 ], [ -116.4115, 46.8447 ], [ -116.4075, 46.8439 ], [ -116.4048, 46.8441 ], [ -116.3941, 46.8353 ] ] ], [ [ [ -116.6764, 46.903 ], [ -116.6919, 46.9066 ], [ -116.6817, 46.9176 ], [ -116.6607, 46.9141 ], [ -116.6764, 46.903 ] ] ], [ [ [ -116.3204, 46.9135 ], [ -116.3198, 46.9136 ], [ -116.3198, 46.9134 ], [ -116.3204, 46.9135 ] ] ], [ [ [ -116.2865, 46.9214 ], [ -116.2837, 46.9206 ], [ -116.2881, 46.9206 ], [ -116.2865, 46.9214 ] ] ], [ [ [ -116.3674, 46.917 ], [ -116.3391, 46.9242 ], [ -116.3357, 46.9062 ], [ -116.3932, 46.9098 ], [ -116.3569, 46.9396 ], [ -116.3674, 46.917 ] ] ], [ [ [ -116.9122, 46.9298 ], [ -116.9122, 46.9317 ], [ -116.9096, 46.9317 ], [ -116.9122, 46.9298 ] ] ], [ [ [ -116.341, 46.9387 ], [ -116.341, 46.9351 ], [ -116.3463, 46.9351 ], [ -116.341, 46.9387 ] ] ], [ [ [ -116.3451, 46.9486 ], [ -116.3393, 46.941 ], [ -116.339, 46.9387 ], [ -116.3451, 46.9486 ] ] ], [ [ [ -116.3726, 46.9603 ], [ -116.3726, 46.9613 ], [ -116.3713, 46.9603 ], [ -116.3726, 46.9603 ] ] ], [ [ [ -116.3645, 46.9617 ], [ -116.362, 46.9635 ], [ -116.362, 46.9604 ], [ -116.3645, 46.9617 ] ] ], [ [ [ -116.3549, 46.964 ], [ -116.3608, 46.964 ], [ -116.359, 46.9646 ], [ -116.3549, 46.964 ] ] ], [ [ [ -116.3453, 46.9492 ], [ -116.3886, 46.9278 ], [ -116.3994, 46.9105 ], [ -116.3939, 46.8921 ], [ -116.4573, 46.8921 ], [ -116.4783, 46.9071 ], [ -116.4792, 46.8776 ], [ -116.4582, 46.8703 ], [ -116.4668, 46.8426 ], [ -116.4005, 46.8484 ], [ -116.4045, 46.8445 ], [ -116.4104, 46.8453 ], [ -116.4124, 46.8444 ], [ -116.4119, 46.8401 ], [ -116.41, 46.8389 ], [ -116.41, 46.8353 ], [ -116.4204, 46.8389 ], [ -116.4152, 46.8171 ], [ -116.4256, 46.8171 ], [ -116.4266, 46.8046 ], [ -116.4269, 46.8008 ], [ -116.4506, 46.8103 ], [ -116.4399, 46.8393 ], [ -116.4982, 46.831 ], [ -116.4796, 46.8489 ], [ -116.4897, 46.8704 ], [ -116.4849, 46.8525 ], [ -116.5196, 46.8489 ], [ -116.5195, 46.8306 ], [ -116.5933, 46.8304 ], [ -116.5653, 46.8925 ], [ -116.6502, 46.8926 ], [ -116.6609, 46.9504 ], [ -116.6502, 46.9452 ], [ -116.6505, 46.9941 ], [ -116.6931, 46.9943 ], [ -116.6927, 46.9797 ], [ -116.7347, 46.9615 ], [ -116.7295, 46.9505 ], [ -116.7558, 46.9543 ], [ -116.7452, 46.9651 ], [ -116.8545, 46.9606 ], [ -116.8544, 46.9895 ], [ -116.9172, 47.0183 ], [ -116.9171, 47.033 ], [ -117.0016, 47.0333 ], [ -117.0014, 47.1057 ], [ -116.9714, 47.1055 ], [ -116.9764, 47.0885 ], [ -116.9552, 47.0694 ], [ -116.8953, 47.0778 ], [ -116.826, 47.0434 ], [ -116.7416, 47.1354 ], [ -116.7161, 47.1221 ], [ -116.7067, 47.0769 ], [ -116.6226, 47.0678 ], [ -116.5815, 47.0334 ], [ -116.4869, 47.0329 ], [ -116.4467, 46.972 ], [ -116.3453, 46.9492 ] ], [ [ -116.5619, 46.8448 ], [ -116.5618, 46.8489 ], [ -116.5827, 46.8489 ], [ -116.5619, 46.8448 ] ], [ [ -116.4522, 46.9214 ], [ -116.4259, 46.9178 ], [ -116.4258, 46.9322 ], [ -116.4522, 46.9214 ] ], [ [ -116.3883, 46.935 ], [ -116.3831, 46.935 ], [ -116.3831, 46.9386 ], [ -116.3883, 46.935 ] ] ], [ [ [ -116.2363, 46.6406 ], [ -116.2364, 46.6478 ], [ -116.2258, 46.6478 ], [ -116.2363, 46.6406 ] ] ], [ [ [ -116.0526, 46.6476 ], [ -116.0473, 46.6476 ], [ -116.0473, 46.644 ], [ -116.0526, 46.6476 ] ] ], [ [ [ -116.0526, 46.6585 ], [ -116.0526, 46.6694 ], [ -116.0369, 46.6734 ], [ -116.0526, 46.6585 ] ] ], [ [ [ -116.2157, 46.6895 ], [ -116.221, 46.6895 ], [ -116.221, 46.6913 ], [ -116.2157, 46.6895 ] ] ], [ [ [ -116.2736, 46.7601 ], [ -116.2157, 46.7454 ], [ -116.2047, 46.7889 ], [ -116.1839, 46.7889 ], [ -116.1875, 46.775 ], [ -116.1627, 46.7535 ], [ -116.1627, 46.717 ], [ -116.1935, 46.7104 ], [ -116.1893, 46.6914 ], [ -116.2474, 46.694 ], [ -116.2618, 46.7166 ], [ -116.2421, 46.7311 ], [ -116.2579, 46.7311 ], [ -116.2736, 46.7601 ] ], [ [ -116.1995, 46.7781 ], [ -116.1994, 46.7673 ], [ -116.189, 46.7709 ], [ -116.1995, 46.7781 ] ], [ [ -116.2368, 46.7093 ], [ -116.2473, 46.6949 ], [ -116.2262, 46.7021 ], [ -116.2263, 46.7202 ], [ -116.2368, 46.7093 ] ], [ [ -116.2048, 46.7165 ], [ -116.2157, 46.7165 ], [ -116.2157, 46.7057 ], [ -116.2048, 46.7165 ] ], [ [ -116.2052, 46.7498 ], [ -116.1944, 46.7425 ], [ -116.2104, 46.7454 ], [ -116.2105, 46.7311 ], [ -116.1891, 46.7352 ], [ -116.1838, 46.757 ], [ -116.2052, 46.7498 ] ] ], [ [ [ -115.9954, 46.7743 ], [ -115.9954, 46.7815 ], [ -115.9693, 46.7886 ], [ -115.9954, 46.7743 ] ] ], [ [ [ -116.0529, 46.8358 ], [ -116.0633, 46.843 ], [ -116.0477, 46.843 ], [ -116.0529, 46.8358 ] ] ], [ [ [ -116.149, 46.917 ], [ -116.1012, 46.8961 ], [ -116.1277, 46.8629 ], [ -116.1109, 46.8321 ], [ -116.1214, 46.8177 ], [ -116.1056, 46.7959 ], [ -116.1214, 46.7815 ], [ -116.1109, 46.7743 ], [ -116.1625, 46.7745 ], [ -116.2361, 46.8467 ], [ -116.2046, 46.8627 ], [ -116.1893, 46.9094 ], [ -116.149, 46.917 ] ], [ [ -116.1684, 46.9022 ], [ -116.1684, 46.9058 ], [ -116.1736, 46.9058 ], [ -116.1684, 46.9022 ] ], [ [ -116.1574, 46.7853 ], [ -116.1574, 46.7889 ], [ -116.1653, 46.7871 ], [ -116.1574, 46.7853 ] ], [ [ -116.1523, 46.8105 ], [ -116.1524, 46.8144 ], [ -116.1575, 46.8142 ], [ -116.1523, 46.8105 ] ], [ [ -116.1684, 46.8879 ], [ -116.1632, 46.8879 ], [ -116.1632, 46.8915 ], [ -116.1684, 46.8879 ] ] ], [ [ [ -115.9222, 46.8476 ], [ -115.9275, 46.8548 ], [ -115.9189, 46.8549 ], [ -115.9222, 46.8476 ] ] ], [ [ [ -116.0907, 46.8557 ], [ -116.0907, 46.863 ], [ -116.0801, 46.863 ], [ -116.0907, 46.8557 ] ] ], [ [ [ -116.241, 46.8663 ], [ -116.2358, 46.8664 ], [ -116.2358, 46.8627 ], [ -116.241, 46.8663 ] ] ], [ [ [ -115.9094, 46.8729 ], [ -115.9117, 46.8729 ], [ -115.9118, 46.8801 ], [ -115.9094, 46.8729 ] ] ], [ [ [ -115.9313, 46.8841 ], [ -115.9118, 46.8813 ], [ -115.9118, 46.8801 ], [ -115.9313, 46.8841 ] ] ], [ [ [ -116.232, 46.9208 ], [ -116.2316, 46.9204 ], [ -116.2332, 46.9204 ], [ -116.232, 46.9208 ] ] ], [ [ [ -116.2387, 46.9209 ], [ -116.2362, 46.9204 ], [ -116.2428, 46.9204 ], [ -116.2387, 46.9209 ] ] ] ] } },
{ "type": "Feature", "properties": { "district_id": "011753", "forest": "Nez Perce-Clearwater National Forest", "name": "North Fork Ranger District", "acres": 777993.599, "enhanced_count": 22, "total_species": 27, "enhanced_rate": 0.8148, "specialist_count": 0, "harvest_count": 7979, "harvest_ha": 531761.4789, "mgmt_intensity": "Very High" }, "geometry": { "type": "MultiPolygon", "coordinates": [ [ [ [ -115.0729, 47.0137 ], [ -115.0488, 46.9697 ], [ -115.0014, 46.9719 ], [ -114.9609, 46.93 ], [ -114.9246, 46.9181 ], [ -114.9483, 46.8601 ], [ -114.9288, 46.8548 ], [ -114.9214, 46.8268 ], [ -114.8983, 46.8218 ], [ -114.8959, 46.8019 ], [ -114.8655, 46.8144 ], [ -114.8294, 46.7826 ], [ -114.7874, 46.7826 ], [ -114.766, 46.7585 ], [ -114.7885, 46.714 ], [ -114.7665, 46.6967 ], [ -114.778, 46.662 ], [ -114.826, 46.6669 ], [ -114.855, 46.6376 ], [ -114.9108, 46.6458 ], [ -114.9186, 46.6243 ], [ -114.9644, 46.6046 ], [ -115.0584, 46.6239 ], [ -115.0862, 46.6017 ], [ -115.1316, 46.5984 ], [ -115.1636, 46.6459 ], [ -115.2154, 46.6252 ], [ -115.2318, 46.5619 ], [ -115.1872, 46.5205 ], [ -115.1578, 46.518 ], [ -115.1494, 46.4928 ], [ -115.2122, 46.4453 ], [ -115.2458, 46.4542 ], [ -115.3239, 46.4153 ], [ -115.4534, 46.4134 ], [ -115.5072, 46.4464 ], [ -115.5655, 46.4236 ], [ -115.6088, 46.4428 ], [ -115.6056, 46.4565 ], [ -115.6295, 46.4735 ], [ -115.7647, 46.4467 ], [ -115.7644, 46.4987 ], [ -115.7188, 46.4987 ], [ -115.7188, 46.5131 ], [ -115.698, 46.5132 ], [ -115.7085, 46.5277 ], [ -115.6352, 46.5277 ], [ -115.635, 46.6002 ], [ -115.6378, 46.8311 ], [ -115.6485, 46.8311 ], [ -115.6382, 46.8462 ], [ -115.7592, 46.8475 ], [ -115.7799, 46.8359 ], [ -115.7852, 46.862 ], [ -115.7641, 46.862 ], [ -115.7641, 46.9205 ], [ -115.7249, 46.9236 ], [ -115.7052, 46.9465 ], [ -115.6725, 46.9533 ], [ -115.5794, 46.9355 ], [ -115.5039, 46.9392 ], [ -115.4744, 46.9676 ], [ -115.475, 46.9905 ], [ -115.431, 46.9801 ], [ -115.4327, 46.9582 ], [ -115.4132, 46.9467 ], [ -115.3684, 46.943 ], [ -115.3575, 46.9614 ], [ -115.2804, 46.9435 ], [ -115.2605, 46.9616 ], [ -115.2049, 46.9688 ], [ -115.1605, 47.007 ], [ -115.1233, 46.9967 ], [ -115.0729, 47.0137 ] ], [ [ -115.7798, 46.8432 ], [ -115.7772, 46.8414 ], [ -115.7772, 46.8432 ], [ -115.7798, 46.8432 ] ] ], [ [ [ -115.7961, 46.4948 ], [ -115.7857, 46.4988 ], [ -115.7857, 46.4948 ], [ -115.7961, 46.4948 ] ] ], [ [ [ -116.4995, 46.5123 ], [ -116.4955, 46.501 ], [ -116.5048, 46.5046 ], [ -116.4995, 46.5123 ] ] ], [ [ [ -115.8155, 46.5206 ], [ -115.8024, 46.5133 ], [ -115.8155, 46.5134 ], [ -115.8155, 46.5206 ] ] ], [ [ [ -115.6666, 46.5349 ], [ -115.6562, 46.5313 ], [ -115.6666, 46.5313 ], [ -115.6666, 46.5349 ] ] ], [ [ [ -115.8168, 46.8636 ], [ -115.8221, 46.8476 ], [ -115.8574, 46.8476 ], [ -115.8425, 46.8586 ], [ -115.8168, 46.8636 ] ] ] ] } },
{ "type": "Feature", "properties": { "district_id": "011755", "forest": "Nez Perce-Clearwater National Forest", "name": "Lochsa/Powell Ranger District", "acres": 951463.775, "enhanced_count": 29, "total_species": 44, "enhanced_rate": 0.6591, "specialist_count": 0, "harvest_count": 14127, "harvest_ha": 825015.4941, "mgmt_intensity": "High" }, "geometry": { "type": "MultiPolygon", "coordinates": [ [ [ [ -114.7665, 46.6969 ], [ -114.7127, 46.7156 ], [ -114.698, 46.7406 ], [ -114.6658, 46.7393 ], [ -114.6209, 46.7073 ], [ -114.6426, 46.6729 ], [ -114.6056, 46.6358 ], [ -114.5419, 46.65 ], [ -114.4668, 46.6318 ], [ -114.4245, 46.6607 ], [ -114.3581, 46.671 ], [ -114.3246, 46.6534 ], [ -114.3225, 46.6109 ], [ -114.3442, 46.59 ], [ -114.3298, 46.5766 ], [ -114.3479, 46.5516 ], [ -114.342, 46.5197 ], [ -114.4033, 46.499 ], [ -114.3684, 46.437 ], [ -114.4224, 46.3872 ], [ -114.4103, 46.3611 ], [ -114.4325, 46.2789 ], [ -114.5653, 46.2904 ], [ -114.5967, 46.2743 ], [ -114.6698, 46.2809 ], [ -114.7098, 46.2477 ], [ -114.7457, 46.2429 ], [ -114.7649, 46.3181 ], [ -114.8093, 46.3287 ], [ -114.8211, 46.3479 ], [ -114.8561, 46.3422 ], [ -114.8806, 46.3745 ], [ -114.933, 46.3561 ], [ -114.9668, 46.361 ], [ -114.979, 46.3377 ], [ -115.0139, 46.3319 ], [ -115.0261, 46.314 ], [ -115.1124, 46.3086 ], [ -115.1612, 46.2615 ], [ -115.1981, 46.2595 ], [ -115.2103, 46.2457 ], [ -115.1773, 46.2136 ], [ -115.2164, 46.1695 ], [ -115.2811, 46.1886 ], [ -115.3976, 46.1365 ], [ -115.4763, 46.1584 ], [ -115.5218, 46.1356 ], [ -115.6838, 46.1368 ], [ -115.7267, 46.1507 ], [ -115.7809, 46.1144 ], [ -115.8155, 46.1422 ], [ -115.9692, 46.1353 ], [ -115.9409, 46.1573 ], [ -115.9061, 46.1572 ], [ -115.8679, 46.1424 ], [ -115.8314, 46.1531 ], [ -115.7651, 46.1295 ], [ -115.7647, 46.4467 ], [ -115.6295, 46.4735 ], [ -115.6056, 46.4565 ], [ -115.6088, 46.4428 ], [ -115.5655, 46.4236 ], [ -115.5072, 46.4464 ], [ -115.4534, 46.4134 ], [ -115.3239, 46.4153 ], [ -115.2458, 46.4542 ], [ -115.2122, 46.4453 ], [ -115.1494, 46.4928 ], [ -115.1578, 46.518 ], [ -115.1872, 46.5205 ], [ -115.2318, 46.5619 ], [ -115.2155, 46.6251 ], [ -115.1636, 46.6459 ], [ -115.1316, 46.5984 ], [ -115.0862, 46.6017 ], [ -115.0584, 46.6239 ], [ -114.9638, 46.6047 ], [ -114.9186, 46.6243 ], [ -114.9108, 46.6458 ], [ -114.855, 46.6376 ], [ -114.826, 46.6669 ], [ -114.7785, 46.6616 ], [ -114.7665, 46.6969 ] ] ], [ [ [ -115.9773, 46.1451 ], [ -115.9781, 46.1463 ], [ -115.9772, 46.1469 ], [ -115.9773, 46.1451 ] ] ], [ [ [ -116.0335, 46.2275 ], [ -116.0319, 46.2291 ], [ -116.0319, 46.2273 ], [ -116.0335, 46.2275 ] ] ], [ [ [ -115.7736, 46.273 ], [ -115.7755, 46.2724 ], [ -115.7755, 46.273 ], [ -115.7736, 46.273 ] ] ], [ [ [ -115.8176, 46.2803 ], [ -115.8283, 46.2721 ], [ -115.8281, 46.2804 ], [ -115.8176, 46.2803 ] ] ], [ [ [ -115.8701, 46.2879 ], [ -115.8804, 46.2839 ], [ -115.8806, 46.2879 ], [ -115.8701, 46.2879 ] ] ], [ [ [ -115.8962, 46.2951 ], [ -115.912, 46.2914 ], [ -115.912, 46.2951 ], [ -115.8962, 46.2951 ] ] ], [ [ [ -116.0278, 46.347 ], [ -116.0382, 46.3412 ], [ -116.0383, 46.347 ], [ -116.0278, 46.347 ] ] ] ] } },
{ "type": "Feature", "properties": { "district_id": "010201", "forest": "Beaverhead-Deerlodge National Forest", "name": "Dillon Ranger District", "acres": 579817.841, "enhanced_count": 0, "total_species": 1, "enhanced_rate": 0.0, "specialist_count": 0, "harvest_count": 0, "harvest_ha": 0.0, "mgmt_intensity": "Low" }, "geometry": { "type": "MultiPolygon", "coordinates": [ [ [ [ -113.5654, 45.1469 ], [ -113.566, 45.1457 ], [ -113.5664, 45.1453 ], [ -113.5654, 45.1469 ] ] ], [ [ [ -113.5671, 45.143 ], [ -113.567, 45.1433 ], [ -113.567, 45.1431 ], [ -113.5671, 45.143 ] ] ], [ [ [ -113.5725, 45.1273 ], [ -113.5707, 45.1256 ], [ -113.5736, 45.1281 ], [ -113.5742, 45.1289 ], [ -113.5725, 45.1273 ] ] ], [ [ [ -113.5678, 45.1243 ], [ -113.5684, 45.1242 ], [ -113.5681, 45.1243 ], [ -113.5678, 45.1243 ] ] ], [ [ [ -113.5623, 45.122 ], [ -113.5631, 45.1228 ], [ -113.5626, 45.1225 ], [ -113.5623, 45.122 ] ] ], [ [ [ -113.5525, 45.1165 ], [ -113.5509, 45.1149 ], [ -113.5505, 45.1142 ], [ -113.5504, 45.1133 ], [ -113.5484, 45.1128 ], [ -113.5505, 45.1132 ], [ -113.5525, 45.1165 ] ] ], [ [ [ -113.5296, 45.1164 ], [ -113.5287, 45.1163 ], [ -113.5259, 45.1157 ], [ -113.5245, 45.1156 ], [ -113.5218, 45.1157 ], [ -113.5216, 45.1156 ], [ -113.5344, 45.1148 ], [ -113.5296, 45.1164 ] ] ], [ [ [ -113.5207, 45.1153 ], [ -113.5204, 45.1151 ], [ -113.5207, 45.1151 ], [ -113.5207, 45.1153 ] ] ], [ [ [ -113.5201, 45.115 ], [ -113.518, 45.1154 ], [ -113.519, 45.1151 ], [ -113.5201, 45.115 ] ] ], [ [ [ -113.5144, 45.1166 ], [ -113.5169, 45.1156 ], [ -113.5176, 45.1154 ], [ -113.5144, 45.1166 ] ] ], [ [ [ -113.5112, 45.1161 ], [ -113.5103, 45.1155 ], [ -113.5065, 45.1108 ], [ -113.5059, 45.1093 ], [ -113.506, 45.108 ], [ -113.5062, 45.1074 ], [ -113.5112, 45.1161 ] ] ], [ [ [ -113.51, 45.1027 ], [ -113.5113, 45.1004 ], [ -113.512, 45.0994 ], [ -113.5128, 45.0987 ], [ -113.5155, 45.097 ], [ -113.51, 45.1027 ] ] ], [ [ [ -113.52, 45.0946 ], [ -113.5188, 45.0954 ], [ -113.5177, 45.0959 ], [ -113.52, 45.0946 ] ] ], [ [ [ -113.5212, 45.0907 ], [ -113.5222, 45.0914 ], [ -113.5227, 45.092 ], [ -113.5212, 45.0907 ] ] ], [ [ [ -113.5203, 45.0898 ], [ -113.5197, 45.089 ], [ -113.52, 45.0893 ], [ -113.521, 45.0905 ], [ -113.5203, 45.0898 ] ] ], [ [ [ -113.5189, 45.0885 ], [ -113.5185, 45.0882 ], [ -113.5195, 45.0888 ], [ -113.5197, 45.089 ], [ -113.5189, 45.0885 ] ] ], [ [ [ -113.506, 45.0833 ], [ -113.5055, 45.0831 ], [ -113.5074, 45.0833 ], [ -113.5088, 45.0836 ], [ -113.506, 45.0833 ] ] ], [ [ [ -113.5033, 45.0822 ], [ -113.5041, 45.0824 ], [ -113.505, 45.0829 ], [ -113.5033, 45.0822 ] ] ], [ [ [ -113.4983, 45.0811 ], [ -113.5015, 45.081 ], [ -113.5024, 45.0815 ], [ -113.4983, 45.0811 ] ] ], [ [ [ -113.4871, 45.0747 ], [ -113.4868, 45.074 ], [ -113.4871, 45.0738 ], [ -113.4871, 45.0747 ] ] ], [ [ [ -113.4889, 45.0714 ], [ -113.4888, 45.0718 ], [ -113.4876, 45.0733 ], [ -113.4889, 45.0714 ] ] ], [ [ [ -113.4864, 45.0652 ], [ -113.4864, 45.0657 ], [ -113.4861, 45.0668 ], [ -113.4864, 45.0652 ] ] ], [ [ [ -113.4858, 45.0639 ], [ -113.4864, 45.0651 ], [ -113.4864, 45.0652 ], [ -113.4858, 45.0639 ] ] ], [ [ [ -113.4837, 45.0634 ], [ -113.4845, 45.0634 ], [ -113.4841, 45.0635 ], [ -113.4837, 45.0634 ] ] ], [ [ [ -113.4663, 45.0626 ], [ -113.4642, 45.0632 ], [ -113.4663, 45.0625 ], [ -113.4663, 45.0626 ] ] ], [ [ [ -113.4559, 45.0626 ], [ -113.4541, 45.0605 ], [ -113.4586, 45.0641 ], [ -113.4559, 45.0626 ] ] ], [ [ [ -113.452, 45.0591 ], [ -113.4526, 45.0595 ], [ -113.452, 45.0592 ], [ -113.452, 45.0591 ] ] ], [ [ [ -113.4506, 45.0537 ], [ -113.451, 45.0485 ], [ -113.4512, 45.0493 ], [ -113.4506, 45.0537 ] ] ], [ [ [ -113.4555, 45.0391 ], [ -113.4559, 45.0397 ], [ -113.4557, 45.0406 ], [ -113.4541, 45.0422 ], [ -113.4533, 45.0428 ], [ -113.4555, 45.0391 ] ] ], [ [ [ -113.4484, 45.0347 ], [ -113.4554, 45.0389 ], [ -113.4555, 45.0391 ], [ -113.4484, 45.0347 ] ] ], [ [ [ -113.4463, 45.0339 ], [ -113.4462, 45.0329 ], [ -113.4468, 45.0344 ], [ -113.4463, 45.0339 ] ] ], [ [ [ -113.4463, 45.0302 ], [ -113.4466, 45.0296 ], [ -113.4461, 45.0309 ], [ -113.4463, 45.0302 ] ] ], [ [ [ -113.4475, 45.0263 ], [ -113.4477, 45.025 ], [ -113.4479, 45.0248 ], [ -113.4475, 45.0263 ] ] ], [ [ [ -113.4485, 45.0237 ], [ -113.4485, 45.0238 ], [ -113.4479, 45.0248 ], [ -113.4485, 45.0237 ] ] ], [ [ [ -113.4483, 45.0224 ], [ -113.4483, 45.022 ], [ -113.4485, 45.0216 ], [ -113.4486, 45.0233 ], [ -113.4485, 45.0237 ], [ -113.4483, 45.0224 ] ] ], [ [ [ -113.4487, 45.021 ], [ -113.4487, 45.0201 ], [ -113.4488, 45.0204 ], [ -113.4487, 45.021 ] ] ], [ [ [ -113.4453, 45.0177 ], [ -113.4452, 45.0171 ], [ -113.4458, 45.0183 ], [ -113.4453, 45.0177 ] ] ], [ [ [ -113.4418, 45.0129 ], [ -113.4419, 45.0135 ], [ -113.4418, 45.0133 ], [ -113.4418, 45.0129 ] ] ], [ [ [ -113.4413, 45.012 ], [ -113.4416, 45.0122 ], [ -113.4418, 45.0126 ], [ -113.4413, 45.012 ] ] ], [ [ [ -113.4387, 45.0096 ], [ -113.4383, 45.0089 ], [ -113.4407, 45.0113 ], [ -113.4387, 45.0096 ] ] ], [ [ [ -113.438, 45.0082 ], [ -113.4379, 45.0073 ], [ -113.438, 45.0067 ], [ -113.438, 45.0082 ] ] ], [ [ [ -113.4387, 45.0054 ], [ -113.44, 45.0042 ], [ -113.4384, 45.0059 ], [ -113.4387, 45.0054 ] ] ], [ [ [ -113.442, 45.003 ], [ -113.443, 45.002 ], [ -113.4427, 45.0025 ], [ -113.442, 45.003 ] ] ], [ [ [ -113.4468, 44.9984 ], [ -113.4467, 44.9987 ], [ -113.4459, 44.9996 ], [ -113.4468, 44.9984 ] ] ], [ [ [ -113.4451, 44.9921 ], [ -113.445, 44.9918 ], [ -113.4451, 44.9917 ], [ -113.4451, 44.9921 ] ] ], [ [ [ -113.4469, 44.9841 ], [ -113.4471, 44.9851 ], [ -113.4469, 44.9864 ], [ -113.4469, 44.9841 ] ] ], [ [ [ -113.4462, 44.9827 ], [ -113.4461, 44.9823 ], [ -113.4461, 44.9822 ], [ -113.4462, 44.9827 ] ] ], [ [ [ -113.4456, 44.9777 ], [ -113.4458, 44.9782 ], [ -113.4459, 44.9788 ], [ -113.4456, 44.9777 ] ] ], [ [ [ -113.4449, 44.9758 ], [ -113.445, 44.9763 ], [ -113.4449, 44.9761 ], [ -113.4449, 44.9758 ] ] ], [ [ [ -113.4636, 44.949 ], [ -113.4642, 44.9484 ], [ -113.4648, 44.948 ], [ -113.4658, 44.9476 ], [ -113.4673, 44.948 ], [ -113.4636, 44.949 ] ] ], [ [ [ -113.4911, 44.9272 ], [ -113.4915, 44.9281 ], [ -113.4911, 44.9276 ], [ -113.4911, 44.9272 ] ] ], [ [ [ -113.4908, 44.923 ], [ -113.4915, 44.9245 ], [ -113.4915, 44.9257 ], [ -113.4908, 44.923 ] ] ], [ [ [ -113.4843, 44.92 ], [ -113.4864, 44.92 ], [ -113.4879, 44.9204 ], [ -113.4843, 44.92 ] ] ], [ [ [ -113.4796, 44.9152 ], [ -113.479, 44.9142 ], [ -113.4801, 44.9157 ], [ -113.4796, 44.9152 ] ] ], [ [ [ -113.4788, 44.9138 ], [ -113.4775, 44.9121 ], [ -113.478, 44.9124 ], [ -113.4788, 44.9138 ] ] ], [ [ [ -113.4718, 44.9096 ], [ -113.4718, 44.9098 ], [ -113.4717, 44.9097 ], [ -113.4718, 44.9096 ] ] ], [ [ [ -113.4734, 44.908 ], [ -113.4731, 44.9085 ], [ -113.472, 44.9094 ], [ -113.4734, 44.908 ] ] ], [ [ [ -113.477, 44.8972 ], [ -113.4762, 44.8976 ], [ -113.4764, 44.8974 ], [ -113.477, 44.8972 ] ] ], [ [ [ -113.4675, 44.8909 ], [ -113.4667, 44.8907 ], [ -113.4688, 44.8911 ], [ -113.4675, 44.8909 ] ] ], [ [ [ -113.4614, 44.8869 ], [ -113.4622, 44.8873 ], [ -113.4626, 44.8877 ], [ -113.4614, 44.8869 ] ] ], [ [ [ -113.4615, 44.8803 ], [ -113.4607, 44.8788 ], [ -113.4624, 44.8817 ], [ -113.4615, 44.8803 ] ] ], [ [ [ -113.4571, 44.8746 ], [ -113.4572, 44.8743 ], [ -113.4572, 44.8749 ], [ -113.4571, 44.8746 ] ] ], [ [ [ -113.4555, 44.87 ], [ -113.4554, 44.8695 ], [ -113.4555, 44.8693 ], [ -113.4555, 44.87 ] ] ], [ [ [ -113.4554, 44.8662 ], [ -113.4547, 44.865 ], [ -113.4551, 44.8654 ], [ -113.4554, 44.8662 ] ] ], [ [ [ -113.4456, 44.8624 ], [ -113.4446, 44.8622 ], [ -113.4439, 44.8619 ], [ -113.4456, 44.8624 ] ] ], [ [ [ -113.4437, 44.8618 ], [ -113.4435, 44.8616 ], [ -113.4439, 44.8619 ], [ -113.4437, 44.8618 ] ] ], [ [ [ -113.4428, 44.8606 ], [ -113.4422, 44.8595 ], [ -113.4434, 44.8614 ], [ -113.4428, 44.8606 ] ] ], [ [ [ -113.4313, 44.8553 ], [ -113.4303, 44.8553 ], [ -113.4301, 44.8552 ], [ -113.4313, 44.8553 ] ] ], [ [ [ -113.4282, 44.8526 ], [ -113.4279, 44.8522 ], [ -113.4284, 44.8527 ], [ -113.4282, 44.8526 ] ] ], [ [ [ -113.426, 44.848 ], [ -113.426, 44.8483 ], [ -113.4259, 44.8479 ], [ -113.426, 44.848 ] ] ], [ [ [ -113.4244, 44.8459 ], [ -113.4254, 44.8469 ], [ -113.4247, 44.8463 ], [ -113.4244, 44.8459 ] ] ], [ [ [ -113.4226, 44.8412 ], [ -113.4222, 44.8404 ], [ -113.4221, 44.84 ], [ -113.422, 44.8376 ], [ -113.4227, 44.8411 ], [ -113.4226, 44.8412 ] ] ], [ [ [ -113.3998, 44.8386 ], [ -113.4021, 44.8389 ], [ -113.4033, 44.8392 ], [ -113.3998, 44.8386 ] ] ], [ [ [ -113.3932, 44.8368 ], [ -113.3943, 44.8369 ], [ -113.3955, 44.8374 ], [ -113.3932, 44.8368 ] ] ], [ [ [ -113.3922, 44.8372 ], [ -113.3913, 44.8376 ], [ -113.3909, 44.8376 ], [ -113.3922, 44.8372 ] ] ], [ [ [ -113.3894, 44.8378 ], [ -113.3868, 44.8377 ], [ -113.3837, 44.8374 ], [ -113.3785, 44.8357 ], [ -113.3776, 44.8352 ], [ -113.3769, 44.8344 ], [ -113.3769, 44.8308 ], [ -113.3699, 44.8267 ], [ -113.3894, 44.8378 ] ] ], [ [ [ -113.3572, 44.8206 ], [ -113.3573, 44.8207 ], [ -113.3572, 44.8207 ], [ -113.3572, 44.8206 ] ] ], [ [ [ -113.3543, 44.8164 ], [ -113.3541, 44.8151 ], [ -113.3558, 44.8185 ], [ -113.3559, 44.819 ], [ -113.3543, 44.8164 ] ] ], [ [ [ -113.3486, 44.8045 ], [ -113.3504, 44.8083 ], [ -113.3489, 44.8055 ], [ -113.3486, 44.8045 ] ] ], [ [ [ -113.3544, 44.7926 ], [ -113.3547, 44.7943 ], [ -113.3541, 44.7918 ], [ -113.3544, 44.7926 ] ] ], [ [ [ -113.346, 44.7883 ], [ -113.3441, 44.7865 ], [ -113.348, 44.7892 ], [ -113.346, 44.7883 ] ] ], [ [ [ -113.3335, 44.7871 ], [ -113.3369, 44.7858 ], [ -113.3403, 44.7847 ], [ -113.3335, 44.7871 ] ] ], [ [ [ -113.3281, 44.7891 ], [ -113.3269, 44.7901 ], [ -113.325, 44.7911 ], [ -113.328, 44.789 ], [ -113.3281, 44.7891 ] ] ], [ [ [ -113.2379, 44.8139 ], [ -113.239, 44.8142 ], [ -113.2393, 44.8146 ], [ -113.2379, 44.8139 ] ] ], [ [ [ -113.2328, 44.8143 ], [ -113.2349, 44.814 ], [ -113.2376, 44.8139 ], [ -113.2328, 44.8143 ] ] ], [ [ [ -113.224, 44.8113 ], [ -113.2215, 44.8106 ], [ -113.2236, 44.8111 ], [ -113.224, 44.8113 ] ] ], [ [ [ -113.2165, 44.8103 ], [ -113.2177, 44.8105 ], [ -113.2172, 44.8105 ], [ -113.2165, 44.8103 ] ] ], [ [ [ -113.2107, 44.8092 ], [ -113.2117, 44.8093 ], [ -113.2138, 44.8097 ], [ -113.2107, 44.8092 ] ] ], [ [ [ -113.1987, 44.8027 ], [ -113.2003, 44.803 ], [ -113.2024, 44.8037 ], [ -113.1987, 44.8027 ] ] ], [ [ [ -113.1944, 44.8021 ], [ -113.1931, 44.8017 ], [ -113.1918, 44.8008 ], [ -113.1944, 44.8021 ] ] ], [ [ [ -113.1877, 44.7974 ], [ -113.1875, 44.7968 ], [ -113.1878, 44.7975 ], [ -113.1877, 44.7974 ] ] ], [ [ [ -113.1864, 44.7959 ], [ -113.1859, 44.7951 ], [ -113.1874, 44.7968 ], [ -113.1864, 44.7959 ] ] ], [ [ [ -113.1836, 44.7937 ], [ -113.1849, 44.7943 ], [ -113.1839, 44.7939 ], [ -113.1836, 44.7937 ] ] ], [ [ [ -113.1816, 44.7906 ], [ -113.1824, 44.7919 ], [ -113.182, 44.7915 ], [ -113.1816, 44.7906 ] ] ], [ [ [ -113.1649, 44.7796 ], [ -113.1655, 44.7797 ], [ -113.1658, 44.7799 ], [ -113.1649, 44.7796 ] ] ], [ [ [ -113.1631, 44.7788 ], [ -113.1634, 44.7788 ], [ -113.162, 44.7792 ], [ -113.1631, 44.7788 ] ] ], [ [ [ -113.1577, 44.7809 ], [ -113.1547, 44.7796 ], [ -113.1504, 44.7793 ], [ -113.1501, 44.7793 ], [ -113.1463, 44.7767 ], [ -113.1594, 44.7809 ], [ -113.1577, 44.7809 ] ] ], [ [ [ -113.1401, 44.7766 ], [ -113.1384, 44.7761 ], [ -113.1368, 44.7748 ], [ -113.1401, 44.7766 ] ] ], [ [ [ -113.1332, 44.7738 ], [ -113.1336, 44.774 ], [ -113.1334, 44.774 ], [ -113.1332, 44.7738 ] ] ], [ [ [ -113.1325, 44.769 ], [ -113.1323, 44.7701 ], [ -113.1321, 44.7705 ], [ -113.1325, 44.769 ] ] ], [ [ [ -113.1315, 44.7654 ], [ -113.1324, 44.7684 ], [ -113.1325, 44.769 ], [ -113.1315, 44.7654 ] ] ], [ [ [ -113.1313, 44.7649 ], [ -113.1314, 44.7653 ], [ -113.1313, 44.765 ], [ -113.1313, 44.7649 ] ] ], [ [ [ -113.1368, 44.7611 ], [ -113.1372, 44.7607 ], [ -113.1361, 44.7622 ], [ -113.1368, 44.7611 ] ] ], [ [ [ -113.1376, 44.7596 ], [ -113.1377, 44.7599 ], [ -113.1376, 44.7597 ], [ -113.1376, 44.7596 ] ] ], [ [ [ -113.1372, 44.7584 ], [ -113.1374, 44.7591 ], [ -113.1371, 44.7583 ], [ -113.1372, 44.7584 ] ] ], [ [ [ -113.1349, 44.7541 ], [ -113.135, 44.7534 ], [ -113.135, 44.7545 ], [ -113.1349, 44.7541 ] ] ], [ [ [ -113.1294, 44.7496 ], [ -113.1261, 44.7497 ], [ -113.1295, 44.7495 ], [ -113.1294, 44.7496 ] ] ], [ [ [ -113.1167, 44.7406 ], [ -113.1165, 44.7401 ], [ -113.1163, 44.7385 ], [ -113.1164, 44.7362 ], [ -113.1167, 44.7406 ] ] ], [ [ [ -113.1124, 44.7334 ], [ -113.1058, 44.7312 ], [ -113.1039, 44.7302 ], [ -113.1124, 44.7334 ] ] ], [ [ [ -113.1021, 44.7297 ], [ -113.1016, 44.7295 ], [ -113.1016, 44.7293 ], [ -113.1021, 44.7297 ] ] ], [ [ [ -113.1019, 44.7235 ], [ -113.1019, 44.7227 ], [ -113.1014, 44.7221 ], [ -113.1011, 44.7214 ], [ -113.1009, 44.7207 ], [ -113.102, 44.7228 ], [ -113.1019, 44.7235 ] ] ], [ [ [ -113.1002, 44.7183 ], [ -113.1001, 44.7182 ], [ -113.1004, 44.7183 ], [ -113.1002, 44.7183 ] ] ], [ [ [ -113.0995, 44.7181 ], [ -113.0994, 44.7178 ], [ -113.1, 44.7181 ], [ -113.0995, 44.7181 ] ] ], [ [ [ -113.1012, 44.7093 ], [ -113.1012, 44.7092 ], [ -113.1018, 44.7071 ], [ -113.097, 44.7015 ], [ -113.096, 44.6966 ], [ -113.1027, 44.7062 ], [ -113.1012, 44.7093 ] ] ], [ [ [ -113.0849, 44.6927 ], [ -113.0832, 44.6922 ], [ -113.0821, 44.6917 ], [ -113.082, 44.6916 ], [ -113.0849, 44.6927 ] ] ], [ [ [ -113.0811, 44.6904 ], [ -113.0808, 44.6897 ], [ -113.082, 44.6915 ], [ -113.0811, 44.6904 ] ] ], [ [ [ -113.0799, 44.6889 ], [ -113.0798, 44.6885 ], [ -113.0807, 44.6896 ], [ -113.0799, 44.6889 ] ] ], [ [ [ -113.0676, 44.6765 ], [ -113.0674, 44.676 ], [ -113.0673, 44.675 ], [ -113.0676, 44.6765 ] ] ], [ [ [ -113.0672, 44.6738 ], [ -113.0673, 44.6737 ], [ -113.0672, 44.6745 ], [ -113.0672, 44.6738 ] ] ], [ [ [ -113.0685, 44.662 ], [ -113.0685, 44.6609 ], [ -113.0687, 44.6628 ], [ -113.0685, 44.662 ] ] ], [ [ [ -113.064, 44.6526 ], [ -113.0654, 44.6509 ], [ -113.0649, 44.6538 ], [ -113.064, 44.6526 ] ] ], [ [ [ -113.0631, 44.647 ], [ -113.0654, 44.6489 ], [ -113.0655, 44.6507 ], [ -113.0631, 44.647 ] ] ], [ [ [ -113.0558, 44.6408 ], [ -113.0563, 44.641 ], [ -113.0573, 44.6419 ], [ -113.0558, 44.6408 ] ] ], [ [ [ -113.0742, 44.6144 ], [ -113.0747, 44.614 ], [ -113.0742, 44.6145 ], [ -113.0742, 44.6144 ] ] ], [ [ [ -113.0817, 44.5977 ], [ -113.0805, 44.5972 ], [ -113.0797, 44.5964 ], [ -113.0817, 44.5977 ] ] ], [ [ [ -113.0739, 44.5939 ], [ -113.0725, 44.5933 ], [ -113.0722, 44.5931 ], [ -113.0739, 44.5939 ] ] ], [ [ [ -113.0693, 44.5911 ], [ -113.0702, 44.5916 ], [ -113.0718, 44.5927 ], [ -113.0693, 44.5911 ] ] ], [ [ [ -113.0626, 44.5864 ], [ -113.0633, 44.5866 ], [ -113.0643, 44.5871 ], [ -113.0626, 44.5864 ] ] ], [ [ [ -113.067, 44.5802 ], [ -113.0673, 44.5793 ], [ -113.0675, 44.5796 ], [ -113.067, 44.5802 ] ] ], [ [ [ -113.0364, 44.5624 ], [ -113.0364, 44.5622 ], [ -113.0367, 44.5627 ], [ -113.0368, 44.563 ], [ -113.0364, 44.5624 ] ] ], [ [ [ -113.0381, 44.5593 ], [ -113.0374, 44.5598 ], [ -113.0378, 44.5594 ], [ -113.0381, 44.5593 ] ] ], [ [ [ -113.0412, 44.558 ], [ -113.0417, 44.5578 ], [ -113.0415, 44.558 ], [ -113.0412, 44.558 ] ] ], [ [ [ -113.0469, 44.553 ], [ -113.0464, 44.5543 ], [ -113.0439, 44.5567 ], [ -113.0469, 44.553 ] ] ], [ [ [ -113.0471, 44.5464 ], [ -113.044, 44.5433 ], [ -113.046, 44.5447 ], [ -113.0472, 44.5465 ], [ -113.0471, 44.5464 ] ] ], [ [ [ -113.0317, 44.537 ], [ -113.0349, 44.5379 ], [ -113.0358, 44.5386 ], [ -113.0317, 44.537 ] ] ], [ [ [ -113.027, 44.5376 ], [ -113.0313, 44.5369 ], [ -113.0317, 44.537 ], [ -113.027, 44.5376 ] ] ], [ [ [ -113.0216, 44.5337 ], [ -113.0228, 44.5349 ], [ -113.0234, 44.5357 ], [ -113.0238, 44.5363 ], [ -113.0239, 44.5367 ], [ -113.0216, 44.5337 ] ] ], [ [ [ -113.0188, 44.5314 ], [ -113.0213, 44.5333 ], [ -113.0216, 44.5337 ], [ -113.0188, 44.5314 ] ] ], [ [ [ -113.0168, 44.5309 ], [ -113.0163, 44.5307 ], [ -113.0175, 44.5309 ], [ -113.0168, 44.5309 ] ] ], [ [ [ -113.0065, 44.5258 ], [ -113.0065, 44.5255 ], [ -113.0069, 44.5263 ], [ -113.0065, 44.5258 ] ] ], [ [ [ -113.0062, 44.5242 ], [ -113.0064, 44.5252 ], [ -113.0062, 44.5247 ], [ -113.0062, 44.5242 ] ] ], [ [ [ -113.0055, 44.5219 ], [ -113.0055, 44.5214 ], [ -113.0061, 44.5238 ], [ -113.0055, 44.5219 ] ] ], [ [ [ -113.0053, 44.5204 ], [ -113.0055, 44.5198 ], [ -113.0089, 44.5188 ], [ -113.0053, 44.5204 ] ] ], [ [ [ -113.0116, 44.5179 ], [ -113.0129, 44.5173 ], [ -113.011, 44.5183 ], [ -113.0116, 44.5179 ] ] ], [ [ [ -113.0159, 44.516 ], [ -113.0155, 44.5162 ], [ -113.0145, 44.5164 ], [ -113.0159, 44.516 ] ] ], [ [ [ -113.0152, 44.5127 ], [ -113.0152, 44.5125 ], [ -113.0156, 44.5134 ], [ -113.0152, 44.5127 ] ] ], [ [ [ -113.0155, 44.5085 ], [ -113.0156, 44.5081 ], [ -113.0156, 44.5091 ], [ -113.0155, 44.5085 ] ] ], [ [ [ -113.0261, 44.4965 ], [ -113.0267, 44.4957 ], [ -113.0265, 44.4962 ], [ -113.0261, 44.4965 ] ] ], [ [ [ -113.0143, 44.4794 ], [ -113.014, 44.4789 ], [ -113.0144, 44.4794 ], [ -113.0143, 44.4794 ] ] ], [ [ [ -113.012, 44.4762 ], [ -113.0124, 44.4768 ], [ -113.0114, 44.4756 ], [ -113.012, 44.4762 ] ] ], [ [ [ -113.0087, 44.4664 ], [ -113.0088, 44.4655 ], [ -113.0088, 44.4659 ], [ -113.0087, 44.4664 ] ] ], [ [ [ -113.0038, 44.4517 ], [ -113.0045, 44.4528 ], [ -113.0061, 44.4558 ], [ -113.0038, 44.4517 ] ] ], [ [ [ -113.0011, 44.4496 ], [ -113.0001, 44.4488 ], [ -113.0023, 44.45 ], [ -113.0031, 44.4509 ], [ -113.0011, 44.4496 ] ] ], [ [ [ -112.997, 44.448 ], [ -112.9967, 44.4478 ], [ -112.9961, 44.4473 ], [ -112.9946, 44.4469 ], [ -112.9934, 44.4461 ], [ -113.0001, 44.4488 ], [ -112.997, 44.448 ] ] ], [ [ [ -112.9902, 44.4441 ], [ -112.9911, 44.4446 ], [ -112.9903, 44.4442 ], [ -112.9902, 44.4441 ] ] ], [ [ [ -112.9785, 44.4335 ], [ -112.9783, 44.4334 ], [ -112.9801, 44.4336 ], [ -112.9806, 44.4338 ], [ -112.9808, 44.434 ], [ -112.9785, 44.4335 ] ] ], [ [ [ -112.9749, 44.4307 ], [ -112.9752, 44.4308 ], [ -112.9758, 44.4316 ], [ -112.9749, 44.4307 ] ] ], [ [ [ -112.9651, 44.4243 ], [ -112.9656, 44.4246 ], [ -112.9662, 44.4253 ], [ -112.9651, 44.4243 ] ] ], [ [ [ -112.964, 44.4241 ], [ -112.9639, 44.4238 ], [ -112.9644, 44.4243 ], [ -112.964, 44.4241 ] ] ], [ [ [ -112.9622, 44.4234 ], [ -112.963, 44.4233 ], [ -112.9636, 44.4235 ], [ -112.9622, 44.4234 ] ] ], [ [ [ -112.9525, 44.4249 ], [ -112.9535, 44.4244 ], [ -112.9555, 44.4239 ], [ -112.9525, 44.4249 ] ] ], [ [ [ -112.9532, 44.4227 ], [ -112.9531, 44.4219 ], [ -112.9533, 44.4223 ], [ -112.9532, 44.4227 ] ] ], [ [ [ -112.9384, 44.4123 ], [ -112.9388, 44.4123 ], [ -112.9403, 44.4128 ], [ -112.9384, 44.4123 ] ] ], [ [ [ -112.9264, 44.4106 ], [ -112.9267, 44.4107 ], [ -112.9269, 44.411 ], [ -112.9264, 44.4106 ] ] ], [ [ [ -112.9229, 44.4108 ], [ -112.922, 44.4109 ], [ -112.9236, 44.4106 ], [ -112.9229, 44.4108 ] ] ], [ [ [ -112.9183, 44.4081 ], [ -112.9185, 44.4088 ], [ -112.9181, 44.408 ], [ -112.9183, 44.4081 ] ] ], [ [ [ -112.9177, 44.4072 ], [ -112.9178, 44.4067 ], [ -112.9179, 44.4077 ], [ -112.9177, 44.4072 ] ] ], [ [ [ -112.8943, 44.4025 ], [ -112.8958, 44.4012 ], [ -112.899, 44.4002 ], [ -112.893, 44.4044 ], [ -112.8943, 44.4025 ] ] ], [ [ [ -112.8904, 44.4058 ], [ -112.8901, 44.406 ], [ -112.8897, 44.406 ], [ -112.8904, 44.4058 ] ] ], [ [ [ -112.8829, 44.3883 ], [ -112.8829, 44.388 ], [ -112.8834, 44.3889 ], [ -112.8829, 44.3883 ] ] ], [ [ [ -112.8732, 44.3739 ], [ -112.8733, 44.3737 ], [ -112.8732, 44.3745 ], [ -112.8732, 44.3739 ] ] ], [ [ [ -112.8688, 44.3706 ], [ -112.8692, 44.3707 ], [ -112.8712, 44.3716 ], [ -112.8688, 44.3706 ] ] ], [ [ [ -112.8608, 44.3665 ], [ -112.8607, 44.366 ], [ -112.8608, 44.3661 ], [ -112.8609, 44.3666 ], [ -112.8608, 44.3665 ] ] ], [ [ [ -112.8602, 44.3653 ], [ -112.8592, 44.3642 ], [ -112.8588, 44.364 ], [ -112.8581, 44.3635 ], [ -112.8575, 44.363 ], [ -112.8559, 44.3612 ], [ -112.8557, 44.3606 ], [ -112.8601, 44.3649 ], [ -112.8607, 44.366 ], [ -112.8602, 44.3653 ] ] ], [ [ [ -112.849, 44.3586 ], [ -112.8494, 44.3586 ], [ -112.8501, 44.3591 ], [ -112.849, 44.3586 ] ] ], [ [ [ -112.8423, 44.3601 ], [ -112.8426, 44.3599 ], [ -112.8423, 44.3603 ], [ -112.8423, 44.3601 ] ] ], [ [ [ -112.8402, 44.362 ], [ -112.8398, 44.3619 ], [ -112.8406, 44.3619 ], [ -112.8402, 44.362 ] ] ], [ [ [ -112.8372, 44.3621 ], [ -112.8376, 44.3619 ], [ -112.8379, 44.3619 ], [ -112.8372, 44.3621 ] ] ], [ [ [ -112.8276, 44.3668 ], [ -112.8272, 44.367 ], [ -112.8274, 44.3668 ], [ -112.8276, 44.3668 ] ] ], [ [ [ -112.8264, 44.3675 ], [ -112.8254, 44.3679 ], [ -112.826, 44.3676 ], [ -112.8264, 44.3675 ] ] ], [ [ [ -112.8198, 44.3712 ], [ -112.8208, 44.3704 ], [ -112.8217, 44.3702 ], [ -112.8198, 44.3712 ] ] ], [ [ [ -112.8192, 44.3715 ], [ -112.8195, 44.3714 ], [ -112.819, 44.3718 ], [ -112.8192, 44.3715 ] ] ], [ [ [ -112.8168, 44.3746 ], [ -112.8169, 44.3741 ], [ -112.8169, 44.3744 ], [ -112.8168, 44.3746 ] ] ], [ [ [ -112.8132, 44.3781 ], [ -112.8134, 44.3784 ], [ -112.8134, 44.3786 ], [ -112.8132, 44.3781 ] ] ], [ [ [ -112.8142, 44.3835 ], [ -112.8141, 44.3838 ], [ -112.8133, 44.3818 ], [ -112.8142, 44.3835 ] ] ], [ [ [ -112.8128, 44.387 ], [ -112.8123, 44.3874 ], [ -112.8131, 44.3862 ], [ -112.8128, 44.387 ] ] ], [ [ [ -112.8127, 44.3928 ], [ -112.8125, 44.392 ], [ -112.8126, 44.3917 ], [ -112.8127, 44.3928 ] ] ], [ [ [ -112.8151, 44.3948 ], [ -112.8148, 44.3942 ], [ -112.8151, 44.3944 ], [ -112.8151, 44.3948 ] ] ], [ [ [ -112.821, 44.4016 ], [ -112.8214, 44.4024 ], [ -112.8202, 44.4004 ], [ -112.821, 44.4016 ] ] ], [ [ [ -112.8218, 44.4043 ], [ -112.8216, 44.4033 ], [ -112.8218, 44.4039 ], [ -112.8218, 44.4043 ] ] ], [ [ [ -112.8222, 44.405 ], [ -112.8222, 44.4052 ], [ -112.8221, 44.4053 ], [ -112.8222, 44.405 ] ] ], [ [ [ -112.8274, 44.4123 ], [ -112.8306, 44.4157 ], [ -112.8256, 44.4108 ], [ -112.8274, 44.4123 ] ] ], [ [ [ -112.8328, 44.4188 ], [ -112.8332, 44.4194 ], [ -112.8328, 44.4189 ], [ -112.8328, 44.4188 ] ] ], [ [ [ -112.8395, 44.4239 ], [ -112.8384, 44.4233 ], [ -112.8383, 44.4232 ], [ -112.8395, 44.4239 ] ] ], [ [ [ -112.8399, 44.4245 ], [ -112.8399, 44.4243 ], [ -112.84, 44.4244 ], [ -112.8399, 44.4245 ] ] ], [ [ [ -112.8385, 44.4254 ], [ -112.8397, 44.4249 ], [ -112.8394, 44.4251 ], [ -112.8385, 44.4254 ] ] ], [ [ [ -112.8373, 44.4257 ], [ -112.8383, 44.4255 ], [ -112.8381, 44.4256 ], [ -112.8373, 44.4257 ] ] ], [ [ [ -112.8317, 44.4299 ], [ -112.8326, 44.4297 ], [ -112.8321, 44.4299 ], [ -112.8317, 44.4299 ] ] ], [ [ [ -112.8277, 44.433 ], [ -112.8277, 44.4333 ], [ -112.8274, 44.4326 ], [ -112.8277, 44.433 ] ] ], [ [ [ -112.8284, 44.4403 ], [ -112.8283, 44.441 ], [ -112.828, 44.4418 ], [ -112.8276, 44.4425 ], [ -112.8264, 44.4436 ], [ -112.8253, 44.4444 ], [ -112.8249, 44.4446 ], [ -112.8284, 44.4403 ] ] ], [ [ [ -112.8205, 44.4453 ], [ -112.8204, 44.4453 ], [ -112.8213, 44.4449 ], [ -112.8227, 44.4448 ], [ -112.8205, 44.4453 ] ] ], [ [ [ -112.8196, 44.4464 ], [ -112.8191, 44.4467 ], [ -112.8186, 44.4468 ], [ -112.8204, 44.4453 ], [ -112.8196, 44.4464 ] ] ], [ [ [ -112.8173, 44.4489 ], [ -112.8177, 44.4478 ], [ -112.8185, 44.4469 ], [ -112.8173, 44.4489 ] ] ], [ [ [ -112.8157, 44.4514 ], [ -112.8154, 44.452 ], [ -112.8154, 44.4524 ], [ -112.8152, 44.453 ], [ -112.8149, 44.4533 ], [ -112.8139, 44.454 ], [ -112.8119, 44.4548 ], [ -112.8157, 44.4514 ] ] ], [ [ [ -112.8078, 44.4531 ], [ -112.8082, 44.4529 ], [ -112.8087, 44.4529 ], [ -112.8088, 44.4529 ], [ -112.8078, 44.4531 ] ] ], [ [ [ -112.8072, 44.4543 ], [ -112.8063, 44.4554 ], [ -112.8077, 44.4531 ], [ -112.8072, 44.4543 ] ] ], [ [ [ -112.8025, 44.4572 ], [ -112.8043, 44.4566 ], [ -112.8009, 44.4591 ], [ -112.8025, 44.4572 ] ] ], [ [ [ -112.7973, 44.4626 ], [ -112.7977, 44.4614 ], [ -112.7993, 44.4603 ], [ -112.7973, 44.4626 ] ] ], [ [ [ -112.7969, 44.4643 ], [ -112.7971, 44.4632 ], [ -112.7971, 44.4638 ], [ -112.7969, 44.4643 ] ] ], [ [ [ -112.7959, 44.4677 ], [ -112.7946, 44.4682 ], [ -112.7972, 44.467 ], [ -112.7959, 44.4677 ] ] ], [ [ [ -112.791, 44.4718 ], [ -112.7897, 44.4724 ], [ -112.7923, 44.47 ], [ -112.791, 44.4718 ] ] ], [ [ [ -112.7867, 44.4767 ], [ -112.7878, 44.4737 ], [ -112.7889, 44.4729 ], [ -112.7867, 44.4767 ] ] ], [ [ [ -112.7808, 44.4847 ], [ -112.7675, 44.4852 ], [ -112.7773, 44.4836 ], [ -112.7808, 44.4847 ] ] ], [ [ [ -112.762, 44.4878 ], [ -112.7614, 44.4879 ], [ -112.7633, 44.4874 ], [ -112.762, 44.4878 ] ] ], [ [ [ -112.7544, 44.4885 ], [ -112.7566, 44.4886 ], [ -112.7534, 44.489 ], [ -112.7544, 44.4885 ] ] ], [ [ [ -112.7506, 44.49 ], [ -112.7498, 44.4901 ], [ -112.7489, 44.4901 ], [ -112.7422, 44.4887 ], [ -112.7345, 44.4995 ], [ -112.7319, 44.5005 ], [ -112.73, 44.5012 ], [ -112.7269, 44.5021 ], [ -112.723, 44.5029 ], [ -112.7209, 44.5038 ], [ -112.7422, 44.4886 ], [ -112.7506, 44.49 ] ] ], [ [ [ -112.7176, 44.5042 ], [ -112.7182, 44.5043 ], [ -112.7179, 44.5043 ], [ -112.7176, 44.5042 ] ] ], [ [ [ -112.7132, 44.5033 ], [ -112.7144, 44.5033 ], [ -112.717, 44.504 ], [ -112.7132, 44.5033 ] ] ], [ [ [ -112.7085, 44.5032 ], [ -112.7074, 44.503 ], [ -112.7118, 44.5034 ], [ -112.7085, 44.5032 ] ] ], [ [ [ -112.7014, 44.5007 ], [ -112.698, 44.4999 ], [ -112.6988, 44.5 ], [ -112.7014, 44.5007 ] ] ], [ [ [ -112.6888, 44.4984 ], [ -112.6886, 44.4981 ], [ -112.6888, 44.4983 ], [ -112.6888, 44.4984 ] ] ], [ [ [ -112.685, 44.4928 ], [ -112.6852, 44.4929 ], [ -112.6863, 44.4936 ], [ -112.6872, 44.4948 ], [ -112.6874, 44.4952 ], [ -112.685, 44.4928 ] ] ], [ [ [ -112.6773, 44.492 ], [ -112.6845, 44.4927 ], [ -112.685, 44.4928 ], [ -112.6773, 44.492 ] ] ], [ [ [ -112.6741, 44.4919 ], [ -112.6735, 44.4917 ], [ -112.6758, 44.492 ], [ -112.6741, 44.4919 ] ] ], [ [ [ -112.6709, 44.4909 ], [ -112.67, 44.4904 ], [ -112.6726, 44.4915 ], [ -112.6709, 44.4909 ] ] ], [ [ [ -112.6609, 44.486 ], [ -112.6575, 44.4871 ], [ -112.661, 44.4859 ], [ -112.6609, 44.486 ] ] ], [ [ [ -112.6575, 44.4872 ], [ -112.6548, 44.4872 ], [ -112.654, 44.4874 ], [ -112.6514, 44.4876 ], [ -112.6518, 44.4875 ], [ -112.6553, 44.4871 ], [ -112.6575, 44.4871 ], [ -112.6575, 44.4872 ] ] ], [ [ [ -112.6497, 44.4882 ], [ -112.6492, 44.4882 ], [ -112.6508, 44.4877 ], [ -112.6514, 44.4876 ], [ -112.6497, 44.4882 ] ] ], [ [ [ -112.6471, 44.4887 ], [ -112.6444, 44.4896 ], [ -112.642, 44.49 ], [ -112.6471, 44.4887 ] ] ], [ [ [ -112.641, 44.4904 ], [ -112.6407, 44.4904 ], [ -112.6418, 44.4901 ], [ -112.641, 44.4904 ] ] ], [ [ [ -112.6395, 44.4904 ], [ -112.6387, 44.4903 ], [ -112.6382, 44.4903 ], [ -112.6387, 44.4902 ], [ -112.6404, 44.4904 ], [ -112.6395, 44.4904 ] ] ], [ [ [ -112.6327, 44.491 ], [ -112.6323, 44.4908 ], [ -112.6336, 44.4911 ], [ -112.6327, 44.491 ] ] ], [ [ [ -112.6296, 44.4883 ], [ -112.6295, 44.4863 ], [ -112.6296, 44.4863 ], [ -112.6296, 44.4883 ] ] ], [ [ [ -112.629, 44.4833 ], [ -112.6291, 44.483 ], [ -112.6291, 44.4832 ], [ -112.629, 44.4833 ] ] ], [ [ [ -112.628, 44.4828 ], [ -112.6281, 44.4828 ], [ -112.6279, 44.4829 ], [ -112.628, 44.4828 ] ] ], [ [ [ -112.6233, 44.4845 ], [ -112.6214, 44.4853 ], [ -112.6239, 44.484 ], [ -112.6233, 44.4845 ] ] ], [ [ [ -112.6207, 44.4861 ], [ -112.6212, 44.4854 ], [ -112.6214, 44.4854 ], [ -112.6207, 44.4861 ] ] ], [ [ [ -112.6171, 44.4876 ], [ -112.616, 44.4877 ], [ -112.6183, 44.4872 ], [ -112.6171, 44.4876 ] ] ], [ [ [ -112.6127, 44.4885 ], [ -112.6121, 44.4885 ], [ -112.6143, 44.4881 ], [ -112.6127, 44.4885 ] ] ], [ [ [ -112.6108, 44.489 ], [ -112.6101, 44.4891 ], [ -112.6114, 44.4887 ], [ -112.6108, 44.489 ] ] ], [ [ [ -112.6027, 44.4907 ], [ -112.602, 44.4907 ], [ -112.6015, 44.4906 ], [ -112.6027, 44.4907 ] ] ], [ [ [ -112.5976, 44.4882 ], [ -112.5976, 44.4883 ], [ -112.5975, 44.4882 ], [ -112.5976, 44.4882 ] ] ], [ [ [ -112.5895, 44.484 ], [ -112.5901, 44.484 ], [ -112.5904, 44.4842 ], [ -112.5895, 44.484 ] ] ], [ [ [ -112.5852, 44.4811 ], [ -112.5853, 44.4812 ], [ -112.585, 44.4811 ], [ -112.5852, 44.4811 ] ] ], [ [ [ -112.5843, 44.4814 ], [ -112.5843, 44.4813 ], [ -112.5847, 44.4811 ], [ -112.5843, 44.4814 ] ] ], [ [ [ -112.5835, 44.4819 ], [ -112.5833, 44.4819 ], [ -112.584, 44.4815 ], [ -112.5835, 44.4819 ] ] ], [ [ [ -112.5821, 44.4821 ], [ -112.5815, 44.4819 ], [ -112.5827, 44.4821 ], [ -112.5821, 44.4821 ] ] ], [ [ [ -112.5692, 44.4827 ], [ -112.5701, 44.4825 ], [ -112.5697, 44.4827 ], [ -112.5692, 44.4827 ] ] ], [ [ [ -112.5546, 44.4842 ], [ -112.5544, 44.4842 ], [ -112.555, 44.484 ], [ -112.5546, 44.4842 ] ] ], [ [ [ -112.5524, 44.4842 ], [ -112.5515, 44.4843 ], [ -112.5519, 44.4842 ], [ -112.5524, 44.4842 ] ] ], [ [ [ -112.5415, 44.4837 ], [ -112.5411, 44.4834 ], [ -112.5415, 44.4836 ], [ -112.5415, 44.4837 ] ] ], [ [ [ -112.5404, 44.4828 ], [ -112.5391, 44.4824 ], [ -112.5391, 44.4823 ], [ -112.5405, 44.4827 ], [ -112.5411, 44.4834 ], [ -112.5404, 44.4828 ] ] ], [ [ [ -112.5388, 44.4821 ], [ -112.5371, 44.4802 ], [ -112.5361, 44.4785 ], [ -112.5327, 44.4783 ], [ -112.5361, 44.4784 ], [ -112.5391, 44.4823 ], [ -112.5388, 44.4821 ] ] ], [ [ [ -112.532, 44.4784 ], [ -112.5316, 44.4783 ], [ -112.528, 44.4766 ], [ -112.532, 44.4784 ] ] ], [ [ [ -112.5251, 44.4772 ], [ -112.5248, 44.4772 ], [ -112.5201, 44.4757 ], [ -112.5229, 44.4762 ], [ -112.5249, 44.4771 ], [ -112.5251, 44.4772 ] ] ], [ [ [ -112.5174, 44.4759 ], [ -112.5185, 44.4754 ], [ -112.5201, 44.4757 ], [ -112.5174, 44.4759 ] ] ], [ [ [ -112.5139, 44.4751 ], [ -112.5134, 44.4747 ], [ -112.5125, 44.4736 ], [ -112.5117, 44.4721 ], [ -112.5116, 44.4715 ], [ -112.5118, 44.471 ], [ -112.5139, 44.4751 ] ] ], [ [ [ -112.5118, 44.4702 ], [ -112.5117, 44.4696 ], [ -112.5118, 44.4697 ], [ -112.5118, 44.4702 ] ] ], [ [ [ -112.5107, 44.4688 ], [ -112.511, 44.4679 ], [ -112.5108, 44.4687 ], [ -112.5107, 44.4688 ] ] ], [ [ [ -112.5095, 44.4655 ], [ -112.5037, 44.4641 ], [ -112.5004, 44.4628 ], [ -112.5095, 44.4655 ] ] ], [ [ [ -112.5001, 44.4632 ], [ -112.4996, 44.4635 ], [ -112.4997, 44.4633 ], [ -112.5001, 44.4632 ] ] ], [ [ [ -112.4996, 44.4638 ], [ -112.4991, 44.4644 ], [ -112.4988, 44.4647 ], [ -112.4972, 44.466 ], [ -112.4996, 44.4638 ] ] ], [ [ [ -112.4969, 44.4682 ], [ -112.4965, 44.4682 ], [ -112.4956, 44.4679 ], [ -112.4969, 44.4682 ] ] ], [ [ [ -112.4943, 44.4678 ], [ -112.4946, 44.4676 ], [ -112.4951, 44.4677 ], [ -112.4943, 44.4678 ] ] ], [ [ [ -112.4943, 44.4679 ], [ -112.4935, 44.4688 ], [ -112.4915, 44.4702 ], [ -112.4943, 44.4678 ], [ -112.4943, 44.4679 ] ] ], [ [ [ -112.4915, 44.4703 ], [ -112.4873, 44.4709 ], [ -112.486, 44.4709 ], [ -112.485, 44.4709 ], [ -112.485, 44.4708 ], [ -112.4915, 44.4702 ], [ -112.4915, 44.4703 ] ] ], [ [ [ -112.4836, 44.4743 ], [ -112.4833, 44.4745 ], [ -112.482, 44.4747 ], [ -112.4836, 44.4743 ] ] ], [ [ [ -112.479, 44.4757 ], [ -112.4776, 44.4762 ], [ -112.4768, 44.4769 ], [ -112.4775, 44.4761 ], [ -112.479, 44.4757 ] ] ], [ [ [ -112.4638, 44.475 ], [ -112.4644, 44.4749 ], [ -112.4657, 44.4758 ], [ -112.4638, 44.475 ] ] ], [ [ [ -112.4527, 44.4666 ], [ -112.4528, 44.4665 ], [ -112.4538, 44.4663 ], [ -112.4527, 44.4666 ] ] ], [ [ [ -112.4372, 44.4629 ], [ -112.4385, 44.4635 ], [ -112.4402, 44.4646 ], [ -112.4372, 44.4629 ] ] ], [ [ [ -112.4335, 44.4598 ], [ -112.4345, 44.4573 ], [ -112.4336, 44.4599 ], [ -112.4335, 44.4598 ] ] ], [ [ [ -112.4313, 44.4546 ], [ -112.4296, 44.4534 ], [ -112.4299, 44.4534 ], [ -112.4313, 44.4546 ] ] ], [ [ [ -112.4217, 44.4538 ], [ -112.418, 44.4536 ], [ -112.4166, 44.4533 ], [ -112.4162, 44.4531 ], [ -112.4217, 44.4538 ] ] ], [ [ [ -112.4257, 44.4544 ], [ -112.4248, 44.4545 ], [ -112.4236, 44.4547 ], [ -112.423, 44.4547 ], [ -112.4228, 44.4546 ], [ -112.4217, 44.4538 ], [ -112.4257, 44.4544 ] ] ], [ [ [ -112.4129, 44.4555 ], [ -112.4106, 44.4566 ], [ -112.4095, 44.457 ], [ -112.4081, 44.4574 ], [ -112.4072, 44.4575 ], [ -112.4062, 44.4571 ], [ -112.4129, 44.4555 ] ] ], [ [ [ -112.4026, 44.4563 ], [ -112.4014, 44.4557 ], [ -112.4055, 44.4565 ], [ -112.4061, 44.457 ], [ -112.4026, 44.4563 ] ] ], [ [ [ -112.3995, 44.4541 ], [ -112.3992, 44.4535 ], [ -112.4011, 44.4555 ], [ -112.3995, 44.4541 ] ] ], [ [ [ -112.3943, 44.4521 ], [ -112.3931, 44.4515 ], [ -112.3925, 44.4511 ], [ -112.3987, 44.4532 ], [ -112.3943, 44.4521 ] ] ], [ [ [ -112.391, 44.4508 ], [ -112.3908, 44.4505 ], [ -112.3925, 44.4511 ], [ -112.391, 44.4508 ] ] ] ] } },
{ "type": "Feature", "properties": { "district_id": "010203", "forest": "Beaverhead-Deerlodge National Forest", "name": "Wisdom Ranger District", "acres": 875876.38, "enhanced_count": 4, "total_species": 9, "enhanced_rate": 0.4444, "specialist_count": 0, "harvest_count": 67, "harvest_ha": 8852.7217, "mgmt_intensity": "Medium" }, "geometry": { "type": "MultiPolygon", "coordinates": [ [ [ [ -113.934, 45.6921 ], [ -113.9341, 45.6902 ], [ -113.9345, 45.6934 ], [ -113.934, 45.6921 ] ] ], [ [ [ -113.9352, 45.6896 ], [ -113.9348, 45.6897 ], [ -113.9354, 45.6895 ], [ -113.9352, 45.6896 ] ] ], [ [ [ -113.9357, 45.6893 ], [ -113.9355, 45.6894 ], [ -113.9356, 45.6892 ], [ -113.9357, 45.6893 ] ] ], [ [ [ -113.9344, 45.6826 ], [ -113.9342, 45.6819 ], [ -113.9344, 45.6825 ], [ -113.9344, 45.6826 ] ] ], [ [ [ -113.9309, 45.6783 ], [ -113.932, 45.6787 ], [ -113.9312, 45.6785 ], [ -113.9309, 45.6783 ] ] ], [ [ [ -113.9314, 45.6768 ], [ -113.9314, 45.6773 ], [ -113.931, 45.6779 ], [ -113.9314, 45.6768 ] ] ], [ [ [ -113.9305, 45.6746 ], [ -113.9305, 45.6749 ], [ -113.9304, 45.6748 ], [ -113.9305, 45.6746 ] ] ], [ [ [ -113.9235, 45.6664 ], [ -113.9236, 45.6665 ], [ -113.9236, 45.6676 ], [ -113.9235, 45.6664 ] ] ], [ [ [ -113.9209, 45.6643 ], [ -113.9206, 45.664 ], [ -113.922, 45.6648 ], [ -113.9209, 45.6643 ] ] ], [ [ [ -113.9209, 45.6607 ], [ -113.9202, 45.6593 ], [ -113.9209, 45.6606 ], [ -113.9209, 45.6607 ] ] ], [ [ [ -113.9197, 45.658 ], [ -113.9198, 45.6584 ], [ -113.9195, 45.6579 ], [ -113.9197, 45.658 ] ] ], [ [ [ -113.9078, 45.6533 ], [ -113.9089, 45.653 ], [ -113.9098, 45.653 ], [ -113.9078, 45.6533 ] ] ], [ [ [ -113.9076, 45.6533 ], [ -113.9073, 45.6532 ], [ -113.9078, 45.6533 ], [ -113.9076, 45.6533 ] ] ], [ [ [ -113.9034, 45.6511 ], [ -113.9049, 45.6517 ], [ -113.9052, 45.652 ], [ -113.9034, 45.6511 ] ] ], [ [ [ -113.901, 45.6481 ], [ -113.9008, 45.6477 ], [ -113.9012, 45.6481 ], [ -113.901, 45.6481 ] ] ], [ [ [ -113.9004, 45.6476 ], [ -113.9004, 45.6475 ], [ -113.9006, 45.6476 ], [ -113.9004, 45.6476 ] ] ], [ [ [ -113.8961, 45.6452 ], [ -113.896, 45.645 ], [ -113.8963, 45.6452 ], [ -113.8961, 45.6452 ] ] ], [ [ [ -113.8989, 45.6407 ], [ -113.8985, 45.6408 ], [ -113.8989, 45.6406 ], [ -113.8989, 45.6407 ] ] ], [ [ [ -113.9024, 45.6375 ], [ -113.9019, 45.638 ], [ -113.9026, 45.637 ], [ -113.9024, 45.6375 ] ] ], [ [ [ -113.9021, 45.6343 ], [ -113.9021, 45.6348 ], [ -113.902, 45.6339 ], [ -113.9021, 45.6343 ] ] ], [ [ [ -113.8995, 45.6286 ], [ -113.8994, 45.6285 ], [ -113.9045, 45.6247 ], [ -113.9045, 45.6248 ], [ -113.8995, 45.6286 ] ] ], [ [ [ -113.9021, 45.6216 ], [ -113.9049, 45.622 ], [ -113.9045, 45.6247 ], [ -113.9021, 45.6216 ] ] ], [ [ [ -113.8999, 45.622 ], [ -113.8986, 45.6219 ], [ -113.898, 45.6219 ], [ -113.893, 45.6204 ], [ -113.888, 45.6175 ], [ -113.8999, 45.622 ] ] ], [ [ [ -113.8815, 45.6186 ], [ -113.8794, 45.6186 ], [ -113.8808, 45.6184 ], [ -113.8818, 45.6185 ], [ -113.8827, 45.6188 ], [ -113.8831, 45.6186 ], [ -113.8827, 45.619 ], [ -113.8815, 45.6186 ] ] ], [ [ [ -113.8625, 45.6237 ], [ -113.8654, 45.6224 ], [ -113.8696, 45.6223 ], [ -113.8625, 45.6237 ] ] ], [ [ [ -113.8591, 45.6218 ], [ -113.8597, 45.6221 ], [ -113.8607, 45.6231 ], [ -113.8591, 45.6218 ] ] ], [ [ [ -113.8586, 45.6215 ], [ -113.8588, 45.6216 ], [ -113.8583, 45.6215 ], [ -113.8586, 45.6215 ] ] ], [ [ [ -113.8485, 45.62 ], [ -113.8475, 45.617 ], [ -113.8479, 45.6174 ], [ -113.8485, 45.62 ] ] ], [ [ [ -113.8459, 45.6154 ], [ -113.8469, 45.6161 ], [ -113.8474, 45.6167 ], [ -113.8475, 45.617 ], [ -113.8459, 45.6154 ] ] ], [ [ [ -113.8452, 45.6148 ], [ -113.8448, 45.6142 ], [ -113.8456, 45.6151 ], [ -113.8452, 45.6148 ] ] ], [ [ [ -113.8443, 45.6136 ], [ -113.8426, 45.6123 ], [ -113.8435, 45.6127 ], [ -113.8443, 45.6136 ] ] ], [ [ [ -113.8396, 45.611 ], [ -113.8385, 45.6106 ], [ -113.8389, 45.6107 ], [ -113.8396, 45.611 ] ] ], [ [ [ -113.8252, 45.6131 ], [ -113.8243, 45.6129 ], [ -113.826, 45.6131 ], [ -113.8252, 45.6131 ] ] ], [ [ [ -113.8221, 45.6115 ], [ -113.8195, 45.6091 ], [ -113.823, 45.6121 ], [ -113.8221, 45.6115 ] ] ], [ [ [ -113.8153, 45.6073 ], [ -113.8175, 45.6077 ], [ -113.8187, 45.6083 ], [ -113.8153, 45.6073 ] ] ], [ [ [ -113.8064, 45.6016 ], [ -113.806, 45.5997 ], [ -113.8068, 45.6021 ], [ -113.8064, 45.6016 ] ] ], [ [ [ -113.8003, 45.5893 ], [ -113.7991, 45.5875 ], [ -113.8025, 45.5911 ], [ -113.8003, 45.5893 ] ] ], [ [ [ -113.7982, 45.5837 ], [ -113.7986, 45.5846 ], [ -113.7986, 45.5852 ], [ -113.7982, 45.5837 ] ] ], [ [ [ -113.8045, 45.5794 ], [ -113.8052, 45.5785 ], [ -113.8054, 45.5785 ], [ -113.8047, 45.5794 ], [ -113.8045, 45.5794 ] ] ], [ [ [ -113.8075, 45.5776 ], [ -113.8078, 45.5771 ], [ -113.8076, 45.5777 ], [ -113.8069, 45.5782 ], [ -113.8075, 45.5776 ] ] ], [ [ [ -113.814, 45.5711 ], [ -113.8141, 45.5711 ], [ -113.8129, 45.5724 ], [ -113.814, 45.5711 ] ] ], [ [ [ -113.8173, 45.5677 ], [ -113.8167, 45.5686 ], [ -113.8158, 45.5692 ], [ -113.8173, 45.5677 ] ] ], [ [ [ -113.819, 45.5669 ], [ -113.8188, 45.5671 ], [ -113.8177, 45.5674 ], [ -113.819, 45.5669 ] ] ], [ [ [ -113.8209, 45.5661 ], [ -113.8214, 45.5658 ], [ -113.8214, 45.566 ], [ -113.8209, 45.5661 ] ] ], [ [ [ -113.8187, 45.5637 ], [ -113.818, 45.5626 ], [ -113.8175, 45.5607 ], [ -113.8174, 45.5584 ], [ -113.8174, 45.557 ], [ -113.8187, 45.5637 ] ] ], [ [ [ -113.819, 45.5552 ], [ -113.819, 45.5557 ], [ -113.8189, 45.5559 ], [ -113.819, 45.5552 ] ] ], [ [ [ -113.8242, 45.5458 ], [ -113.8237, 45.5462 ], [ -113.8221, 45.547 ], [ -113.8242, 45.5458 ] ] ], [ [ [ -113.8264, 45.5412 ], [ -113.8265, 45.541 ], [ -113.8266, 45.5425 ], [ -113.8264, 45.543 ], [ -113.8264, 45.5412 ] ] ], [ [ [ -113.8275, 45.5339 ], [ -113.8274, 45.5334 ], [ -113.8277, 45.533 ], [ -113.8275, 45.5339 ] ] ], [ [ [ -113.8317, 45.5256 ], [ -113.8323, 45.525 ], [ -113.8311, 45.5266 ], [ -113.8317, 45.5256 ] ] ], [ [ [ -113.8342, 45.5231 ], [ -113.8344, 45.5226 ], [ -113.8343, 45.5232 ], [ -113.8342, 45.5231 ] ] ], [ [ [ -113.8343, 45.5214 ], [ -113.8343, 45.522 ], [ -113.8342, 45.5215 ], [ -113.8343, 45.5214 ] ] ], [ [ [ -113.8347, 45.5206 ], [ -113.8348, 45.5207 ], [ -113.8347, 45.5209 ], [ -113.8347, 45.5206 ] ] ], [ [ [ -113.8192, 45.5228 ], [ -113.8197, 45.5231 ], [ -113.8195, 45.5231 ], [ -113.8192, 45.5228 ] ] ], [ [ [ -113.8147, 45.5209 ], [ -113.8166, 45.521 ], [ -113.8189, 45.5225 ], [ -113.8147, 45.5209 ] ] ], [ [ [ -113.7694, 45.5218 ], [ -113.7702, 45.522 ], [ -113.7698, 45.522 ], [ -113.7694, 45.5218 ] ] ], [ [ [ -113.7727, 45.5143 ], [ -113.7725, 45.5124 ], [ -113.7729, 45.5142 ], [ -113.7727, 45.5143 ] ] ], [ [ [ -113.7708, 45.5082 ], [ -113.7709, 45.507 ], [ -113.7711, 45.5078 ], [ -113.7708, 45.5082 ] ] ], [ [ [ -113.7689, 45.5033 ], [ -113.7693, 45.504 ], [ -113.7695, 45.5052 ], [ -113.7689, 45.5033 ] ] ], [ [ [ -113.768, 45.5023 ], [ -113.7688, 45.503 ], [ -113.7689, 45.5033 ], [ -113.768, 45.5023 ] ] ], [ [ [ -113.7661, 45.5014 ], [ -113.7657, 45.5011 ], [ -113.7654, 45.5004 ], [ -113.7661, 45.5014 ] ] ], [ [ [ -113.7635, 45.492 ], [ -113.764, 45.4949 ], [ -113.7635, 45.4933 ], [ -113.7635, 45.492 ] ] ], [ [ [ -113.7601, 45.4862 ], [ -113.7599, 45.4804 ], [ -113.76, 45.4802 ], [ -113.7604, 45.4801 ], [ -113.7619, 45.4792 ], [ -113.7601, 45.4862 ] ] ], [ [ [ -113.7652, 45.4769 ], [ -113.7638, 45.4781 ], [ -113.7623, 45.479 ], [ -113.7652, 45.4769 ] ] ], [ [ [ -113.7764, 45.4704 ], [ -113.7742, 45.4652 ], [ -113.7744, 45.4634 ], [ -113.7745, 45.4634 ], [ -113.7765, 45.4704 ], [ -113.7764, 45.4709 ], [ -113.7741, 45.4718 ], [ -113.7764, 45.4704 ] ] ], [ [ [ -113.7746, 45.463 ], [ -113.7762, 45.4611 ], [ -113.7843, 45.4549 ], [ -113.7839, 45.4541 ], [ -113.7835, 45.452 ], [ -113.7791, 45.4501 ], [ -113.7753, 45.4478 ], [ -113.7744, 45.4465 ], [ -113.7745, 45.442 ], [ -113.7767, 45.4347 ], [ -113.7746, 45.4466 ], [ -113.7834, 45.4517 ], [ -113.7838, 45.4522 ], [ -113.7844, 45.455 ], [ -113.7745, 45.4634 ], [ -113.7746, 45.463 ] ] ], [ [ [ -113.7743, 45.4321 ], [ -113.7744, 45.4321 ], [ -113.7752, 45.4331 ], [ -113.7743, 45.4321 ] ] ], [ [ [ -113.7731, 45.4316 ], [ -113.7732, 45.4317 ], [ -113.7727, 45.4316 ], [ -113.7731, 45.4316 ] ] ], [ [ [ -113.7597, 45.4271 ], [ -113.7614, 45.4242 ], [ -113.7628, 45.4231 ], [ -113.7664, 45.4213 ], [ -113.7727, 45.4198 ], [ -113.7772, 45.4166 ], [ -113.7756, 45.4119 ], [ -113.7756, 45.4102 ], [ -113.776, 45.4085 ], [ -113.7748, 45.4069 ], [ -113.7762, 45.4082 ], [ -113.7774, 45.4166 ], [ -113.764, 45.4306 ], [ -113.7597, 45.4271 ] ] ], [ [ [ -113.7584, 45.4056 ], [ -113.7582, 45.4054 ], [ -113.7612, 45.4065 ], [ -113.7584, 45.4056 ] ] ], [ [ [ -113.734, 45.3916 ], [ -113.7348, 45.3925 ], [ -113.7344, 45.3924 ], [ -113.734, 45.3916 ] ] ], [ [ [ -113.7327, 45.3859 ], [ -113.7327, 45.3855 ], [ -113.7328, 45.3858 ], [ -113.7327, 45.3859 ] ] ], [ [ [ -113.7325, 45.3844 ], [ -113.7326, 45.384 ], [ -113.7328, 45.3837 ], [ -113.7331, 45.3835 ], [ -113.7325, 45.3844 ] ] ], [ [ [ -113.7341, 45.379 ], [ -113.7342, 45.3788 ], [ -113.7342, 45.3793 ], [ -113.7341, 45.379 ] ] ], [ [ [ -113.7311, 45.3574 ], [ -113.7312, 45.3577 ], [ -113.7307, 45.3571 ], [ -113.7311, 45.3574 ] ] ], [ [ [ -113.7302, 45.3555 ], [ -113.7295, 45.3558 ], [ -113.7306, 45.3551 ], [ -113.7302, 45.3555 ] ] ], [ [ [ -113.7403, 45.3456 ], [ -113.7401, 45.3457 ], [ -113.7403, 45.3455 ], [ -113.7403, 45.3456 ] ] ], [ [ [ -113.7395, 45.3419 ], [ -113.7393, 45.3422 ], [ -113.7393, 45.3421 ], [ -113.7395, 45.3419 ] ] ], [ [ [ -113.739, 45.338 ], [ -113.7387, 45.3387 ], [ -113.7387, 45.3383 ], [ -113.739, 45.338 ] ] ], [ [ [ -113.7174, 45.3122 ], [ -113.718, 45.3127 ], [ -113.7188, 45.3141 ], [ -113.7174, 45.3122 ] ] ], [ [ [ -113.7165, 45.3116 ], [ -113.7168, 45.3118 ], [ -113.7159, 45.3114 ], [ -113.7165, 45.3116 ] ] ], [ [ [ -113.7157, 45.3108 ], [ -113.7159, 45.3114 ], [ -113.7158, 45.3114 ], [ -113.7157, 45.3108 ] ] ], [ [ [ -113.7082, 45.3002 ], [ -113.7093, 45.3005 ], [ -113.7105, 45.3017 ], [ -113.7082, 45.3002 ] ] ], [ [ [ -113.7038, 45.2992 ], [ -113.7035, 45.2985 ], [ -113.7039, 45.2992 ], [ -113.7038, 45.2992 ] ] ], [ [ [ -113.703, 45.2962 ], [ -113.703, 45.2968 ], [ -113.7029, 45.2961 ], [ -113.703, 45.2962 ] ] ], [ [ [ -113.7006, 45.2925 ], [ -113.6995, 45.2918 ], [ -113.7006, 45.2924 ], [ -113.7006, 45.2925 ] ] ], [ [ [ -113.6973, 45.2911 ], [ -113.6967, 45.2907 ], [ -113.6958, 45.29 ], [ -113.6985, 45.2914 ], [ -113.6973, 45.2911 ] ] ], [ [ [ -113.6912, 45.2881 ], [ -113.6931, 45.2886 ], [ -113.6944, 45.2892 ], [ -113.6912, 45.2881 ] ] ], [ [ [ -113.6835, 45.2824 ], [ -113.6833, 45.2822 ], [ -113.6855, 45.2837 ], [ -113.6835, 45.2824 ] ] ], [ [ [ -113.679, 45.2759 ], [ -113.6803, 45.2744 ], [ -113.6835, 45.273 ], [ -113.6847, 45.273 ], [ -113.679, 45.2759 ] ] ], [ [ [ -113.686, 45.273 ], [ -113.6867, 45.2731 ], [ -113.6862, 45.2731 ], [ -113.686, 45.273 ] ] ], [ [ [ -113.692, 45.2725 ], [ -113.6897, 45.2732 ], [ -113.6867, 45.2731 ], [ -113.692, 45.2725 ] ] ], [ [ [ -113.691, 45.2698 ], [ -113.6908, 45.269 ], [ -113.6915, 45.2706 ], [ -113.691, 45.2698 ] ] ], [ [ [ -113.6851, 45.2546 ], [ -113.6851, 45.255 ], [ -113.685, 45.2547 ], [ -113.6851, 45.2546 ] ] ], [ [ [ -113.6844, 45.253 ], [ -113.6846, 45.2531 ], [ -113.6851, 45.2539 ], [ -113.6844, 45.253 ] ] ], [ [ [ -113.6799, 45.2506 ], [ -113.6801, 45.251 ], [ -113.68, 45.2509 ], [ -113.6799, 45.2506 ] ] ], [ [ [ -113.6797, 45.2498 ], [ -113.6797, 45.2499 ], [ -113.6796, 45.2498 ], [ -113.6797, 45.2498 ] ] ], [ [ [ -113.6707, 45.2476 ], [ -113.6712, 45.2479 ], [ -113.6719, 45.2486 ], [ -113.6707, 45.2476 ] ] ], [ [ [ -113.6573, 45.241 ], [ -113.6567, 45.2406 ], [ -113.6573, 45.2409 ], [ -113.6573, 45.241 ] ] ], [ [ [ -113.6491, 45.2332 ], [ -113.6492, 45.2333 ], [ -113.6492, 45.2338 ], [ -113.6492, 45.2342 ], [ -113.6491, 45.234 ], [ -113.6491, 45.2332 ] ] ], [ [ [ -113.6407, 45.2196 ], [ -113.6415, 45.22 ], [ -113.6426, 45.221 ], [ -113.6407, 45.2196 ] ] ], [ [ [ -113.6368, 45.2123 ], [ -113.6371, 45.2128 ], [ -113.6371, 45.2138 ], [ -113.6368, 45.2123 ] ] ], [ [ [ -113.634, 45.2112 ], [ -113.6353, 45.2114 ], [ -113.636, 45.2117 ], [ -113.634, 45.2112 ] ] ], [ [ [ -113.6317, 45.2106 ], [ -113.6303, 45.209 ], [ -113.6307, 45.2092 ], [ -113.6317, 45.2106 ] ] ], [ [ [ -113.6294, 45.2084 ], [ -113.6259, 45.2069 ], [ -113.6295, 45.2083 ], [ -113.6303, 45.209 ], [ -113.6294, 45.2084 ] ] ], [ [ [ -113.6099, 45.1974 ], [ -113.6112, 45.1973 ], [ -113.6137, 45.1976 ], [ -113.6099, 45.1974 ] ] ], [ [ [ -113.6042, 45.192 ], [ -113.6043, 45.1921 ], [ -113.6029, 45.1919 ], [ -113.6042, 45.192 ] ] ], [ [ [ -113.602, 45.1918 ], [ -113.6023, 45.1918 ], [ -113.6017, 45.1919 ], [ -113.602, 45.1918 ] ] ], [ [ [ -113.5999, 45.1922 ], [ -113.5997, 45.1922 ], [ -113.5996, 45.1921 ], [ -113.5999, 45.1922 ] ] ], [ [ [ -113.5957, 45.1853 ], [ -113.596, 45.1855 ], [ -113.5955, 45.1853 ], [ -113.5957, 45.1853 ] ] ], [ [ [ -113.5924, 45.1848 ], [ -113.5921, 45.1848 ], [ -113.593, 45.1847 ], [ -113.5931, 45.1848 ], [ -113.5924, 45.1848 ] ] ], [ [ [ -113.5912, 45.179 ], [ -113.5917, 45.1801 ], [ -113.5916, 45.1801 ], [ -113.5912, 45.179 ] ] ], [ [ [ -113.5896, 45.1776 ], [ -113.5895, 45.1773 ], [ -113.5905, 45.178 ], [ -113.5896, 45.1776 ] ] ], [ [ [ -113.5921, 45.1717 ], [ -113.5921, 45.1719 ], [ -113.592, 45.1718 ], [ -113.5921, 45.1717 ] ] ], [ [ [ -113.5925, 45.1634 ], [ -113.5929, 45.1637 ], [ -113.5934, 45.1644 ], [ -113.5925, 45.1634 ] ] ], [ [ [ -113.5903, 45.1595 ], [ -113.5905, 45.1585 ], [ -113.5904, 45.1595 ], [ -113.5903, 45.1595 ] ] ], [ [ [ -113.5827, 45.1514 ], [ -113.5815, 45.1493 ], [ -113.5824, 45.1501 ], [ -113.5827, 45.1514 ] ] ] ] } },
{ "type": "Feature", "properties": { "district_id": "010206", "forest": "Beaverhead-Deerlodge National Forest", "name": "Madison Ranger District", "acres": 751353.507, "enhanced_count": 0, "total_species": 0, "enhanced_rate": 0.0, "specialist_count": 0, "harvest_count": 0, "harvest_ha": 0.0, "mgmt_intensity": "Low" }, "geometry": { "type": "MultiPolygon", "coordinates": [ [ [ [ -111.528, 44.549 ], [ -111.526, 44.5487 ], [ -111.5267, 44.5487 ], [ -111.528, 44.549 ] ] ], [ [ [ -111.5235, 44.5477 ], [ -111.5246, 44.5484 ], [ -111.5236, 44.5479 ], [ -111.5235, 44.5477 ] ] ], [ [ [ -111.5183, 44.5435 ], [ -111.518, 44.5419 ], [ -111.5196, 44.544 ], [ -111.5183, 44.5435 ] ] ], [ [ [ -111.5177, 44.5408 ], [ -111.5174, 44.5406 ], [ -111.5174, 44.5405 ], [ -111.5179, 44.5408 ], [ -111.5177, 44.5408 ] ] ], [ [ [ -111.5146, 44.5366 ], [ -111.5159, 44.5374 ], [ -111.517, 44.5388 ], [ -111.5146, 44.5366 ] ] ], [ [ [ -111.5093, 44.5362 ], [ -111.5078, 44.5363 ], [ -111.511, 44.5359 ], [ -111.5093, 44.5362 ] ] ], [ [ [ -111.501, 44.5402 ], [ -111.5023, 44.5396 ], [ -111.5028, 44.5393 ], [ -111.5037, 44.539 ], [ -111.5001, 44.5415 ], [ -111.501, 44.5402 ] ] ], [ [ [ -111.4971, 44.5417 ], [ -111.4978, 44.542 ], [ -111.4975, 44.5421 ], [ -111.4971, 44.5417 ] ] ], [ [ [ -111.4958, 44.541 ], [ -111.4962, 44.541 ], [ -111.4964, 44.5412 ], [ -111.4958, 44.541 ] ] ], [ [ [ -111.4946, 44.5409 ], [ -111.4945, 44.5408 ], [ -111.4955, 44.5409 ], [ -111.4946, 44.5409 ] ] ], [ [ [ -111.4896, 44.5408 ], [ -111.4916, 44.5406 ], [ -111.494, 44.5407 ], [ -111.4896, 44.5408 ] ] ], [ [ [ -111.4856, 44.5417 ], [ -111.484, 44.5409 ], [ -111.486, 44.5416 ], [ -111.4856, 44.5417 ] ] ], [ [ [ -111.4809, 44.5416 ], [ -111.4816, 44.5414 ], [ -111.4822, 44.5413 ], [ -111.4809, 44.5416 ] ] ], [ [ [ -111.4749, 44.5409 ], [ -111.4757, 44.5409 ], [ -111.4764, 44.5413 ], [ -111.4749, 44.5409 ] ] ], [ [ [ -111.4679, 44.5393 ], [ -111.4679, 44.5389 ], [ -111.4689, 44.5391 ], [ -111.4679, 44.5393 ] ] ], [ [ [ -111.4637, 44.5416 ], [ -111.4635, 44.5414 ], [ -111.4639, 44.5411 ], [ -111.4662, 44.5407 ], [ -111.4637, 44.5416 ] ] ], [ [ [ -111.4675, 44.5477 ], [ -111.4671, 44.5473 ], [ -111.467, 44.5471 ], [ -111.4675, 44.5477 ] ] ], [ [ [ -111.4676, 44.5477 ], [ -111.4677, 44.5483 ], [ -111.4675, 44.5477 ], [ -111.4676, 44.5477 ] ] ], [ [ [ -111.4741, 44.5567 ], [ -111.4751, 44.5565 ], [ -111.4734, 44.557 ], [ -111.4741, 44.5567 ] ] ], [ [ [ -111.4806, 44.555 ], [ -111.4805, 44.5553 ], [ -111.4805, 44.5547 ], [ -111.4806, 44.555 ] ] ], [ [ [ -111.4805, 44.5554 ], [ -111.4806, 44.5557 ], [ -111.4805, 44.5556 ], [ -111.4805, 44.5554 ] ] ], [ [ [ -111.4836, 44.5569 ], [ -111.481, 44.5558 ], [ -111.4832, 44.5565 ], [ -111.4836, 44.5569 ] ] ], [ [ [ -111.4861, 44.5576 ], [ -111.4879, 44.5589 ], [ -111.486, 44.5576 ], [ -111.4861, 44.5576 ] ] ], [ [ [ -111.4923, 44.5608 ], [ -111.4917, 44.5607 ], [ -111.4906, 44.5602 ], [ -111.4923, 44.5608 ] ] ], [ [ [ -111.496, 44.5612 ], [ -111.497, 44.5611 ], [ -111.4967, 44.5612 ], [ -111.496, 44.5612 ] ] ], [ [ [ -111.5032, 44.5614 ], [ -111.5027, 44.5612 ], [ -111.5035, 44.5614 ], [ -111.5032, 44.5614 ] ] ], [ [ [ -111.5056, 44.569 ], [ -111.5041, 44.5685 ], [ -111.5077, 44.5679 ], [ -111.5056, 44.569 ] ] ], [ [ [ -111.5024, 44.5688 ], [ -111.5025, 44.5688 ], [ -111.5024, 44.5689 ], [ -111.5024, 44.5688 ] ] ], [ [ [ -111.5015, 44.5707 ], [ -111.501, 44.571 ], [ -111.5019, 44.5701 ], [ -111.5015, 44.5707 ] ] ], [ [ [ -111.5144, 44.5804 ], [ -111.514, 44.58 ], [ -111.5151, 44.5806 ], [ -111.5144, 44.5804 ] ] ], [ [ [ -111.5193, 44.5878 ], [ -111.5193, 44.5868 ], [ -111.5194, 44.5871 ], [ -111.5193, 44.5878 ] ] ], [ [ [ -111.5239, 44.5949 ], [ -111.5239, 44.5953 ], [ -111.5237, 44.5945 ], [ -111.5239, 44.5949 ] ] ], [ [ [ -111.5241, 44.6065 ], [ -111.5234, 44.6074 ], [ -111.5244, 44.6059 ], [ -111.5241, 44.6065 ] ] ], [ [ [ -111.5216, 44.615 ], [ -111.5211, 44.6153 ], [ -111.5193, 44.6158 ], [ -111.5216, 44.615 ] ] ], [ [ [ -111.5181, 44.6168 ], [ -111.5164, 44.6192 ], [ -111.517, 44.6182 ], [ -111.5181, 44.6168 ] ] ], [ [ [ -111.515, 44.6209 ], [ -111.5148, 44.6209 ], [ -111.5158, 44.6204 ], [ -111.515, 44.6209 ] ] ], [ [ [ -111.5111, 44.6229 ], [ -111.5124, 44.6216 ], [ -111.5128, 44.6214 ], [ -111.5111, 44.6229 ] ] ], [ [ [ -111.5092, 44.6243 ], [ -111.5084, 44.6249 ], [ -111.508, 44.625 ], [ -111.5097, 44.6236 ], [ -111.5099, 44.6235 ], [ -111.5092, 44.6243 ] ] ], [ [ [ -111.5039, 44.6258 ], [ -111.5029, 44.6262 ], [ -111.5044, 44.6254 ], [ -111.5039, 44.6258 ] ] ], [ [ [ -111.5091, 44.6331 ], [ -111.5095, 44.6337 ], [ -111.5083, 44.6328 ], [ -111.5091, 44.6331 ] ] ], [ [ [ -111.5098, 44.6345 ], [ -111.5097, 44.6341 ], [ -111.5098, 44.6342 ], [ -111.5098, 44.6345 ] ] ], [ [ [ -111.5121, 44.6391 ], [ -111.5119, 44.6391 ], [ -111.5115, 44.6387 ], [ -111.5121, 44.6391 ] ] ], [ [ [ -111.5151, 44.6403 ], [ -111.5142, 44.6397 ], [ -111.5149, 44.64 ], [ -111.5151, 44.6403 ] ] ], [ [ [ -111.5166, 44.6426 ], [ -111.5163, 44.6433 ], [ -111.5165, 44.641 ], [ -111.5166, 44.6426 ] ] ], [ [ [ -111.5053, 44.6443 ], [ -111.5044, 44.6445 ], [ -111.5053, 44.6442 ], [ -111.5053, 44.6443 ] ] ], [ [ [ -111.4975, 44.6463 ], [ -111.4979, 44.6465 ], [ -111.4984, 44.6466 ], [ -111.4986, 44.6468 ], [ -111.4988, 44.6476 ], [ -111.4975, 44.6463 ] ] ], [ [ [ -111.4914, 44.6429 ], [ -111.4909, 44.6426 ], [ -111.4921, 44.6431 ], [ -111.4935, 44.6441 ], [ -111.4914, 44.6429 ] ] ], [ [ [ -111.4915, 44.6478 ], [ -111.4914, 44.6478 ], [ -111.4916, 44.646 ], [ -111.4915, 44.6478 ] ] ], [ [ [ -111.4907, 44.6495 ], [ -111.4908, 44.6493 ], [ -111.4908, 44.6494 ], [ -111.4907, 44.6495 ] ] ], [ [ [ -111.4892, 44.6501 ], [ -111.4882, 44.651 ], [ -111.4888, 44.6503 ], [ -111.4892, 44.6501 ] ] ], [ [ [ -111.4879, 44.6521 ], [ -111.488, 44.6516 ], [ -111.488, 44.6519 ], [ -111.4879, 44.6521 ] ] ], [ [ [ -111.4844, 44.655 ], [ -111.4852, 44.6548 ], [ -111.486, 44.6547 ], [ -111.4844, 44.655 ] ] ], [ [ [ -111.4766, 44.6732 ], [ -111.4766, 44.6728 ], [ -111.4767, 44.6731 ], [ -111.4766, 44.6732 ] ] ], [ [ [ -111.4745, 44.6738 ], [ -111.4747, 44.6739 ], [ -111.4745, 44.6739 ], [ -111.4745, 44.6738 ] ] ], [ [ [ -111.4715, 44.675 ], [ -111.4716, 44.675 ], [ -111.4715, 44.6751 ], [ -111.4715, 44.675 ] ] ], [ [ [ -111.4706, 44.6765 ], [ -111.4706, 44.6764 ], [ -111.471, 44.676 ], [ -111.4706, 44.6765 ] ] ], [ [ [ -111.4715, 44.6801 ], [ -111.4701, 44.68 ], [ -111.4694, 44.6798 ], [ -111.4715, 44.6801 ] ] ], [ [ [ -111.4725, 44.6807 ], [ -111.4736, 44.6815 ], [ -111.473, 44.6812 ], [ -111.4725, 44.6807 ] ] ], [ [ [ -111.4838, 44.6889 ], [ -111.4848, 44.6879 ], [ -111.4843, 44.6885 ], [ -111.4838, 44.6889 ] ] ], [ [ [ -111.4833, 44.6912 ], [ -111.4828, 44.6922 ], [ -111.4827, 44.6912 ], [ -111.4833, 44.6912 ] ] ], [ [ [ -111.4834, 44.6933 ], [ -111.4832, 44.6931 ], [ -111.4834, 44.6932 ], [ -111.4834, 44.6933 ] ] ], [ [ [ -111.4848, 44.6949 ], [ -111.4839, 44.6946 ], [ -111.4838, 44.6945 ], [ -111.4848, 44.6949 ] ] ], [ [ [ -111.4868, 44.6959 ], [ -111.4872, 44.6962 ], [ -111.4872, 44.6964 ], [ -111.4868, 44.6959 ] ] ] ] } },
{ "type": "Feature", "properties": { "district_id": "010301", "forest": "Bitterroot National Forest", "name": "Stevensville Ranger District", "acres": 251491.511, "enhanced_count": 0, "total_species": 0, "enhanced_rate": 0.0, "specialist_count": 0, "harvest_count": 0, "harvest_ha": 0.0, "mgmt_intensity": "Low" }, "geometry": { "type": "MultiPolygon", "coordinates": [ [ [ [ -114.3351, 46.568 ], [ -114.3353, 46.5677 ], [ -114.336, 46.5672 ], [ -114.3351, 46.568 ] ] ], [ [ [ -114.342, 46.5574 ], [ -114.3424, 46.5556 ], [ -114.3428, 46.5551 ], [ -114.3421, 46.5574 ], [ -114.342, 46.5574 ] ] ], [ [ [ -114.3439, 46.5414 ], [ -114.3441, 46.5418 ], [ -114.3439, 46.5415 ], [ -114.3439, 46.5414 ] ] ], [ [ [ -114.342, 46.5199 ], [ -114.3423, 46.5209 ], [ -114.342, 46.5203 ], [ -114.342, 46.5199 ] ] ], [ [ [ -114.3427, 46.5183 ], [ -114.3426, 46.5185 ], [ -114.3426, 46.5184 ], [ -114.3427, 46.5183 ] ] ], [ [ [ -114.3523, 46.5076 ], [ -114.3518, 46.5079 ], [ -114.3519, 46.5077 ], [ -114.3523, 46.5076 ] ] ], [ [ [ -114.3583, 46.5052 ], [ -114.3592, 46.505 ], [ -114.3569, 46.506 ], [ -114.3583, 46.5052 ] ] ], [ [ [ -114.3622, 46.5054 ], [ -114.368, 46.5051 ], [ -114.3618, 46.5055 ], [ -114.3622, 46.5054 ] ] ], [ [ [ -114.369, 46.5041 ], [ -114.37, 46.5035 ], [ -114.3687, 46.5046 ], [ -114.369, 46.5041 ] ] ], [ [ [ -114.3858, 46.5044 ], [ -114.387, 46.504 ], [ -114.388, 46.5038 ], [ -114.389, 46.5037 ], [ -114.3858, 46.5044 ] ] ], [ [ [ -114.3968, 46.502 ], [ -114.3979, 46.5022 ], [ -114.3962, 46.5021 ], [ -114.3968, 46.502 ] ] ], [ [ [ -114.4022, 46.5007 ], [ -114.4007, 46.5019 ], [ -114.3983, 46.5022 ], [ -114.4022, 46.5007 ] ] ], [ [ [ -114.4033, 46.4984 ], [ -114.4031, 46.4992 ], [ -114.4024, 46.5005 ], [ -114.4033, 46.4984 ] ] ], [ [ [ -114.4033, 46.4955 ], [ -114.4033, 46.4976 ], [ -114.4032, 46.4964 ], [ -114.4033, 46.4955 ] ] ], [ [ [ -114.4009, 46.4882 ], [ -114.4011, 46.4879 ], [ -114.4009, 46.4885 ], [ -114.4009, 46.4882 ] ] ], [ [ [ -114.4007, 46.4778 ], [ -114.4009, 46.4781 ], [ -114.4013, 46.4788 ], [ -114.4013, 46.4817 ], [ -114.4007, 46.4778 ] ] ], [ [ [ -114.397, 46.4745 ], [ -114.4, 46.4767 ], [ -114.4007, 46.4778 ], [ -114.397, 46.4745 ] ] ], [ [ [ -114.3954, 46.4723 ], [ -114.3955, 46.4716 ], [ -114.3956, 46.4729 ], [ -114.3954, 46.4723 ] ] ], [ [ [ -114.395, 46.4698 ], [ -114.3953, 46.4701 ], [ -114.3953, 46.4705 ], [ -114.395, 46.4698 ] ] ], [ [ [ -114.3794, 46.4602 ], [ -114.3809, 46.4616 ], [ -114.3801, 46.461 ], [ -114.3794, 46.4602 ] ] ], [ [ [ -114.3813, 46.4551 ], [ -114.3812, 46.4575 ], [ -114.3809, 46.458 ], [ -114.3813, 46.4551 ] ] ], [ [ [ -114.3841, 46.4465 ], [ -114.3845, 46.4482 ], [ -114.3836, 46.4494 ], [ -114.3841, 46.4465 ] ] ], [ [ [ -114.3808, 46.4449 ], [ -114.384, 46.4464 ], [ -114.3841, 46.4465 ], [ -114.3808, 46.4449 ] ] ], [ [ [ -114.3788, 46.4445 ], [ -114.3759, 46.4428 ], [ -114.3806, 46.4448 ], [ -114.3788, 46.4445 ] ] ], [ [ [ -114.373, 46.4431 ], [ -114.3728, 46.443 ], [ -114.3744, 46.4432 ], [ -114.373, 46.4431 ] ] ], [ [ [ -114.3706, 46.436 ], [ -114.375, 46.4357 ], [ -114.3706, 46.4361 ], [ -114.3706, 46.436 ] ] ], [ [ [ -114.3843, 46.4255 ], [ -114.3845, 46.4249 ], [ -114.3844, 46.4262 ], [ -114.3843, 46.4255 ] ] ], [ [ [ -114.3839, 46.4219 ], [ -114.3837, 46.4185 ], [ -114.3841, 46.4175 ], [ -114.3839, 46.4219 ] ] ], [ [ [ -114.3928, 46.4094 ], [ -114.3909, 46.4096 ], [ -114.3919, 46.4094 ], [ -114.3928, 46.4094 ] ] ], [ [ [ -114.3981, 46.4055 ], [ -114.3998, 46.4046 ], [ -114.3998, 46.4049 ], [ -114.3981, 46.4055 ] ] ], [ [ [ -114.4018, 46.4015 ], [ -114.4054, 46.4015 ], [ -114.4048, 46.4016 ], [ -114.4018, 46.4015 ] ] ], [ [ [ -114.4166, 46.3921 ], [ -114.4161, 46.3928 ], [ -114.4165, 46.3921 ], [ -114.4166, 46.3921 ] ] ], [ [ [ -114.4189, 46.3903 ], [ -114.4189, 46.3904 ], [ -114.4166, 46.3921 ], [ -114.4189, 46.3903 ] ] ], [ [ [ -114.4218, 46.3875 ], [ -114.4224, 46.3871 ], [ -114.42, 46.3891 ], [ -114.4218, 46.3875 ] ] ], [ [ [ -114.415, 46.3718 ], [ -114.4145, 46.3708 ], [ -114.4134, 46.3693 ], [ -114.4124, 46.3677 ], [ -114.4147, 46.3708 ], [ -114.415, 46.3718 ] ] ], [ [ [ -114.4102, 46.3657 ], [ -114.4102, 46.3655 ], [ -114.4109, 46.3646 ], [ -114.4102, 46.3657 ] ] ], [ [ [ -114.4104, 46.3608 ], [ -114.4106, 46.3607 ], [ -114.4104, 46.361 ], [ -114.4104, 46.3608 ] ] ], [ [ [ -114.4122, 46.3574 ], [ -114.4119, 46.3565 ], [ -114.4122, 46.3573 ], [ -114.4122, 46.3574 ] ] ], [ [ [ -114.4117, 46.3559 ], [ -114.4116, 46.3555 ], [ -114.4116, 46.3547 ], [ -114.4117, 46.3559 ] ] ], [ [ [ -114.4121, 46.3518 ], [ -114.4123, 46.352 ], [ -114.4122, 46.3522 ], [ -114.4121, 46.3518 ] ] ], [ [ [ -114.4128, 46.3507 ], [ -114.4131, 46.3499 ], [ -114.413, 46.3506 ], [ -114.4128, 46.3507 ] ] ], [ [ [ -114.4143, 46.3355 ], [ -114.4146, 46.3355 ], [ -114.414, 46.3356 ], [ -114.4143, 46.3355 ] ] ], [ [ [ -114.4147, 46.3355 ], [ -114.415, 46.3353 ], [ -114.4149, 46.3355 ], [ -114.4147, 46.3355 ] ] ], [ [ [ -114.421, 46.331 ], [ -114.4186, 46.3317 ], [ -114.4219, 46.3298 ], [ -114.421, 46.331 ] ] ], [ [ [ -114.4218, 46.3268 ], [ -114.4227, 46.3236 ], [ -114.4225, 46.3253 ], [ -114.4218, 46.3268 ] ] ], [ [ [ -114.4262, 46.3179 ], [ -114.4248, 46.3212 ], [ -114.4229, 46.3233 ], [ -114.4262, 46.3179 ] ] ], [ [ [ -114.4273, 46.3158 ], [ -114.4299, 46.3136 ], [ -114.4272, 46.3166 ], [ -114.4273, 46.3158 ] ] ], [ [ [ -114.4316, 46.3072 ], [ -114.4318, 46.307 ], [ -114.4315, 46.3077 ], [ -114.4316, 46.3072 ] ] ], [ [ [ -114.4326, 46.3046 ], [ -114.4327, 46.3041 ], [ -114.4333, 46.3055 ], [ -114.4326, 46.3046 ] ] ], [ [ [ -114.4301, 46.2983 ], [ -114.4298, 46.2965 ], [ -114.43, 46.2972 ], [ -114.4301, 46.2983 ] ] ], [ [ [ -114.4276, 46.2858 ], [ -114.4275, 46.286 ], [ -114.4276, 46.2856 ], [ -114.4276, 46.2858 ] ] ], [ [ [ -114.4295, 46.2819 ], [ -114.4291, 46.2823 ], [ -114.4293, 46.282 ], [ -114.4295, 46.2819 ] ] ], [ [ [ -114.4353, 46.2767 ], [ -114.4362, 46.2762 ], [ -114.4365, 46.2762 ], [ -114.4353, 46.2767 ] ] ], [ [ [ -114.4429, 46.2734 ], [ -114.4431, 46.2733 ], [ -114.4429, 46.2735 ], [ -114.4429, 46.2734 ] ] ], [ [ [ -114.451, 46.2713 ], [ -114.4491, 46.2719 ], [ -114.4458, 46.2725 ], [ -114.451, 46.2713 ] ] ], [ [ [ -114.4565, 46.2715 ], [ -114.4589, 46.2722 ], [ -114.4534, 46.271 ], [ -114.4565, 46.2715 ] ] ], [ [ [ -114.4699, 46.2629 ], [ -114.4701, 46.2633 ], [ -114.4699, 46.2631 ], [ -114.4699, 46.2629 ] ] ], [ [ [ -114.466, 46.2541 ], [ -114.467, 46.2554 ], [ -114.4664, 46.2548 ], [ -114.466, 46.2541 ] ] ], [ [ [ -114.466, 46.2507 ], [ -114.4663, 46.2504 ], [ -114.4651, 46.2528 ], [ -114.466, 46.2507 ] ] ], [ [ [ -114.452, 46.2412 ], [ -114.4533, 46.2413 ], [ -114.4521, 46.2413 ], [ -114.452, 46.2412 ] ] ] ] } },
{ "type": "Feature", "properties": { "district_id": "010302", "forest": "Bitterroot National Forest", "name": "Darby Ranger District", "acres": 371025.878, "enhanced_count": 0, "total_species": 1, "enhanced_rate": 0.0, "specialist_count": 0, "harvest_count": 0, "harvest_ha": 0.0, "mgmt_intensity": "Low" }, "geometry": { "type": "MultiPolygon", "coordinates": [ [ [ [ -114.4511, 46.2385 ], [ -114.4517, 46.239 ], [ -114.4517, 46.2394 ], [ -114.4511, 46.2385 ] ] ], [ [ [ -114.4499, 46.2369 ], [ -114.4506, 46.2379 ], [ -114.45, 46.2372 ], [ -114.4499, 46.2369 ] ] ], [ [ [ -114.4497, 46.2356 ], [ -114.4499, 46.2369 ], [ -114.4497, 46.2365 ], [ -114.4497, 46.2356 ] ] ], [ [ [ -114.4484, 46.2326 ], [ -114.449, 46.2338 ], [ -114.4497, 46.2356 ], [ -114.4484, 46.2326 ] ] ], [ [ [ -114.4476, 46.2277 ], [ -114.4476, 46.2273 ], [ -114.4477, 46.2278 ], [ -114.4476, 46.2277 ] ] ], [ [ [ -114.4456, 46.2197 ], [ -114.4456, 46.2206 ], [ -114.4455, 46.2202 ], [ -114.4456, 46.2197 ] ] ], [ [ [ -114.4461, 46.2192 ], [ -114.4467, 46.2189 ], [ -114.4459, 46.2195 ], [ -114.4461, 46.2192 ] ] ], [ [ [ -114.4482, 46.2176 ], [ -114.4479, 46.2181 ], [ -114.4475, 46.2184 ], [ -114.4482, 46.2176 ] ] ], [ [ [ -114.4518, 46.2142 ], [ -114.4518, 46.2146 ], [ -114.4516, 46.2139 ], [ -114.4518, 46.2142 ] ] ], [ [ [ -114.4505, 46.2111 ], [ -114.4506, 46.2114 ], [ -114.4503, 46.211 ], [ -114.4505, 46.2111 ] ] ], [ [ [ -114.4494, 46.2101 ], [ -114.4492, 46.2097 ], [ -114.4492, 46.2096 ], [ -114.4494, 46.2101 ] ] ], [ [ [ -114.4487, 46.2087 ], [ -114.448, 46.2077 ], [ -114.449, 46.2088 ], [ -114.4487, 46.2087 ] ] ], [ [ [ -114.4453, 46.2052 ], [ -114.445, 46.2048 ], [ -114.4473, 46.2069 ], [ -114.4453, 46.2052 ] ] ], [ [ [ -114.4433, 46.203 ], [ -114.4435, 46.2012 ], [ -114.4445, 46.1994 ], [ -114.4434, 46.2031 ], [ -114.4433, 46.203 ] ] ], [ [ [ -114.4445, 46.1966 ], [ -114.4447, 46.199 ], [ -114.4445, 46.1994 ], [ -114.4445, 46.1966 ] ] ], [ [ [ -114.4442, 46.1919 ], [ -114.4446, 46.1914 ], [ -114.444, 46.1927 ], [ -114.4442, 46.1919 ] ] ], [ [ [ -114.4451, 46.1904 ], [ -114.445, 46.1896 ], [ -114.4451, 46.1899 ], [ -114.4451, 46.1904 ] ] ], [ [ [ -114.4453, 46.1845 ], [ -114.4454, 46.1843 ], [ -114.4448, 46.1874 ], [ -114.4453, 46.1845 ] ] ], [ [ [ -114.4448, 46.1814 ], [ -114.4455, 46.179 ], [ -114.4449, 46.1815 ], [ -114.4448, 46.1814 ] ] ], [ [ [ -114.4456, 46.1758 ], [ -114.4454, 46.1775 ], [ -114.4453, 46.177 ], [ -114.4456, 46.1758 ] ] ], [ [ [ -114.4445, 46.1712 ], [ -114.4443, 46.1705 ], [ -114.4442, 46.1691 ], [ -114.4445, 46.1712 ] ] ], [ [ [ -114.4453, 46.1679 ], [ -114.4448, 46.1684 ], [ -114.4452, 46.1679 ], [ -114.4453, 46.1679 ] ] ], [ [ [ -114.4526, 46.1685 ], [ -114.4527, 46.1686 ], [ -114.4523, 46.1686 ], [ -114.4526, 46.1685 ] ] ], [ [ [ -114.4642, 46.1657 ], [ -114.4644, 46.1657 ], [ -114.4636, 46.1672 ], [ -114.4642, 46.1657 ] ] ], [ [ [ -114.4796, 46.1613 ], [ -114.4799, 46.1617 ], [ -114.4775, 46.1607 ], [ -114.4796, 46.1613 ] ] ], [ [ [ -114.4812, 46.1621 ], [ -114.4813, 46.1623 ], [ -114.4801, 46.1619 ], [ -114.4812, 46.1621 ] ] ], [ [ [ -114.4831, 46.1632 ], [ -114.4845, 46.1643 ], [ -114.483, 46.1633 ], [ -114.4831, 46.1632 ] ] ], [ [ [ -114.5016, 46.1655 ], [ -114.5022, 46.1652 ], [ -114.5007, 46.1661 ], [ -114.5016, 46.1655 ] ] ], [ [ [ -114.5061, 46.1646 ], [ -114.5063, 46.1646 ], [ -114.5022, 46.1652 ], [ -114.5061, 46.1646 ] ] ], [ [ [ -114.5079, 46.1648 ], [ -114.5069, 46.1646 ], [ -114.5075, 46.1646 ], [ -114.5079, 46.1648 ] ] ], [ [ [ -114.515, 46.1674 ], [ -114.5154, 46.1668 ], [ -114.515, 46.1677 ], [ -114.515, 46.1674 ] ] ], [ [ [ -114.5156, 46.1665 ], [ -114.5156, 46.1654 ], [ -114.5157, 46.1659 ], [ -114.5156, 46.1665 ] ] ], [ [ [ -114.5152, 46.1633 ], [ -114.5156, 46.1619 ], [ -114.5156, 46.1649 ], [ -114.5152, 46.1633 ] ] ], [ [ [ -114.5144, 46.1546 ], [ -114.5151, 46.155 ], [ -114.5154, 46.1558 ], [ -114.5154, 46.1561 ], [ -114.5144, 46.1546 ] ] ], [ [ [ -114.5179, 46.1524 ], [ -114.5192, 46.152 ], [ -114.5159, 46.1532 ], [ -114.5179, 46.1524 ] ] ], [ [ [ -114.5255, 46.1481 ], [ -114.5273, 46.1461 ], [ -114.5259, 46.148 ], [ -114.5255, 46.1481 ] ] ], [ [ [ -114.5219, 46.1382 ], [ -114.5241, 46.1408 ], [ -114.5248, 46.142 ], [ -114.5219, 46.1382 ] ] ], [ [ [ -114.5179, 46.1339 ], [ -114.5185, 46.1315 ], [ -114.5178, 46.1348 ], [ -114.5179, 46.1339 ] ] ], [ [ [ -114.5213, 46.1265 ], [ -114.5207, 46.1274 ], [ -114.52, 46.1293 ], [ -114.5213, 46.1255 ], [ -114.5213, 46.1265 ] ] ], [ [ [ -114.5189, 46.124 ], [ -114.5184, 46.1236 ], [ -114.5204, 46.1249 ], [ -114.5189, 46.124 ] ] ], [ [ [ -114.5179, 46.1232 ], [ -114.518, 46.1233 ], [ -114.5176, 46.1233 ], [ -114.5179, 46.1232 ] ] ], [ [ [ -114.5044, 46.1184 ], [ -114.5023, 46.1191 ], [ -114.4994, 46.1189 ], [ -114.499, 46.1189 ], [ -114.5049, 46.1183 ], [ -114.5063, 46.119 ], [ -114.5044, 46.1184 ] ] ], [ [ [ -114.4975, 46.1181 ], [ -114.4985, 46.1187 ], [ -114.498, 46.1185 ], [ -114.4975, 46.1181 ] ] ], [ [ [ -114.4954, 46.1177 ], [ -114.493, 46.1158 ], [ -114.4972, 46.118 ], [ -114.4954, 46.1177 ] ] ], [ [ [ -114.4852, 46.1136 ], [ -114.484, 46.1137 ], [ -114.4835, 46.1136 ], [ -114.4852, 46.1136 ] ] ], [ [ [ -114.4752, 46.1132 ], [ -114.4744, 46.1131 ], [ -114.4758, 46.1131 ], [ -114.4752, 46.1132 ] ] ], [ [ [ -114.4709, 46.1056 ], [ -114.4685, 46.1052 ], [ -114.4673, 46.1047 ], [ -114.467, 46.1045 ], [ -114.4671, 46.1042 ], [ -114.4709, 46.1055 ], [ -114.4709, 46.1056 ] ] ], [ [ [ -114.4647, 46.1017 ], [ -114.4621, 46.0994 ], [ -114.4647, 46.1014 ], [ -114.4647, 46.1017 ] ] ], [ [ [ -114.4605, 46.0978 ], [ -114.46, 46.0965 ], [ -114.46, 46.0954 ], [ -114.4617, 46.0991 ], [ -114.4605, 46.0978 ] ] ], [ [ [ -114.4601, 46.0868 ], [ -114.4602, 46.0877 ], [ -114.46, 46.087 ], [ -114.4601, 46.0868 ] ] ], [ [ [ -114.4721, 46.0694 ], [ -114.472, 46.0711 ], [ -114.4715, 46.0724 ], [ -114.4721, 46.0694 ] ] ], [ [ [ -114.467, 46.0657 ], [ -114.468, 46.0664 ], [ -114.4682, 46.0666 ], [ -114.467, 46.0657 ] ] ], [ [ [ -114.4696, 46.0617 ], [ -114.4704, 46.0614 ], [ -114.4689, 46.0622 ], [ -114.4696, 46.0617 ] ] ], [ [ [ -114.4739, 46.0605 ], [ -114.4743, 46.0596 ], [ -114.4742, 46.0601 ], [ -114.4739, 46.0605 ] ] ], [ [ [ -114.4791, 46.0557 ], [ -114.48, 46.0554 ], [ -114.4805, 46.0554 ], [ -114.4791, 46.0557 ] ] ], [ [ [ -114.4929, 46.0502 ], [ -114.4934, 46.0492 ], [ -114.4933, 46.0509 ], [ -114.4929, 46.0502 ] ] ], [ [ [ -114.4945, 46.0472 ], [ -114.4949, 46.0461 ], [ -114.4946, 46.0473 ], [ -114.4945, 46.0472 ] ] ], [ [ [ -114.4954, 46.0454 ], [ -114.4963, 46.0451 ], [ -114.495, 46.0459 ], [ -114.4954, 46.0454 ] ] ], [ [ [ -114.4991, 46.0419 ], [ -114.5006, 46.0417 ], [ -114.4974, 46.0425 ], [ -114.4991, 46.0419 ] ] ], [ [ [ -114.5017, 46.0418 ], [ -114.502, 46.0419 ], [ -114.5017, 46.0419 ], [ -114.5017, 46.0418 ] ] ], [ [ [ -114.4953, 46.028 ], [ -114.4965, 46.0278 ], [ -114.4969, 46.0279 ], [ -114.4953, 46.028 ] ] ], [ [ [ -114.4891, 46.028 ], [ -114.4899, 46.0278 ], [ -114.4915, 46.0278 ], [ -114.4891, 46.028 ] ] ], [ [ [ -114.4844, 46.0302 ], [ -114.4805, 46.0304 ], [ -114.4803, 46.0303 ], [ -114.4796, 46.0285 ], [ -114.4844, 46.0302 ] ] ], [ [ [ -114.476, 46.022 ], [ -114.476, 46.0215 ], [ -114.4761, 46.0222 ], [ -114.476, 46.022 ] ] ], [ [ [ -114.473, 46.0146 ], [ -114.473, 46.0145 ], [ -114.4734, 46.0149 ], [ -114.473, 46.0146 ] ] ], [ [ [ -114.4742, 46.0125 ], [ -114.4749, 46.0122 ], [ -114.4735, 46.013 ], [ -114.4742, 46.0125 ] ] ], [ [ [ -114.4794, 46.01 ], [ -114.4792, 46.01 ], [ -114.4798, 46.0097 ], [ -114.4794, 46.01 ] ] ], [ [ [ -114.4837, 46.0082 ], [ -114.4826, 46.0083 ], [ -114.4831, 46.0081 ], [ -114.4837, 46.0082 ] ] ], [ [ [ -114.4865, 45.9997 ], [ -114.4862, 45.9988 ], [ -114.4866, 45.9996 ], [ -114.4865, 45.9997 ] ] ], [ [ [ -114.4848, 45.9964 ], [ -114.4852, 45.9972 ], [ -114.485, 45.9969 ], [ -114.4848, 45.9964 ] ] ], [ [ [ -114.4808, 45.9937 ], [ -114.4815, 45.9943 ], [ -114.4808, 45.9939 ], [ -114.4808, 45.9937 ] ] ], [ [ [ -114.4805, 45.9933 ], [ -114.4792, 45.9927 ], [ -114.48, 45.9929 ], [ -114.4805, 45.9933 ] ] ], [ [ [ -114.4758, 45.992 ], [ -114.476, 45.9921 ], [ -114.4755, 45.992 ], [ -114.4758, 45.992 ] ] ], [ [ [ -114.4693, 45.9947 ], [ -114.4684, 45.9953 ], [ -114.4659, 45.9961 ], [ -114.4652, 45.9969 ], [ -114.4647, 45.9973 ], [ -114.4657, 45.996 ], [ -114.4693, 45.9947 ] ] ], [ [ [ -114.4637, 45.9976 ], [ -114.4607, 45.9974 ], [ -114.4645, 45.9974 ], [ -114.4637, 45.9976 ] ] ], [ [ [ -114.4568, 45.9961 ], [ -114.4565, 45.9954 ], [ -114.4569, 45.9961 ], [ -114.4568, 45.9961 ] ] ], [ [ [ -114.4553, 45.9938 ], [ -114.4553, 45.9935 ], [ -114.4563, 45.9952 ], [ -114.4553, 45.9938 ] ] ], [ [ [ -114.4543, 45.9919 ], [ -114.454, 45.9914 ], [ -114.4552, 45.9927 ], [ -114.4552, 45.9929 ], [ -114.4543, 45.9919 ] ] ], [ [ [ -114.4398, 45.988 ], [ -114.439, 45.9879 ], [ -114.4404, 45.9879 ], [ -114.4398, 45.988 ] ] ], [ [ [ -114.4353, 45.9878 ], [ -114.435, 45.9877 ], [ -114.4358, 45.9878 ], [ -114.4353, 45.9878 ] ] ], [ [ [ -114.4337, 45.9873 ], [ -114.4347, 45.9877 ], [ -114.4343, 45.9876 ], [ -114.4337, 45.9873 ] ] ], [ [ [ -114.4282, 45.9861 ], [ -114.429, 45.9866 ], [ -114.4288, 45.9866 ], [ -114.4282, 45.9861 ] ] ], [ [ [ -114.4242, 45.9844 ], [ -114.4237, 45.984 ], [ -114.425, 45.9848 ], [ -114.4242, 45.9844 ] ] ], [ [ [ -114.4226, 45.9826 ], [ -114.4232, 45.9834 ], [ -114.4229, 45.9831 ], [ -114.4226, 45.9826 ] ] ], [ [ [ -114.4141, 45.9793 ], [ -114.4134, 45.9788 ], [ -114.4146, 45.9794 ], [ -114.4141, 45.9793 ] ] ], [ [ [ -114.4118, 45.9779 ], [ -114.4117, 45.9776 ], [ -114.4115, 45.9753 ], [ -114.4116, 45.9744 ], [ -114.4118, 45.9776 ], [ -114.4125, 45.9783 ], [ -114.4118, 45.9779 ] ] ], [ [ [ -114.4041, 45.9674 ], [ -114.4046, 45.9673 ], [ -114.4046, 45.9674 ], [ -114.4041, 45.9674 ] ] ], [ [ [ -114.4032, 45.9573 ], [ -114.4025, 45.9584 ], [ -114.4025, 45.9579 ], [ -114.4032, 45.9573 ] ] ], [ [ [ -114.4112, 45.9531 ], [ -114.4138, 45.9492 ], [ -114.4146, 45.9487 ], [ -114.4113, 45.9531 ], [ -114.4112, 45.9531 ] ] ], [ [ [ -114.4069, 45.9542 ], [ -114.4094, 45.9532 ], [ -114.4112, 45.9531 ], [ -114.4069, 45.9542 ] ] ], [ [ [ -114.415, 45.9484 ], [ -114.4158, 45.9481 ], [ -114.419, 45.9474 ], [ -114.4146, 45.9487 ], [ -114.415, 45.9484 ] ] ], [ [ [ -114.421, 45.9447 ], [ -114.4223, 45.9446 ], [ -114.4194, 45.9473 ], [ -114.419, 45.9474 ], [ -114.421, 45.9447 ] ] ], [ [ [ -114.4251, 45.9419 ], [ -114.4261, 45.9408 ], [ -114.4305, 45.9382 ], [ -114.4315, 45.9379 ], [ -114.4315, 45.938 ], [ -114.4251, 45.9419 ] ] ], [ [ [ -114.429, 45.9336 ], [ -114.4297, 45.9344 ], [ -114.4294, 45.9342 ], [ -114.429, 45.9336 ] ] ], [ [ [ -114.4267, 45.9325 ], [ -114.427, 45.9327 ], [ -114.4267, 45.9326 ], [ -114.4267, 45.9325 ] ] ], [ [ [ -114.4237, 45.9292 ], [ -114.4233, 45.9287 ], [ -114.4245, 45.9298 ], [ -114.4237, 45.9292 ] ] ], [ [ [ -114.4149, 45.9221 ], [ -114.4148, 45.9216 ], [ -114.4152, 45.9208 ], [ -114.4149, 45.9221 ] ] ], [ [ [ -114.4163, 45.9188 ], [ -114.4162, 45.9191 ], [ -114.4162, 45.9185 ], [ -114.4163, 45.9188 ] ] ], [ [ [ -114.4136, 45.9116 ], [ -114.4132, 45.9114 ], [ -114.4136, 45.9115 ], [ -114.4136, 45.9116 ] ] ], [ [ [ -114.4116, 45.9101 ], [ -114.4106, 45.9092 ], [ -114.4113, 45.9097 ], [ -114.413, 45.9112 ], [ -114.4116, 45.9101 ] ] ], [ [ [ -114.4053, 45.9046 ], [ -114.4066, 45.9053 ], [ -114.4067, 45.9054 ], [ -114.4053, 45.9046 ] ] ], [ [ [ -114.3994, 45.9024 ], [ -114.3993, 45.9023 ], [ -114.4005, 45.9022 ], [ -114.4012, 45.9023 ], [ -114.3994, 45.9024 ] ] ], [ [ [ -114.3986, 45.902 ], [ -114.3992, 45.9023 ], [ -114.3989, 45.9023 ], [ -114.3986, 45.902 ] ] ], [ [ [ -114.3949, 45.8975 ], [ -114.3947, 45.8971 ], [ -114.3949, 45.8973 ], [ -114.3949, 45.8975 ] ] ], [ [ [ -114.3939, 45.8963 ], [ -114.3937, 45.8959 ], [ -114.3935, 45.8956 ], [ -114.3939, 45.8946 ], [ -114.3939, 45.8963 ] ] ], [ [ [ -114.3939, 45.8934 ], [ -114.3939, 45.8937 ], [ -114.3938, 45.8932 ], [ -114.3939, 45.8934 ] ] ] ] } },
{ "type": "Feature", "properties": { "district_id": "010303", "forest": "Bitterroot National Forest", "name": "Sula Ranger District", "acres": 248531.279, "enhanced_count": 5, "total_species": 7, "enhanced_rate": 0.7143, "specialist_count": 2, "harvest_count": 34, "harvest_ha": 3017.2497, "mgmt_intensity": "High" }, "geometry": { "type": "MultiPolygon", "coordinates": [ [ [ [ -113.9861, 45.7043 ], [ -113.9867, 45.7044 ], [ -113.9874, 45.705 ], [ -113.9861, 45.7043 ] ] ], [ [ [ -113.9826, 45.7033 ], [ -113.9842, 45.7037 ], [ -113.9828, 45.7034 ], [ -113.9826, 45.7033 ] ] ], [ [ [ -113.9699, 45.6974 ], [ -113.9689, 45.6948 ], [ -113.9718, 45.7007 ], [ -113.9699, 45.6974 ] ] ], [ [ [ -113.9684, 45.6917 ], [ -113.9692, 45.6927 ], [ -113.9693, 45.6938 ], [ -113.9684, 45.6917 ] ] ], [ [ [ -113.9663, 45.6909 ], [ -113.9659, 45.6907 ], [ -113.9669, 45.691 ], [ -113.9663, 45.6909 ] ] ], [ [ [ -113.9596, 45.6903 ], [ -113.96, 45.6902 ], [ -113.9598, 45.6904 ], [ -113.9596, 45.6903 ] ] ], [ [ [ -113.9403, 45.6954 ], [ -113.9391, 45.6958 ], [ -113.9383, 45.6958 ], [ -113.9403, 45.6954 ] ] ] ] } },
{ "type": "Feature", "properties": { "district_id": "010304", "forest": "Bitterroot National Forest", "name": "West Fork Ranger District", "acres": 793456.964, "enhanced_count": 2, "total_species": 25, "enhanced_rate": 0.08, "specialist_count": 0, "harvest_count": 2, "harvest_ha": 0.613, "mgmt_intensity": "Low" }, "geometry": { "type": "MultiPolygon", "coordinates": [ [ [ [ -114.412, 45.978 ], [ -114.4027, 45.9578 ], [ -114.4314, 45.936 ], [ -114.3886, 45.8822 ], [ -114.4097, 45.8516 ], [ -114.4377, 45.8626 ], [ -114.5093, 45.8455 ], [ -114.5665, 45.7733 ], [ -114.4951, 45.704 ], [ -114.5151, 45.6849 ], [ -114.499, 45.6789 ], [ -114.5076, 45.6575 ], [ -114.564, 45.6376 ], [ -114.5379, 45.6066 ], [ -114.5735, 45.5479 ], [ -114.6314, 45.5195 ], [ -114.6641, 45.471 ], [ -114.691, 45.4909 ], [ -114.7938, 45.5081 ], [ -114.7935, 45.4366 ], [ -114.7693, 45.4345 ], [ -114.7351, 45.3954 ], [ -114.8145, 45.3934 ], [ -115.0246, 45.5075 ], [ -114.9657, 45.569 ], [ -114.973, 45.6094 ], [ -114.9472, 45.6838 ], [ -114.9884, 45.6784 ], [ -114.9921, 45.7044 ], [ -114.9271, 45.7685 ], [ -114.9133, 45.7929 ], [ -114.9303, 45.8119 ], [ -114.8803, 45.8832 ], [ -114.9237, 45.9196 ], [ -114.8701, 45.9226 ], [ -114.83, 45.9704 ], [ -114.7853, 45.9811 ], [ -114.6955, 45.9532 ], [ -114.5994, 45.9596 ], [ -114.5201, 45.9987 ], [ -114.412, 45.978 ] ] ], [ [ [ -114.5486, 45.5611 ], [ -114.5482, 45.5612 ], [ -114.5496, 45.5604 ], [ -114.5486, 45.5611 ] ] ], [ [ [ -114.541, 45.564 ], [ -114.5396, 45.5639 ], [ -114.5418, 45.5639 ], [ -114.541, 45.564 ] ] ], [ [ [ -114.5158, 45.5663 ], [ -114.5159, 45.5664 ], [ -114.5158, 45.5666 ], [ -114.5158, 45.5663 ] ] ], [ [ [ -114.5132, 45.5641 ], [ -114.514, 45.5646 ], [ -114.515, 45.5655 ], [ -114.5132, 45.5641 ] ] ], [ [ [ -114.5066, 45.5593 ], [ -114.5069, 45.5593 ], [ -114.5075, 45.5597 ], [ -114.5066, 45.5593 ] ] ], [ [ [ -114.5023, 45.5586 ], [ -114.5022, 45.5582 ], [ -114.5031, 45.5591 ], [ -114.5023, 45.5586 ] ] ], [ [ [ -114.4993, 45.5564 ], [ -114.4991, 45.5562 ], [ -114.5009, 45.5568 ], [ -114.5013, 45.5572 ], [ -114.4993, 45.5564 ] ] ], [ [ [ -114.4967, 45.5558 ], [ -114.4981, 45.5555 ], [ -114.4983, 45.5556 ], [ -114.4967, 45.5558 ] ] ], [ [ [ -114.4855, 45.5617 ], [ -114.485, 45.5618 ], [ -114.4839, 45.5612 ], [ -114.4945, 45.5564 ], [ -114.4855, 45.5617 ] ] ], [ [ [ -114.4719, 45.5652 ], [ -114.471, 45.5646 ], [ -114.472, 45.565 ], [ -114.4719, 45.5652 ] ] ], [ [ [ -114.4641, 45.5608 ], [ -114.461, 45.5614 ], [ -114.4583, 45.5617 ], [ -114.4641, 45.5608 ] ] ], [ [ [ -114.4563, 45.5623 ], [ -114.4561, 45.5622 ], [ -114.457, 45.562 ], [ -114.4563, 45.5623 ] ] ], [ [ [ -114.4563, 45.561 ], [ -114.4564, 45.5609 ], [ -114.4561, 45.5622 ], [ -114.4563, 45.561 ] ] ], [ [ [ -114.4622, 45.5485 ], [ -114.4623, 45.5485 ], [ -114.4622, 45.5489 ], [ -114.4622, 45.5485 ] ] ], [ [ [ -114.4569, 45.5442 ], [ -114.4561, 45.5443 ], [ -114.4551, 45.5441 ], [ -114.4569, 45.5442 ] ] ], [ [ [ -114.4524, 45.5428 ], [ -114.4514, 45.5426 ], [ -114.4523, 45.5427 ], [ -114.4524, 45.5428 ] ] ], [ [ [ -114.4396, 45.5367 ], [ -114.4409, 45.5374 ], [ -114.4399, 45.537 ], [ -114.4396, 45.5367 ] ] ], [ [ [ -114.4386, 45.5354 ], [ -114.4389, 45.5339 ], [ -114.4388, 45.5358 ], [ -114.4386, 45.5354 ] ] ], [ [ [ -114.4374, 45.5309 ], [ -114.4376, 45.5311 ], [ -114.4372, 45.5309 ], [ -114.4374, 45.5309 ] ] ], [ [ [ -114.4312, 45.5297 ], [ -114.4305, 45.5294 ], [ -114.4302, 45.5292 ], [ -114.4302, 45.5287 ], [ -114.4312, 45.5297 ] ] ], [ [ [ -114.4288, 45.5209 ], [ -114.4289, 45.5202 ], [ -114.4295, 45.522 ], [ -114.4288, 45.5209 ] ] ], [ [ [ -114.413, 45.5088 ], [ -114.4126, 45.5085 ], [ -114.4142, 45.5091 ], [ -114.413, 45.5088 ] ] ], [ [ [ -114.3888, 45.5029 ], [ -114.3897, 45.5028 ], [ -114.3893, 45.503 ], [ -114.3888, 45.5029 ] ] ], [ [ [ -114.3682, 45.4924 ], [ -114.3672, 45.4919 ], [ -114.3658, 45.4906 ], [ -114.3682, 45.4924 ] ] ], [ [ [ -114.3612, 45.4805 ], [ -114.361, 45.4798 ], [ -114.3613, 45.4805 ], [ -114.3612, 45.4805 ] ] ], [ [ [ -114.3609, 45.4788 ], [ -114.361, 45.4789 ], [ -114.361, 45.4792 ], [ -114.3609, 45.4788 ] ] ], [ [ [ -114.3507, 45.4696 ], [ -114.3505, 45.4686 ], [ -114.351, 45.4697 ], [ -114.3507, 45.4696 ] ] ], [ [ [ -114.3425, 45.4596 ], [ -114.3442, 45.4597 ], [ -114.3449, 45.4601 ], [ -114.3425, 45.4596 ] ] ], [ [ [ -114.3375, 45.4606 ], [ -114.337, 45.4605 ], [ -114.3361, 45.4599 ], [ -114.3375, 45.4606 ] ] ], [ [ [ -114.336, 45.4598 ], [ -114.3344, 45.4591 ], [ -114.3352, 45.4593 ], [ -114.336, 45.4598 ] ] ], [ [ [ -114.3329, 45.4594 ], [ -114.3309, 45.4596 ], [ -114.3343, 45.4591 ], [ -114.3329, 45.4594 ] ] ], [ [ [ -114.3244, 45.4659 ], [ -114.3184, 45.4663 ], [ -114.3154, 45.4691 ], [ -114.3144, 45.4697 ], [ -114.3134, 45.4699 ], [ -114.3182, 45.4661 ], [ -114.3244, 45.4659 ] ] ], [ [ [ -114.306, 45.4709 ], [ -114.3055, 45.471 ], [ -114.3084, 45.4697 ], [ -114.306, 45.4709 ] ] ], [ [ [ -114.3024, 45.4724 ], [ -114.3038, 45.4716 ], [ -114.3049, 45.4712 ], [ -114.3024, 45.4724 ] ] ], [ [ [ -114.3004, 45.4753 ], [ -114.3, 45.4761 ], [ -114.3003, 45.4742 ], [ -114.3004, 45.4753 ] ] ], [ [ [ -114.2992, 45.4769 ], [ -114.2963, 45.4787 ], [ -114.3, 45.4761 ], [ -114.2992, 45.4769 ] ] ], [ [ [ -114.2942, 45.4796 ], [ -114.2953, 45.4793 ], [ -114.2951, 45.4794 ], [ -114.2942, 45.4796 ] ] ], [ [ [ -114.2918, 45.4799 ], [ -114.2929, 45.4799 ], [ -114.2923, 45.48 ], [ -114.2918, 45.4799 ] ] ], [ [ [ -114.288, 45.4791 ], [ -114.2894, 45.4793 ], [ -114.2914, 45.4799 ], [ -114.288, 45.4791 ] ] ], [ [ [ -114.2872, 45.4791 ], [ -114.2844, 45.4799 ], [ -114.283, 45.4801 ], [ -114.2806, 45.4798 ], [ -114.2872, 45.479 ], [ -114.288, 45.4791 ], [ -114.2872, 45.4791 ] ] ], [ [ [ -114.2762, 45.4825 ], [ -114.2757, 45.4829 ], [ -114.2767, 45.4816 ], [ -114.277, 45.4814 ], [ -114.2762, 45.4825 ] ] ], [ [ [ -114.27, 45.4848 ], [ -114.2698, 45.4846 ], [ -114.2699, 45.4846 ], [ -114.27, 45.4848 ] ] ], [ [ [ -114.2607, 45.4967 ], [ -114.2607, 45.4975 ], [ -114.2605, 45.4968 ], [ -114.2607, 45.4967 ] ] ], [ [ [ -114.2606, 45.4978 ], [ -114.2602, 45.5001 ], [ -114.2602, 45.4993 ], [ -114.2606, 45.4978 ] ] ], [ [ [ -114.2594, 45.5072 ], [ -114.259, 45.508 ], [ -114.2593, 45.5054 ], [ -114.2594, 45.5072 ] ] ], [ [ [ -114.2586, 45.5098 ], [ -114.2585, 45.511 ], [ -114.2585, 45.5096 ], [ -114.2586, 45.5098 ] ] ], [ [ [ -114.252, 45.5177 ], [ -114.2515, 45.5181 ], [ -114.2518, 45.5177 ], [ -114.252, 45.5177 ] ] ], [ [ [ -114.2493, 45.5212 ], [ -114.2492, 45.5215 ], [ -114.2493, 45.5204 ], [ -114.2493, 45.5212 ] ] ], [ [ [ -114.2493, 45.531 ], [ -114.2488, 45.5322 ], [ -114.2493, 45.5305 ], [ -114.2493, 45.531 ] ] ], [ [ [ -114.2505, 45.54 ], [ -114.2503, 45.5421 ], [ -114.2501, 45.5426 ], [ -114.2501, 45.5406 ], [ -114.2505, 45.54 ] ] ], [ [ [ -114.2392, 45.5465 ], [ -114.2409, 45.5463 ], [ -114.2401, 45.5465 ], [ -114.2392, 45.5465 ] ] ], [ [ [ -114.2374, 45.5467 ], [ -114.2366, 45.5466 ], [ -114.2384, 45.5466 ], [ -114.2374, 45.5467 ] ] ], [ [ [ -114.2198, 45.5422 ], [ -114.2217, 45.5427 ], [ -114.2234, 45.5441 ], [ -114.2198, 45.5422 ] ] ], [ [ [ -114.2132, 45.5403 ], [ -114.2117, 45.5396 ], [ -114.2122, 45.5395 ], [ -114.2132, 45.5403 ] ] ], [ [ [ -114.2061, 45.5363 ], [ -114.2066, 45.5371 ], [ -114.2059, 45.5362 ], [ -114.2061, 45.5363 ] ] ], [ [ [ -114.201, 45.5362 ], [ -114.2006, 45.5363 ], [ -114.2019, 45.5356 ], [ -114.201, 45.5362 ] ] ], [ [ [ -114.1926, 45.5367 ], [ -114.193, 45.5366 ], [ -114.191, 45.5381 ], [ -114.1926, 45.5367 ] ] ], [ [ [ -114.1834, 45.5482 ], [ -114.1827, 45.5487 ], [ -114.1838, 45.5477 ], [ -114.1851, 45.5468 ], [ -114.1834, 45.5482 ] ] ], [ [ [ -114.1646, 45.5525 ], [ -114.1589, 45.553 ], [ -114.1573, 45.5528 ], [ -114.1646, 45.5525 ] ] ], [ [ [ -114.1571, 45.5528 ], [ -114.1544, 45.5526 ], [ -114.1554, 45.5526 ], [ -114.1571, 45.5528 ] ] ], [ [ [ -114.153, 45.5538 ], [ -114.1517, 45.5559 ], [ -114.1522, 45.5549 ], [ -114.153, 45.5538 ] ] ], [ [ [ -114.1463, 45.5579 ], [ -114.1437, 45.5574 ], [ -114.148, 45.558 ], [ -114.1463, 45.5579 ] ] ], [ [ [ -114.1401, 45.5573 ], [ -114.1395, 45.5571 ], [ -114.1414, 45.5573 ], [ -114.1401, 45.5573 ] ] ], [ [ [ -114.129, 45.5697 ], [ -114.1305, 45.5706 ], [ -114.1316, 45.5714 ], [ -114.129, 45.5697 ] ] ], [ [ [ -114.132, 45.5727 ], [ -114.1319, 45.5719 ], [ -114.1321, 45.5721 ], [ -114.132, 45.5727 ] ] ], [ [ [ -114.1307, 45.5758 ], [ -114.13, 45.5766 ], [ -114.1309, 45.5753 ], [ -114.1307, 45.5758 ] ] ], [ [ [ -114.1229, 45.5836 ], [ -114.1212, 45.5846 ], [ -114.1253, 45.5813 ], [ -114.1229, 45.5836 ] ] ], [ [ [ -114.118, 45.5846 ], [ -114.1178, 45.5846 ], [ -114.1187, 45.5844 ], [ -114.118, 45.5846 ] ] ], [ [ [ -114.09, 45.5914 ], [ -114.0899, 45.5913 ], [ -114.0929, 45.59 ], [ -114.09, 45.5914 ] ] ], [ [ [ -114.083, 45.6004 ], [ -114.083, 45.5996 ], [ -114.0831, 45.5999 ], [ -114.083, 45.6004 ] ] ], [ [ [ -114.083, 45.6034 ], [ -114.0829, 45.6019 ], [ -114.0831, 45.6031 ], [ -114.083, 45.6034 ] ] ], [ [ [ -114.0793, 45.6122 ], [ -114.0793, 45.6121 ], [ -114.0805, 45.6118 ], [ -114.0793, 45.6122 ] ] ], [ [ [ -114.0725, 45.6208 ], [ -114.0725, 45.6212 ], [ -114.0723, 45.6196 ], [ -114.0725, 45.6208 ] ] ], [ [ [ -114.0176, 45.6496 ], [ -114.018, 45.6492 ], [ -114.0173, 45.6503 ], [ -114.0176, 45.6496 ] ] ], [ [ [ -114.0151, 45.6598 ], [ -114.0137, 45.6583 ], [ -114.0138, 45.6581 ], [ -114.0151, 45.6598 ] ] ], [ [ [ -114.0233, 45.6706 ], [ -114.0219, 45.6705 ], [ -114.02, 45.6702 ], [ -114.0233, 45.6706 ] ] ], [ [ [ -114.0279, 45.6755 ], [ -114.026, 45.6764 ], [ -114.0278, 45.6748 ], [ -114.0279, 45.6755 ] ] ], [ [ [ -114.0216, 45.68 ], [ -114.0198, 45.6815 ], [ -114.0229, 45.6786 ], [ -114.0216, 45.68 ] ] ], [ [ [ -114.0157, 45.6849 ], [ -114.0163, 45.6861 ], [ -114.0166, 45.6877 ], [ -114.0157, 45.6849 ] ] ], [ [ [ -114.0191, 45.692 ], [ -114.0191, 45.6923 ], [ -114.019, 45.6918 ], [ -114.0191, 45.692 ] ] ], [ [ [ -114.0062, 45.6942 ], [ -114.0059, 45.6941 ], [ -114.0068, 45.6941 ], [ -114.0062, 45.6942 ] ] ], [ [ [ -113.9976, 45.6967 ], [ -113.9978, 45.6966 ], [ -114.0016, 45.6963 ], [ -113.9976, 45.6967 ] ] ], [ [ [ -113.9966, 45.6978 ], [ -113.9964, 45.6975 ], [ -113.9966, 45.6976 ], [ -113.9966, 45.6978 ] ] ], [ [ [ -113.9935, 45.7009 ], [ -113.9937, 45.7007 ], [ -113.9935, 45.7011 ], [ -113.9935, 45.7009 ] ] ] ] } },
{ "type": "Feature", "properties": { "district_id": "010403", "forest": "Idaho Panhandle National Forests", "name": "Coeur d'Alene River Ranger District", "acres": 807880.551, "enhanced_count": 28, "total_species": 32, "enhanced_rate": 0.875, "specialist_count": 0, "harvest_count": 38780, "harvest_ha": 3086043.7877000002, "mgmt_intensity": "Very High" }, "geometry": { "type": "MultiPolygon", "coordinates": [ [ [ [ -116.1201, 48.0334 ], [ -116.0188, 47.9628 ], [ -115.9189, 47.8536 ], [ -115.8522, 47.8276 ], [ -115.8316, 47.7555 ], [ -115.7975, 47.7573 ], [ -115.7766, 47.7198 ], [ -115.7227, 47.6951 ], [ -115.7367, 47.6542 ], [ -115.6948, 47.6241 ], [ -115.6885, 47.5944 ], [ -115.7558, 47.548 ], [ -115.6986, 47.5315 ], [ -115.7115, 47.5168 ], [ -115.6863, 47.4849 ], [ -115.6295, 47.4796 ], [ -115.6399, 47.4599 ], [ -115.7161, 47.4529 ], [ -115.7595, 47.4237 ], [ -115.833, 47.4326 ], [ -115.8728, 47.4073 ], [ -115.995, 47.4355 ], [ -116.0469, 47.4128 ], [ -116.1112, 47.4293 ], [ -116.1379, 47.4173 ], [ -116.1367, 47.5014 ], [ -115.9655, 47.4723 ], [ -115.9684, 47.4427 ], [ -115.7505, 47.4588 ], [ -115.7506, 47.4878 ], [ -115.8154, 47.5027 ], [ -115.794, 47.5308 ], [ -115.8152, 47.5311 ], [ -115.8153, 47.5724 ], [ -115.879, 47.5724 ], [ -115.8789, 47.5434 ], [ -115.9005, 47.5434 ], [ -115.9005, 47.5147 ], [ -115.9437, 47.5 ], [ -116.0084, 47.5159 ], [ -116.0082, 47.5305 ], [ -116.051, 47.5302 ], [ -116.0507, 47.5434 ], [ -116.222, 47.5589 ], [ -116.2221, 47.5727 ], [ -116.2869, 47.5731 ], [ -116.2869, 47.5877 ], [ -116.4596, 47.5871 ], [ -116.4594, 47.5725 ], [ -116.5024, 47.5724 ], [ -116.5071, 47.5429 ], [ -116.5181, 47.5428 ], [ -116.5126, 47.5578 ], [ -116.5235, 47.5427 ], [ -116.5659, 47.5423 ], [ -116.5969, 47.4984 ], [ -116.6723, 47.4978 ], [ -116.6724, 47.5126 ], [ -116.7814, 47.4973 ], [ -116.7831, 47.525 ], [ -116.7215, 47.5403 ], [ -116.7215, 47.5913 ], [ -116.7012, 47.6058 ], [ -116.5683, 47.6318 ], [ -116.5684, 47.6609 ], [ -116.6784, 47.657 ], [ -116.6788, 47.7009 ], [ -116.7438, 47.7008 ], [ -116.7431, 47.7881 ], [ -116.7001, 47.7881 ], [ -116.6994, 47.846 ], [ -116.6779, 47.846 ], [ -116.6886, 47.8604 ], [ -116.6777, 47.8895 ], [ -116.5909, 47.8895 ], [ -116.5908, 47.9184 ], [ -116.5695, 47.9185 ], [ -116.5695, 47.9384 ], [ -116.5342, 47.9355 ], [ -116.53, 47.8996 ], [ -116.4938, 47.9117 ], [ -116.4163, 47.8989 ], [ -116.3922, 47.9396 ], [ -116.3496, 47.9509 ], [ -116.3349, 48.0144 ], [ -116.2822, 48.0593 ], [ -116.2416, 48.0688 ], [ -116.1614, 48.0214 ], [ -116.1201, 48.0334 ] ], [ [ -115.8788, 47.6229 ], [ -115.858, 47.6159 ], [ -115.858, 47.6014 ], [ -115.8152, 47.6013 ], [ -115.8153, 47.6306 ], [ -115.8788, 47.6229 ] ] ], [ [ [ -116.8391, 47.4807 ], [ -116.8442, 47.4725 ], [ -116.8444, 47.4805 ], [ -116.8391, 47.4807 ] ] ], [ [ [ -116.5754, 47.4913 ], [ -116.5752, 47.4804 ], [ -116.5858, 47.473 ], [ -116.5965, 47.4766 ], [ -116.5754, 47.4913 ] ] ], [ [ [ -116.7534, 47.49 ], [ -116.7373, 47.4825 ], [ -116.7474, 47.4825 ], [ -116.7534, 47.49 ] ] ], [ [ [ -116.629, 47.4945 ], [ -116.6392, 47.4799 ], [ -116.645, 47.4944 ], [ -116.629, 47.4945 ] ] ], [ [ [ -116.8072, 47.4935 ], [ -116.8125, 47.4896 ], [ -116.8125, 47.4934 ], [ -116.8072, 47.4935 ] ] ], [ [ [ -116.7971, 47.5008 ], [ -116.8072, 47.4935 ], [ -116.8076, 47.5007 ], [ -116.7971, 47.5008 ] ] ], [ [ [ -116.7513, 47.6721 ], [ -116.7489, 47.6732 ], [ -116.7487, 47.6717 ], [ -116.7513, 47.6721 ] ] ], [ [ [ -116.8298, 47.7211 ], [ -116.8189, 47.7119 ], [ -116.8297, 47.7119 ], [ -116.8298, 47.7211 ] ] ], [ [ [ -116.9156, 47.8246 ], [ -116.9102, 47.821 ], [ -116.9156, 47.821 ], [ -116.9156, 47.8246 ] ] ], [ [ [ -116.6939, 47.8749 ], [ -116.6885, 47.8676 ], [ -116.6939, 47.8677 ], [ -116.6939, 47.8749 ] ] ], [ [ [ -116.8289, 47.9116 ], [ -116.8164, 47.9189 ], [ -116.8164, 47.9116 ], [ -116.8289, 47.9116 ] ] ], [ [ [ -117.0006, 47.9624 ], [ -116.9952, 47.9661 ], [ -116.9953, 47.9625 ], [ -117.0006, 47.9624 ] ] ], [ [ [ -116.5441, 47.4145 ], [ -116.5494, 47.4181 ], [ -116.5441, 47.4181 ], [ -116.5441, 47.4145 ] ] ], [ [ [ -116.5759, 47.4381 ], [ -116.5785, 47.4363 ], [ -116.5786, 47.4381 ], [ -116.5759, 47.4381 ] ] ], [ [ [ -116.5706, 47.4434 ], [ -116.5759, 47.4399 ], [ -116.5759, 47.4435 ], [ -116.5706, 47.4434 ] ] ], [ [ [ -115.9149, 47.4578 ], [ -115.9042, 47.45 ], [ -115.9149, 47.45 ], [ -115.9149, 47.4578 ] ] ], [ [ [ -116.3465, 47.4566 ], [ -116.3521, 47.4716 ], [ -116.3466, 47.4715 ], [ -116.3465, 47.4566 ] ] ], [ [ [ -115.7603, 47.4692 ], [ -115.7613, 47.4685 ], [ -115.7613, 47.4692 ], [ -115.7603, 47.4692 ] ] ], [ [ [ -116.5704, 47.509 ], [ -116.5633, 47.4987 ], [ -116.5756, 47.5022 ], [ -116.5704, 47.509 ] ] ], [ [ [ -116.48, 47.5142 ], [ -116.4879, 47.5177 ], [ -116.48, 47.5177 ], [ -116.48, 47.5142 ] ] ], [ [ [ -116.5545, 47.5246 ], [ -116.5438, 47.5282 ], [ -116.5438, 47.5246 ], [ -116.5545, 47.5246 ] ] ], [ [ [ -116.4713, 47.5386 ], [ -116.4693, 47.5397 ], [ -116.4693, 47.5378 ], [ -116.4713, 47.5386 ] ] ], [ [ [ -116.4858, 47.5468 ], [ -116.4746, 47.536 ], [ -116.4853, 47.5355 ], [ -116.4858, 47.5468 ] ] ] ] } },
{ "type": "Feature", "properties": { "district_id": "010404", "forest": "Idaho Panhandle National Forests", "name": "St. Joe Ranger District", "acres": 870586.452, "enhanced_count": 24, "total_species": 32, "enhanced_rate": 0.75, "specialist_count": 0, "harvest_count": 10091, "harvest_ha": 780195.5423, "mgmt_intensity": "High" }, "geometry": { "type": "MultiPolygon", "coordinates": [ [ [ [ -115.833, 47.4326 ], [ -115.7211, 47.4257 ], [ -115.6578, 47.4004 ], [ -115.6434, 47.3773 ], [ -115.5783, 47.3676 ], [ -115.5517, 47.3508 ], [ -115.5285, 47.2992 ], [ -115.4829, 47.2815 ], [ -115.3197, 47.2562 ], [ -115.3174, 47.2336 ], [ -115.2948, 47.22 ], [ -115.3002, 47.1879 ], [ -115.2618, 47.1814 ], [ -115.2446, 47.1513 ], [ -115.1441, 47.1018 ], [ -115.1309, 47.0686 ], [ -115.0874, 47.0457 ], [ -115.0696, 47.015 ], [ -115.1233, 46.9967 ], [ -115.1605, 47.007 ], [ -115.2049, 46.9688 ], [ -115.2605, 46.9616 ], [ -115.2804, 46.9435 ], [ -115.3575, 46.9614 ], [ -115.3684, 46.943 ], [ -115.4132, 46.9467 ], [ -115.4327, 46.9582 ], [ -115.431, 46.9801 ], [ -115.475, 46.9905 ], [ -115.4744, 46.9676 ], [ -115.5039, 46.9392 ], [ -115.5794, 46.9355 ], [ -115.6725, 46.9533 ], [ -115.7564, 46.9164 ], [ -115.7641, 46.9338 ], [ -115.7852, 46.9344 ], [ -115.7852, 46.963 ], [ -115.8063, 46.9487 ], [ -115.8169, 46.9631 ], [ -115.8064, 46.9775 ], [ -115.8486, 46.9776 ], [ -115.8486, 47.0065 ], [ -115.8698, 47.0065 ], [ -115.8698, 47.0209 ], [ -115.9117, 47.021 ], [ -115.9117, 47.0028 ], [ -115.8958, 46.9992 ], [ -115.9223, 46.992 ], [ -115.917, 46.9632 ], [ -115.938, 46.9345 ], [ -115.9537, 46.9453 ], [ -115.9642, 46.9344 ], [ -116.1424, 46.9344 ], [ -116.1425, 47.0619 ], [ -116.123, 47.0655 ], [ -116.1231, 47.0799 ], [ -116.1425, 47.0799 ], [ -116.1425, 47.1028 ], [ -116.1903, 47.1061 ], [ -116.2378, 47.055 ], [ -116.2485, 47.0913 ], [ -116.2326, 47.0951 ], [ -116.249, 47.1454 ], [ -116.2066, 47.1675 ], [ -116.1427, 47.1529 ], [ -116.1427, 47.1675 ], [ -116.1168, 47.1747 ], [ -116.1282, 47.2028 ], [ -116.0961, 47.2101 ], [ -116.1115, 47.1928 ], [ -116.075, 47.1956 ], [ -116.0535, 47.2244 ], [ -116.0324, 47.2244 ], [ -116.0324, 47.21 ], [ -116.0537, 47.21 ], [ -116.0582, 47.1784 ], [ -116.0849, 47.1783 ], [ -116.0796, 47.1675 ], [ -116.0156, 47.1676 ], [ -116.0158, 47.1955 ], [ -115.9053, 47.195 ], [ -115.9047, 47.2675 ], [ -115.9473, 47.2531 ], [ -115.9471, 47.2832 ], [ -115.9895, 47.2833 ], [ -115.9895, 47.2677 ], [ -116.0055, 47.2833 ], [ -116.1378, 47.2833 ], [ -116.1377, 47.3271 ], [ -116.2287, 47.3414 ], [ -116.2288, 47.3704 ], [ -116.2019, 47.3702 ], [ -116.1913, 47.4063 ], [ -116.1433, 47.399 ], [ -116.1113, 47.4293 ], [ -116.0474, 47.4128 ], [ -115.9718, 47.4344 ], [ -115.873, 47.4073 ], [ -115.833, 47.4326 ] ], [ [ -116.0067, 47.0209 ], [ -115.8905, 47.0354 ], [ -115.8903, 47.0788 ], [ -115.9432, 47.0824 ], [ -115.9325, 47.1078 ], [ -115.9856, 47.1077 ], [ -115.9856, 47.0716 ], [ -115.9538, 47.0788 ], [ -115.9538, 47.0643 ], [ -115.975, 47.0643 ], [ -116.0067, 47.0209 ] ], [ [ -116.1378, 47.3415 ], [ -116.1431, 47.3487 ], [ -116.1431, 47.3415 ], [ -116.1378, 47.3415 ] ], [ [ -116.1808, 47.3522 ], [ -116.1647, 47.3557 ], [ -116.1808, 47.3558 ], [ -116.1808, 47.3522 ] ], [ [ -116.2128, 47.3486 ], [ -116.2022, 47.3557 ], [ -116.2128, 47.3558 ], [ -116.2128, 47.3486 ] ], [ [ -116.1595, 47.363 ], [ -116.1649, 47.3666 ], [ -116.1648, 47.363 ], [ -116.1595, 47.363 ] ], [ [ -116.1859, 47.3738 ], [ -116.1752, 47.3702 ], [ -116.1752, 47.3738 ], [ -116.1859, 47.3738 ] ], [ [ -116.1806, 47.3883 ], [ -116.1859, 47.3847 ], [ -116.1806, 47.3847 ], [ -116.1806, 47.3883 ] ], [ [ -116.1487, 47.3919 ], [ -116.154, 47.3882 ], [ -116.1486, 47.3882 ], [ -116.1487, 47.3919 ] ], [ [ -115.9381, 46.9668 ], [ -115.9329, 46.9632 ], [ -115.9329, 46.9668 ], [ -115.9381, 46.9668 ] ], [ [ -115.9487, 46.9668 ], [ -115.9539, 46.9632 ], [ -115.9486, 46.9632 ], [ -115.9487, 46.9668 ] ], [ [ -115.9697, 46.9669 ], [ -115.9381, 46.9776 ], [ -115.9699, 46.9776 ], [ -115.9697, 46.9669 ] ], [ [ -116.0754, 47.033 ], [ -116.0807, 47.0257 ], [ -116.0754, 47.0257 ], [ -116.0754, 47.033 ] ], [ [ -116.1282, 47.0439 ], [ -116.1334, 47.0403 ], [ -116.1281, 47.0403 ], [ -116.1282, 47.0439 ] ], [ [ -115.9061, 47.0933 ], [ -115.8901, 47.1078 ], [ -115.9113, 47.1078 ], [ -115.9061, 47.0933 ] ], [ [ -115.9258, 47.2748 ], [ -115.9153, 47.2821 ], [ -115.926, 47.2822 ], [ -115.9258, 47.2748 ] ] ], [ [ [ -116.3391, 46.9242 ], [ -116.3145, 46.9206 ], [ -116.3145, 46.917 ], [ -116.3304, 46.9134 ], [ -116.3391, 46.9242 ] ] ], [ [ [ -116.2934, 46.9242 ], [ -116.3039, 46.9351 ], [ -116.288, 46.9351 ], [ -116.2934, 46.9242 ] ] ], [ [ [ -116.3356, 46.946 ], [ -116.3451, 46.9486 ], [ -116.3409, 46.9522 ], [ -116.3356, 46.946 ] ] ], [ [ [ -116.3128, 46.9543 ], [ -116.3092, 46.9386 ], [ -116.3303, 46.9424 ], [ -116.3303, 46.9507 ], [ -116.3241, 46.9522 ], [ -116.3215, 46.9535 ], [ -116.3128, 46.9543 ] ] ], [ [ [ -116.3409, 46.9527 ], [ -116.3453, 46.9492 ], [ -116.351, 46.9604 ], [ -116.3461, 46.964 ], [ -116.4467, 46.972 ], [ -116.4869, 47.0329 ], [ -116.5815, 47.0334 ], [ -116.6226, 47.0678 ], [ -116.6953, 47.0715 ], [ -116.7195, 47.0927 ], [ -116.7087, 47.1007 ], [ -116.7189, 47.1264 ], [ -116.7416, 47.1354 ], [ -116.7126, 47.1668 ], [ -116.7126, 47.1524 ], [ -116.6062, 47.1519 ], [ -116.6062, 47.1086 ], [ -116.395, 47.109 ], [ -116.3948, 47.0219 ], [ -116.2484, 47.0368 ], [ -116.2483, 47.0222 ], [ -116.2684, 47.0318 ], [ -116.2587, 47.0087 ], [ -116.2878, 46.982 ], [ -116.2757, 46.9613 ], [ -116.3409, 46.9527 ] ], [ [ -116.3303, 46.964 ], [ -116.325, 46.9567 ], [ -116.325, 46.964 ], [ -116.3303, 46.964 ] ], [ [ -116.325, 46.9927 ], [ -116.3254, 46.9963 ], [ -116.3254, 46.9927 ], [ -116.325, 46.9927 ] ], [ [ -116.3622, 47.007 ], [ -116.3569, 47.0106 ], [ -116.3622, 47.0106 ], [ -116.3622, 47.007 ] ], [ [ -116.3729, 47.0141 ], [ -116.3948, 47.0177 ], [ -116.3948, 47.0141 ], [ -116.3729, 47.0141 ] ], [ [ -116.3254, 47.0107 ], [ -116.3251, 47.022 ], [ -116.3255, 47.022 ], [ -116.3254, 47.0107 ] ] ], [ [ [ -116.3853, 47.138 ], [ -116.4004, 47.1307 ], [ -116.4004, 47.1344 ], [ -116.3853, 47.138 ] ] ], [ [ [ -116.5518, 47.1757 ], [ -116.5531, 47.1748 ], [ -116.5531, 47.1757 ], [ -116.5518, 47.1757 ] ] ], [ [ [ -116.6697, 47.1812 ], [ -116.7125, 47.1668 ], [ -116.6868, 47.1953 ], [ -116.6697, 47.1954 ], [ -116.6697, 47.1812 ] ] ], [ [ [ -116.555, 47.2101 ], [ -116.5529, 47.2105 ], [ -116.551, 47.2101 ], [ -116.555, 47.2101 ] ] ], [ [ [ -116.5435, 47.2246 ], [ -116.5537, 47.2108 ], [ -116.5649, 47.2101 ], [ -116.5646, 47.2246 ], [ -116.5435, 47.2246 ] ] ], [ [ [ -116.3091, 47.2679 ], [ -116.3303, 47.3012 ], [ -116.3089, 47.3013 ], [ -116.3091, 47.2679 ] ] ], [ [ [ -116.5709, 47.3167 ], [ -116.5702, 47.3164 ], [ -116.5709, 47.3164 ], [ -116.5709, 47.3167 ] ] ], [ [ [ -116.393, 47.3255 ], [ -116.3971, 47.3252 ], [ -116.3972, 47.3257 ], [ -116.393, 47.3255 ] ] ], [ [ [ -116.4843, 47.3633 ], [ -116.5118, 47.3563 ], [ -116.5176, 47.371 ], [ -116.4256, 47.3592 ], [ -116.4366, 47.3447 ], [ -116.458, 47.3449 ], [ -116.4843, 47.3633 ] ], [ [ -116.4578, 47.3521 ], [ -116.4522, 47.3593 ], [ -116.4629, 47.3594 ], [ -116.4578, 47.3521 ] ], [ [ -116.4629, 47.3594 ], [ -116.4682, 47.3631 ], [ -116.4683, 47.3595 ], [ -116.4629, 47.3594 ] ], [ [ -116.4416, 47.3557 ], [ -116.4471, 47.3521 ], [ -116.4417, 47.352 ], [ -116.4416, 47.3557 ] ], [ [ -116.5008, 47.3634 ], [ -116.5064, 47.3672 ], [ -116.5064, 47.3635 ], [ -116.5008, 47.3634 ] ] ], [ [ [ -116.4149, 47.3664 ], [ -116.4042, 47.3699 ], [ -116.4042, 47.3663 ], [ -116.4149, 47.3664 ] ] ], [ [ [ -116.4309, 47.3665 ], [ -116.4255, 47.37 ], [ -116.4256, 47.3664 ], [ -116.4309, 47.3665 ] ] ], [ [ [ -116.4154, 47.3843 ], [ -116.4202, 47.3733 ], [ -116.4207, 47.3842 ], [ -116.4154, 47.3843 ] ] ], [ [ [ -116.489, 47.3843 ], [ -116.4837, 47.377 ], [ -116.489, 47.377 ], [ -116.489, 47.3843 ] ] ], [ [ [ -116.3458, 47.3958 ], [ -116.3191, 47.3778 ], [ -116.3351, 47.3778 ], [ -116.3458, 47.3958 ] ] ], [ [ [ -116.4203, 47.3986 ], [ -116.4259, 47.3842 ], [ -116.4469, 47.3878 ], [ -116.4413, 47.4021 ], [ -116.4203, 47.3986 ] ] ], [ [ [ -116.1012, 46.8993 ], [ -116.1079, 46.8986 ], [ -116.1091, 46.8992 ], [ -116.1012, 46.8993 ] ] ], [ [ [ -116.1122, 46.9019 ], [ -116.1119, 46.9028 ], [ -116.1118, 46.9014 ], [ -116.1122, 46.9019 ] ] ], [ [ [ -116.1238, 46.9086 ], [ -116.128, 46.9101 ], [ -116.1225, 46.9082 ], [ -116.1238, 46.9086 ] ] ], [ [ [ -116.1424, 46.9201 ], [ -116.1513, 46.9171 ], [ -116.1651, 46.9105 ], [ -116.1737, 46.9106 ], [ -116.1632, 46.92 ], [ -116.1424, 46.9201 ] ] ], [ [ [ -116.2463, 46.9351 ], [ -116.2258, 46.9195 ], [ -116.2461, 46.9205 ], [ -116.2463, 46.9351 ] ] ], [ [ [ -116.2669, 46.9351 ], [ -116.2722, 46.9242 ], [ -116.2881, 46.9223 ], [ -116.2881, 46.9314 ], [ -116.2669, 46.9351 ] ] ], [ [ [ -116.2269, 46.9387 ], [ -116.2639, 46.9422 ], [ -116.2586, 46.9566 ], [ -116.2268, 46.953 ], [ -116.2269, 46.9387 ] ] ], [ [ [ -116.2826, 46.9494 ], [ -116.2931, 46.9566 ], [ -116.2826, 46.9566 ], [ -116.2826, 46.9494 ] ] ], [ [ [ -116.2668, 46.9494 ], [ -116.2764, 46.9605 ], [ -116.272, 46.9646 ], [ -116.2668, 46.9639 ], [ -116.2668, 46.9494 ] ] ], [ [ [ -116.2586, 46.9819 ], [ -116.2059, 47.0001 ], [ -116.1848, 46.9927 ], [ -116.1845, 46.9601 ], [ -116.2057, 46.9494 ], [ -116.2269, 46.9782 ], [ -116.2668, 46.9639 ], [ -116.2586, 46.9819 ] ] ], [ [ [ -116.2597, 47.0073 ], [ -116.2591, 47.0071 ], [ -116.2599, 47.0071 ], [ -116.2597, 47.0073 ] ] ], [ [ [ -116.259, 47.0135 ], [ -116.2587, 47.0126 ], [ -116.2591, 47.0138 ], [ -116.259, 47.0135 ] ] ], [ [ [ -116.2587, 47.0143 ], [ -116.2587, 47.0139 ], [ -116.2589, 47.0143 ], [ -116.2587, 47.0143 ] ] ], [ [ [ -116.2684, 47.0403 ], [ -116.2805, 47.044 ], [ -116.2835, 47.0487 ], [ -116.2868, 47.0512 ], [ -116.2684, 47.0403 ] ] ], [ [ [ -116.2847, 47.0494 ], [ -116.2809, 47.044 ], [ -116.2895, 47.0512 ], [ -116.2847, 47.0494 ] ] ], [ [ [ -116.0237, 47.2503 ], [ -116.0203, 47.2496 ], [ -116.0213, 47.2489 ], [ -116.0237, 47.2503 ] ] ], [ [ [ -116.2718, 47.2751 ], [ -116.2665, 47.2715 ], [ -116.2772, 47.2715 ], [ -116.2718, 47.2751 ] ] ], [ [ [ -116.2832, 47.322 ], [ -116.2876, 47.3195 ], [ -116.2876, 47.3201 ], [ -116.2832, 47.322 ] ] ], [ [ [ -116.2715, 47.3668 ], [ -116.2769, 47.3486 ], [ -116.2554, 47.3523 ], [ -116.2609, 47.3268 ], [ -116.2982, 47.334 ], [ -116.3297, 47.3629 ], [ -116.2715, 47.3668 ] ], [ [ -116.3086, 47.3631 ], [ -116.3037, 47.3603 ], [ -116.3037, 47.3631 ], [ -116.3086, 47.3631 ] ] ], [ [ [ -116.2979, 47.3886 ], [ -116.2874, 47.3814 ], [ -116.2979, 47.385 ], [ -116.2979, 47.3886 ] ] ], [ [ [ -115.9117, 46.8512 ], [ -115.9183, 46.85 ], [ -115.9189, 46.8549 ], [ -115.9117, 46.8512 ] ] ], [ [ [ -115.8854, 46.8584 ], [ -115.9012, 46.8621 ], [ -115.9012, 46.8657 ], [ -115.8854, 46.8657 ], [ -115.8854, 46.8584 ] ] ], [ [ [ -115.838, 46.8606 ], [ -115.8168, 46.8657 ], [ -115.8168, 46.8648 ], [ -115.838, 46.8606 ] ] ], [ [ [ -115.9012, 46.8729 ], [ -115.9098, 46.8801 ], [ -115.9012, 46.8801 ], [ -115.9012, 46.8729 ] ] ], [ [ [ -115.912, 46.8813 ], [ -115.9328, 46.8831 ], [ -115.9328, 46.8873 ], [ -115.917, 46.891 ], [ -115.912, 46.8813 ] ] ], [ [ [ -115.875, 46.9199 ], [ -115.8116, 46.9163 ], [ -115.8274, 46.891 ], [ -115.8907, 46.891 ], [ -115.875, 46.9199 ] ], [ [ -115.8697, 46.8982 ], [ -115.8802, 46.8946 ], [ -115.8697, 46.8946 ], [ -115.8697, 46.8982 ] ], [ [ -115.8697, 46.9018 ], [ -115.8644, 46.9054 ], [ -115.8697, 46.9054 ], [ -115.8697, 46.9018 ] ] ], [ [ [ -115.801, 46.9235 ], [ -115.7958, 46.9199 ], [ -115.801, 46.9199 ], [ -115.801, 46.9235 ] ] ], [ [ [ -115.8486, 46.9343 ], [ -115.8697, 46.9416 ], [ -115.8486, 46.9487 ], [ -115.8486, 46.9343 ] ] ], [ [ [ -115.8063, 46.9487 ], [ -115.8275, 46.9344 ], [ -115.8275, 46.9487 ], [ -115.8063, 46.9487 ] ] ], [ [ [ -115.8275, 46.9487 ], [ -115.838, 46.9595 ], [ -115.8275, 46.9631 ], [ -115.8275, 46.9487 ] ] ], [ [ [ -115.8433, 46.9631 ], [ -115.8486, 46.9487 ], [ -115.8486, 46.9631 ], [ -115.8433, 46.9631 ] ] ], [ [ [ -115.8275, 46.9631 ], [ -115.8222, 46.9703 ], [ -115.8222, 46.9631 ], [ -115.8275, 46.9631 ] ] ], [ [ [ -115.8803, 46.9704 ], [ -115.8698, 46.9776 ], [ -115.8698, 46.9704 ], [ -115.8803, 46.9704 ] ] ], [ [ [ -115.8905, 46.9848 ], [ -115.8803, 46.9776 ], [ -115.8906, 46.9776 ], [ -115.8905, 46.9848 ] ] ], [ [ [ -115.9657, 47.0833 ], [ -115.967, 47.0824 ], [ -115.967, 47.0833 ], [ -115.9657, 47.0833 ] ] ], [ [ [ -116.0321, 47.2388 ], [ -116.0109, 47.2244 ], [ -116.0324, 47.2244 ], [ -116.0321, 47.2388 ] ] ], [ [ [ -115.9473, 47.2531 ], [ -115.9685, 47.2496 ], [ -115.9685, 47.2533 ], [ -115.9473, 47.2531 ] ] ], [ [ [ -115.9221, 47.2534 ], [ -115.9166, 47.253 ], [ -115.9193, 47.2524 ], [ -115.9221, 47.2534 ] ] ], [ [ [ -115.9895, 47.2677 ], [ -115.9685, 47.2533 ], [ -115.9897, 47.2533 ], [ -115.9895, 47.2677 ] ] ] ] } },
{ "type": "Feature", "properties": { "district_id": "010406", "forest": "Idaho Panhandle National Forests", "name": "Sandpoint Ranger District", "acres": 393500.686, "enhanced_count": 24, "total_species": 31, "enhanced_rate": 0.7742, "specialist_count": 0, "harvest_count": 14920, "harvest_ha": 1623595.3581000001, "mgmt_intensity": "High" }, "geometry": { "type": "MultiPolygon", "coordinates": [ [ [ [ -116.049, 48.296 ], [ -116.049, 48.1196 ], [ -116.0889, 48.1372 ], [ -116.0836, 48.1517 ], [ -116.1162, 48.1518 ], [ -116.1159, 48.13 ], [ -116.1594, 48.1375 ], [ -116.1594, 48.1952 ], [ -116.2027, 48.184 ], [ -116.2246, 48.1942 ], [ -116.2352, 48.2088 ], [ -116.2244, 48.223 ], [ -116.2831, 48.2379 ], [ -116.2992, 48.2669 ], [ -116.3532, 48.2814 ], [ -116.3533, 48.3106 ], [ -116.375, 48.3106 ], [ -116.3748, 48.3425 ], [ -116.3313, 48.3424 ], [ -116.3312, 48.3569 ], [ -116.2874, 48.3568 ], [ -116.2872, 48.3713 ], [ -116.2217, 48.386 ], [ -116.2216, 48.4005 ], [ -116.2647, 48.415 ], [ -116.2431, 48.444 ], [ -116.2869, 48.4441 ], [ -116.2977, 48.4297 ], [ -116.3092, 48.4442 ], [ -116.3416, 48.4335 ], [ -116.3744, 48.4443 ], [ -116.3639, 48.4587 ], [ -116.4183, 48.4579 ], [ -116.4291, 48.4724 ], [ -116.3968, 48.4723 ], [ -116.3963, 48.5012 ], [ -116.4139, 48.511 ], [ -116.3793, 48.5232 ], [ -116.3442, 48.5014 ], [ -116.2447, 48.5127 ], [ -116.1823, 48.4885 ], [ -116.1649, 48.4438 ], [ -116.1783, 48.417 ], [ -116.1219, 48.3916 ], [ -116.1242, 48.3718 ], [ -116.0954, 48.3614 ], [ -116.0723, 48.2978 ], [ -116.049, 48.296 ] ], [ [ -116.3416, 48.4442 ], [ -116.3308, 48.4516 ], [ -116.3418, 48.4515 ], [ -116.3416, 48.4442 ] ], [ [ -116.2759, 48.4585 ], [ -116.2869, 48.4513 ], [ -116.2759, 48.4513 ], [ -116.2759, 48.4585 ] ] ], [ [ [ -116.0491, 48.0646 ], [ -116.05, 48.0379 ], [ -116.1546, 48.02 ], [ -116.2324, 48.0687 ], [ -116.2822, 48.0593 ], [ -116.3351, 48.0141 ], [ -116.3496, 47.9509 ], [ -116.3922, 47.9396 ], [ -116.431, 47.8949 ], [ -116.4938, 47.9117 ], [ -116.5302, 47.8997 ], [ -116.5342, 47.9355 ], [ -116.5695, 47.9384 ], [ -116.5684, 47.9912 ], [ -116.59, 47.9913 ], [ -116.5895, 48.1074 ], [ -116.5677, 48.1072 ], [ -116.5678, 48.1505 ], [ -116.5029, 48.1505 ], [ -116.5032, 48.1937 ], [ -116.3426, 48.1974 ], [ -116.3424, 48.1517 ], [ -116.2028, 48.1374 ], [ -116.1811, 48.1085 ], [ -116.1596, 48.1085 ], [ -116.1596, 48.094 ], [ -116.1378, 48.0939 ], [ -116.1378, 48.0794 ], [ -116.0948, 48.0792 ], [ -116.0948, 48.0646 ], [ -116.0491, 48.0646 ] ] ], [ [ [ -116.7634, 47.9775 ], [ -116.7413, 47.9914 ], [ -116.7412, 48.006 ], [ -116.7143, 48.0062 ], [ -116.7196, 47.9844 ], [ -116.7634, 47.9775 ] ] ], [ [ [ -116.8068, 47.9917 ], [ -116.796, 48.0063 ], [ -116.7847, 47.9922 ], [ -116.8068, 47.9917 ] ] ], [ [ [ -116.8498, 48.0392 ], [ -116.8552, 48.0356 ], [ -116.8553, 48.0392 ], [ -116.8498, 48.0392 ] ] ], [ [ [ -117.002, 48.0356 ], [ -117.0127, 48.0429 ], [ -117.0019, 48.0429 ], [ -117.002, 48.0356 ] ] ], [ [ [ -116.8231, 48.0378 ], [ -116.8158, 48.0429 ], [ -116.8203, 48.0378 ], [ -116.8231, 48.0378 ] ] ], [ [ [ -117.0181, 48.0538 ], [ -117.0235, 48.0502 ], [ -117.0235, 48.061 ], [ -117.0181, 48.0538 ] ] ], [ [ [ -116.8072, 48.0646 ], [ -116.8182, 48.0502 ], [ -116.8287, 48.0645 ], [ -116.8072, 48.0646 ] ] ], [ [ [ -116.8072, 48.0646 ], [ -116.7965, 48.0754 ], [ -116.7963, 48.0646 ], [ -116.8072, 48.0646 ] ] ], [ [ [ -116.8074, 48.0936 ], [ -116.7966, 48.0863 ], [ -116.8074, 48.0864 ], [ -116.8074, 48.0936 ] ] ], [ [ [ -117.0179, 48.0938 ], [ -117.0234, 48.0902 ], [ -117.0234, 48.0938 ], [ -117.0179, 48.0938 ] ] ], [ [ [ -116.7643, 48.1079 ], [ -116.7697, 48.0935 ], [ -116.7858, 48.1081 ], [ -116.7643, 48.1079 ] ] ], [ [ [ -117.0232, 48.1229 ], [ -117.0015, 48.1156 ], [ -117.0233, 48.1084 ], [ -117.0232, 48.1229 ] ] ], [ [ [ -116.7401, 48.118 ], [ -116.7352, 48.1217 ], [ -116.7352, 48.118 ], [ -116.7401, 48.118 ] ] ], [ [ [ -117.0411, 48.123 ], [ -117.0284, 48.1375 ], [ -117.0231, 48.1302 ], [ -117.0411, 48.123 ] ] ], [ [ [ -116.9905, 48.1338 ], [ -117.0013, 48.1302 ], [ -117.0013, 48.1374 ], [ -116.9905, 48.1338 ] ] ], [ [ [ -116.7911, 48.144 ], [ -116.7965, 48.1297 ], [ -116.8074, 48.1297 ], [ -116.8074, 48.1369 ], [ -116.7911, 48.144 ] ] ], [ [ [ -117.0175, 48.1411 ], [ -117.0228, 48.1448 ], [ -117.012, 48.1447 ], [ -117.0175, 48.1411 ] ] ], [ [ [ -116.74, 48.136 ], [ -116.7299, 48.147 ], [ -116.7299, 48.1361 ], [ -116.74, 48.136 ] ] ], [ [ [ -116.9924, 48.1663 ], [ -117.0008, 48.1592 ], [ -117.0006, 48.1664 ], [ -116.9924, 48.1663 ] ] ], [ [ [ -116.8014, 48.2341 ], [ -116.8067, 48.2233 ], [ -116.8067, 48.2341 ], [ -116.8014, 48.2341 ] ] ], [ [ [ -116.7399, 48.2444 ], [ -116.7638, 48.2444 ], [ -116.7637, 48.2698 ], [ -116.7399, 48.2661 ], [ -116.7399, 48.2444 ] ] ], [ [ [ -116.6329, 47.9986 ], [ -116.6222, 47.9914 ], [ -116.6329, 47.9914 ], [ -116.6329, 47.9986 ] ] ], [ [ [ -116.6547, 47.9914 ], [ -116.6583, 47.9987 ], [ -116.6546, 47.9986 ], [ -116.6547, 47.9914 ] ] ], [ [ [ -116.687, 48.0061 ], [ -116.6979, 47.9991 ], [ -116.698, 48.0064 ], [ -116.687, 48.0061 ] ] ], [ [ [ -116.6544, 48.0782 ], [ -116.649, 48.0818 ], [ -116.649, 48.0782 ], [ -116.6544, 48.0782 ] ] ], [ [ [ -116.719, 48.1217 ], [ -116.6813, 48.0709 ], [ -116.719, 48.0854 ], [ -116.7188, 48.0643 ], [ -116.7402, 48.0643 ], [ -116.7401, 48.1108 ], [ -116.719, 48.1217 ] ], [ [ -116.7352, 48.0927 ], [ -116.7298, 48.0854 ], [ -116.7299, 48.0927 ], [ -116.7352, 48.0927 ] ] ], [ [ [ -116.6544, 48.1144 ], [ -116.6435, 48.1216 ], [ -116.6436, 48.1144 ], [ -116.6544, 48.1144 ] ] ], [ [ [ -116.676, 48.1217 ], [ -116.6651, 48.1253 ], [ -116.6651, 48.1217 ], [ -116.676, 48.1217 ] ] ], [ [ [ -116.7083, 48.1217 ], [ -116.719, 48.1289 ], [ -116.7083, 48.1289 ], [ -116.7083, 48.1217 ] ] ], [ [ [ -116.6325, 48.1361 ], [ -116.6488, 48.1325 ], [ -116.6487, 48.1361 ], [ -116.6325, 48.1361 ] ] ], [ [ [ -116.6324, 48.1433 ], [ -116.638, 48.1505 ], [ -116.6323, 48.1505 ], [ -116.6324, 48.1433 ] ] ], [ [ [ -116.6542, 48.1796 ], [ -116.6596, 48.176 ], [ -116.6651, 48.1796 ], [ -116.6542, 48.1796 ] ] ], [ [ [ -116.6109, 48.1759 ], [ -116.6001, 48.1795 ], [ -116.6001, 48.1759 ], [ -116.6109, 48.1759 ] ] ], [ [ [ -116.6378, 48.1794 ], [ -116.6542, 48.1796 ], [ -116.6542, 48.1831 ], [ -116.6378, 48.1864 ], [ -116.6378, 48.1794 ] ] ], [ [ [ -116.6967, 48.1833 ], [ -116.6699, 48.1973 ], [ -116.6805, 48.1868 ], [ -116.6967, 48.1833 ] ] ], [ [ [ -116.7291, 48.2661 ], [ -116.7399, 48.2734 ], [ -116.7291, 48.2734 ], [ -116.7291, 48.2661 ] ] ], [ [ [ -116.7399, 48.2878 ], [ -116.7291, 48.2806 ], [ -116.7399, 48.2806 ], [ -116.7399, 48.2878 ] ] ], [ [ [ -116.6113, 48.3167 ], [ -116.5732, 48.3093 ], [ -116.6113, 48.3095 ], [ -116.6113, 48.3167 ] ] ], [ [ [ -116.5856, 48.357 ], [ -116.5639, 48.357 ], [ -116.564, 48.3462 ], [ -116.5913, 48.3355 ], [ -116.5856, 48.357 ] ] ], [ [ [ -116.6781, 48.443 ], [ -116.6566, 48.4286 ], [ -116.6782, 48.4287 ], [ -116.6781, 48.443 ] ] ], [ [ [ -116.5752, 48.4468 ], [ -116.5763, 48.447 ], [ -116.5775, 48.4462 ], [ -116.5781, 48.4463 ], [ -116.5803, 48.4542 ], [ -116.5911, 48.4574 ], [ -116.5912, 48.4721 ], [ -116.5693, 48.4795 ], [ -116.5476, 48.4401 ], [ -116.5965, 48.4394 ], [ -116.5752, 48.4468 ] ], [ [ -116.5777, 48.4499 ], [ -116.5779, 48.4464 ], [ -116.5763, 48.4472 ], [ -116.5749, 48.4469 ], [ -116.5777, 48.4499 ] ], [ [ -116.5694, 48.458 ], [ -116.5749, 48.4543 ], [ -116.5695, 48.4544 ], [ -116.5694, 48.458 ] ] ], [ [ [ -116.6945, 48.5004 ], [ -116.6788, 48.5438 ], [ -116.7007, 48.5436 ], [ -116.7097, 48.6168 ], [ -116.672, 48.6349 ], [ -116.6565, 48.6919 ], [ -116.6115, 48.6682 ], [ -116.5908, 48.5944 ], [ -116.5436, 48.5643 ], [ -116.5338, 48.5041 ], [ -116.5161, 48.4905 ], [ -116.5584, 48.4796 ], [ -116.5692, 48.5011 ], [ -116.5912, 48.5008 ], [ -116.5913, 48.4864 ], [ -116.6131, 48.4862 ], [ -116.6131, 48.5006 ], [ -116.6945, 48.5004 ] ] ], [ [ [ -116.051, 48.0883 ], [ -116.0491, 48.0863 ], [ -116.0515, 48.0865 ], [ -116.051, 48.0883 ] ] ], [ [ [ -116.0491, 48.0938 ], [ -116.0515, 48.0896 ], [ -116.0515, 48.0938 ], [ -116.0491, 48.0938 ] ] ], [ [ [ -116.1, 48.1083 ], [ -116.1163, 48.1011 ], [ -116.1162, 48.1083 ], [ -116.1, 48.1083 ] ] ], [ [ [ -116.0514, 48.1082 ], [ -116.0568, 48.1046 ], [ -116.0568, 48.1082 ], [ -116.0514, 48.1082 ] ] ], [ [ [ -116.073, 48.1082 ], [ -116.0837, 48.1155 ], [ -116.0729, 48.1155 ], [ -116.073, 48.1082 ] ] ], [ [ [ -116.1615, 48.1292 ], [ -116.1596, 48.1301 ], [ -116.1596, 48.128 ], [ -116.1615, 48.1292 ] ] ], [ [ [ -116.1107, 48.1481 ], [ -116.089, 48.1445 ], [ -116.1107, 48.1445 ], [ -116.1107, 48.1481 ] ] ], [ [ [ -116.2529, 48.1925 ], [ -116.2567, 48.1878 ], [ -116.2566, 48.1945 ], [ -116.2529, 48.1925 ] ] ], [ [ [ -116.4704, 48.2088 ], [ -116.465, 48.2083 ], [ -116.4813, 48.2082 ], [ -116.4704, 48.2088 ] ] ], [ [ [ -116.503, 48.2154 ], [ -116.5083, 48.2225 ], [ -116.503, 48.2225 ], [ -116.503, 48.2154 ] ] ], [ [ [ -116.2915, 48.2191 ], [ -116.2723, 48.2198 ], [ -116.2723, 48.2126 ], [ -116.2915, 48.2191 ] ] ], [ [ [ -116.4866, 48.2226 ], [ -116.4585, 48.2441 ], [ -116.4597, 48.2226 ], [ -116.4866, 48.2226 ] ] ], [ [ [ -116.4205, 48.2508 ], [ -116.4314, 48.2436 ], [ -116.4314, 48.2508 ], [ -116.4205, 48.2508 ] ] ], [ [ [ -116.5083, 48.2623 ], [ -116.4804, 48.2548 ], [ -116.4802, 48.2367 ], [ -116.5029, 48.2371 ], [ -116.5083, 48.2623 ] ] ], [ [ [ -116.573, 48.266 ], [ -116.5713, 48.2669 ], [ -116.5694, 48.2669 ], [ -116.573, 48.266 ] ] ], [ [ [ -116.44, 48.4436 ], [ -116.4237, 48.4327 ], [ -116.44, 48.4291 ], [ -116.44, 48.4436 ] ] ], [ [ [ -116.3744, 48.4443 ], [ -116.3966, 48.4299 ], [ -116.3967, 48.4444 ], [ -116.3744, 48.4443 ] ] ], [ [ [ -116.5421, 48.4725 ], [ -116.5475, 48.4797 ], [ -116.542, 48.4797 ], [ -116.5421, 48.4725 ] ] ] ] } },
{ "type": "Feature", "properties": { "district_id": "010407", "forest": "Idaho Panhandle National Forests", "name": "Bonners Ferry Ranger District", "acres": 488799.026, "enhanced_count": 20, "total_species": 24, "enhanced_rate": 0.8333, "specialist_count": 3, "harvest_count": 21917, "harvest_ha": 2209446.6634999998, "mgmt_intensity": "Very High" }, "geometry": { "type": "MultiPolygon", "coordinates": [ [ [ [ -116.4181, 49.0002 ], [ -116.0492, 49.0008 ], [ -116.049, 48.7461 ], [ -116.287, 48.7458 ], [ -116.2868, 48.8184 ], [ -116.3525, 48.8475 ], [ -116.3523, 48.9198 ], [ -116.3744, 48.9197 ], [ -116.3744, 48.9342 ], [ -116.3963, 48.9343 ], [ -116.3962, 48.9631 ], [ -116.4183, 48.9632 ], [ -116.4181, 49.0002 ] ] ], [ [ [ -116.8886, 48.9996 ], [ -116.5717, 48.9998 ], [ -116.5716, 48.9631 ], [ -116.5278, 48.9487 ], [ -116.5257, 48.9197 ], [ -116.462, 48.9053 ], [ -116.4837, 48.8908 ], [ -116.44, 48.8908 ], [ -116.4394, 48.833 ], [ -116.4181, 48.833 ], [ -116.4178, 48.768 ], [ -116.4295, 48.7533 ], [ -116.4292, 48.7135 ], [ -116.4187, 48.7174 ], [ -116.4294, 48.7075 ], [ -116.4184, 48.7084 ], [ -116.4183, 48.6594 ], [ -116.4401, 48.6522 ], [ -116.4183, 48.6522 ], [ -116.4184, 48.6306 ], [ -116.4401, 48.6306 ], [ -116.4399, 48.5874 ], [ -116.4617, 48.5874 ], [ -116.4617, 48.5592 ], [ -116.5256, 48.5592 ], [ -116.5257, 48.5303 ], [ -116.4833, 48.5085 ], [ -116.4834, 48.4869 ], [ -116.5337, 48.504 ], [ -116.5436, 48.5643 ], [ -116.5738, 48.573 ], [ -116.6113, 48.668 ], [ -116.6727, 48.7175 ], [ -116.6566, 48.7319 ], [ -116.6568, 48.7753 ], [ -116.7152, 48.7824 ], [ -116.7203, 48.8186 ], [ -116.7583, 48.833 ], [ -116.7584, 48.8619 ], [ -116.7748, 48.8655 ], [ -116.7802, 48.8871 ], [ -116.8346, 48.8725 ], [ -116.9263, 48.943 ], [ -116.8866, 48.9707 ], [ -116.8886, 48.9996 ] ], [ [ -116.4401, 48.7027 ], [ -116.4238, 48.7064 ], [ -116.44, 48.7062 ], [ -116.4401, 48.7027 ] ], [ [ -116.4398, 48.7169 ], [ -116.4345, 48.7134 ], [ -116.4344, 48.717 ], [ -116.4398, 48.7169 ] ] ], [ [ [ -116.5054, 48.4725 ], [ -116.5257, 48.4724 ], [ -116.5246, 48.4842 ], [ -116.5052, 48.4869 ], [ -116.5054, 48.4725 ] ] ], [ [ [ -116.5161, 48.4921 ], [ -116.5165, 48.4941 ], [ -116.5161, 48.4941 ], [ -116.5161, 48.4921 ] ] ], [ [ [ -116.4397, 48.5157 ], [ -116.4343, 48.5193 ], [ -116.4343, 48.5157 ], [ -116.4397, 48.5157 ] ] ], [ [ [ -116.4561, 48.5374 ], [ -116.4397, 48.5301 ], [ -116.4616, 48.5302 ], [ -116.4561, 48.5374 ] ] ], [ [ [ -116.4452, 48.5447 ], [ -116.4397, 48.5519 ], [ -116.4397, 48.5447 ], [ -116.4452, 48.5447 ] ] ], [ [ [ -116.4398, 48.5591 ], [ -116.418, 48.5446 ], [ -116.4397, 48.5519 ], [ -116.4398, 48.5591 ] ] ], [ [ [ -116.418, 48.5591 ], [ -116.4072, 48.5736 ], [ -116.4071, 48.5591 ], [ -116.418, 48.5591 ] ] ], [ [ [ -116.5662, 48.9704 ], [ -116.5609, 48.9667 ], [ -116.5662, 48.9667 ], [ -116.5662, 48.9704 ] ] ], [ [ [ -116.3046, 48.6161 ], [ -116.2883, 48.6162 ], [ -116.2883, 48.6305 ], [ -116.2451, 48.6308 ], [ -116.2448, 48.645 ], [ -116.201, 48.6452 ], [ -116.2009, 48.6736 ], [ -116.1681, 48.6595 ], [ -116.1672, 48.6881 ], [ -116.1161, 48.684 ], [ -116.0515, 48.6232 ], [ -116.0705, 48.6013 ], [ -116.0665, 48.5724 ], [ -116.1288, 48.5149 ], [ -116.1828, 48.5151 ], [ -116.2006, 48.4945 ], [ -116.2447, 48.5127 ], [ -116.3442, 48.5014 ], [ -116.3793, 48.5232 ], [ -116.4289, 48.5012 ], [ -116.418, 48.5301 ], [ -116.3964, 48.5301 ], [ -116.3746, 48.5592 ], [ -116.3092, 48.5595 ], [ -116.3092, 48.5739 ], [ -116.2875, 48.574 ], [ -116.2874, 48.5873 ], [ -116.3099, 48.5872 ], [ -116.3046, 48.6161 ] ] ], [ [ [ -116.0491, 48.6305 ], [ -116.0526, 48.6269 ], [ -116.0558, 48.6305 ], [ -116.0491, 48.6305 ] ] ], [ [ [ -116.07, 48.6595 ], [ -116.07, 48.647 ], [ -116.0863, 48.6596 ], [ -116.07, 48.6595 ] ] ], [ [ [ -116.0917, 48.6735 ], [ -116.0918, 48.6656 ], [ -116.0994, 48.6736 ], [ -116.0917, 48.6735 ] ] ], [ [ [ -116.3388, 48.6736 ], [ -116.3374, 48.6712 ], [ -116.3405, 48.6712 ], [ -116.3388, 48.6736 ] ] ], [ [ [ -116.1998, 48.7026 ], [ -116.1863, 48.7063 ], [ -116.1862, 48.7059 ], [ -116.1998, 48.7026 ] ] ], [ [ [ -116.1834, 48.7397 ], [ -116.1779, 48.7352 ], [ -116.1834, 48.7352 ], [ -116.1834, 48.7397 ] ] ] ] } },
{ "type": "Feature", "properties": { "district_id": "010408", "forest": "Idaho Panhandle National Forests", "name": "Priest Lake Ranger District", "acres": 382554.585, "enhanced_count": 18, "total_species": 20, "enhanced_rate": 0.9, "specialist_count": 0, "harvest_count": 8746, "harvest_ha": 626190.6241, "mgmt_intensity": "Very High" }, "geometry": { "type": "MultiPolygon", "coordinates": [ [ [ [ -117.0379, 48.2387 ], [ -117.0324, 48.9992 ], [ -116.8886, 48.9996 ], [ -116.8866, 48.9707 ], [ -116.9275, 48.9452 ], [ -116.8804, 48.9165 ], [ -116.8749, 48.8976 ], [ -116.9155, 48.9045 ], [ -116.9162, 48.7986 ], [ -116.8949, 48.8075 ], [ -116.8593, 48.7714 ], [ -116.8639, 48.7433 ], [ -116.8248, 48.7339 ], [ -116.8426, 48.7031 ], [ -116.8225, 48.6824 ], [ -116.8737, 48.6146 ], [ -116.8612, 48.6013 ], [ -116.8307, 48.6101 ], [ -116.8222, 48.5257 ], [ -116.8494, 48.5369 ], [ -116.8353, 48.501 ], [ -116.8528, 48.4764 ], [ -116.8755, 48.4787 ], [ -116.8733, 48.4923 ], [ -116.907, 48.4904 ], [ -116.919, 48.4705 ], [ -116.8988, 48.4637 ], [ -116.8935, 48.4346 ], [ -116.9269, 48.4094 ], [ -116.8692, 48.4106 ], [ -116.8765, 48.3939 ], [ -116.8682, 48.3951 ], [ -116.8629, 48.3886 ], [ -116.8777, 48.3779 ], [ -116.8511, 48.3719 ], [ -116.8651, 48.3654 ], [ -116.8509, 48.3505 ], [ -116.8184, 48.3707 ], [ -116.7482, 48.3751 ], [ -116.7269, 48.3467 ], [ -116.8585, 48.3324 ], [ -116.8821, 48.303 ], [ -116.8553, 48.271 ], [ -116.8648, 48.2416 ], [ -117.0379, 48.2387 ] ], [ [ -116.8736, 48.632 ], [ -116.8642, 48.6398 ], [ -116.8736, 48.6465 ], [ -116.8736, 48.632 ] ], [ [ -116.8644, 48.771 ], [ -116.8634, 48.7714 ], [ -116.8651, 48.7714 ], [ -116.8644, 48.771 ] ] ], [ [ [ -116.8939, 48.224 ], [ -116.8994, 48.2167 ], [ -116.9047, 48.2168 ], [ -116.8939, 48.224 ] ] ] ] } },
{ "type": "Feature", "properties": { "district_id": "011107", "forest": "Custer Gallatin National Forest", "name": "Hebgen Lake Ranger District", "acres": 355697.668, "enhanced_count": 0, "total_species": 2, "enhanced_rate": 0.0, "specialist_count": 0, "harvest_count": 0, "harvest_ha": 0.0, "mgmt_intensity": "Low" }, "geometry": { "type": "MultiPolygon", "coordinates": [ [ [ [ -111.4667, 44.7132 ], [ -111.4655, 44.7137 ], [ -111.4689, 44.7114 ], [ -111.4667, 44.7132 ] ] ], [ [ [ -111.4609, 44.7151 ], [ -111.4603, 44.7152 ], [ -111.4631, 44.7143 ], [ -111.4609, 44.7151 ] ] ], [ [ [ -111.4574, 44.7161 ], [ -111.4557, 44.7161 ], [ -111.4598, 44.7154 ], [ -111.4574, 44.7161 ] ] ], [ [ [ -111.4478, 44.7173 ], [ -111.4484, 44.7175 ], [ -111.4482, 44.7175 ], [ -111.4478, 44.7173 ] ] ], [ [ [ -111.401, 44.7216 ], [ -111.3999, 44.722 ], [ -111.4005, 44.7217 ], [ -111.401, 44.7216 ] ] ], [ [ [ -111.3953, 44.7393 ], [ -111.3953, 44.7392 ], [ -111.396, 44.7389 ], [ -111.3953, 44.7393 ] ] ], [ [ [ -111.3958, 44.7411 ], [ -111.3957, 44.7407 ], [ -111.3958, 44.741 ], [ -111.3958, 44.7411 ] ] ], [ [ [ -111.3961, 44.7479 ], [ -111.3968, 44.7476 ], [ -111.3966, 44.7478 ], [ -111.3961, 44.7479 ] ] ], [ [ [ -111.3937, 44.7502 ], [ -111.394, 44.7499 ], [ -111.3951, 44.7493 ], [ -111.3937, 44.7502 ] ] ], [ [ [ -111.3837, 44.7541 ], [ -111.3847, 44.7549 ], [ -111.3844, 44.7548 ], [ -111.3837, 44.7541 ] ] ], [ [ [ -111.3673, 44.743 ], [ -111.3683, 44.7433 ], [ -111.3705, 44.745 ], [ -111.3673, 44.743 ] ] ], [ [ [ -111.3663, 44.738 ], [ -111.3665, 44.7381 ], [ -111.3666, 44.7388 ], [ -111.3663, 44.738 ] ] ], [ [ [ -111.3418, 44.7293 ], [ -111.3451, 44.7277 ], [ -111.343, 44.7288 ], [ -111.3418, 44.7293 ] ] ], [ [ [ -111.338, 44.7329 ], [ -111.3375, 44.7331 ], [ -111.337, 44.7332 ], [ -111.338, 44.7329 ] ] ], [ [ [ -111.3286, 44.7313 ], [ -111.3269, 44.7303 ], [ -111.3295, 44.7315 ], [ -111.3286, 44.7313 ] ] ], [ [ [ -111.3253, 44.73 ], [ -111.3244, 44.7295 ], [ -111.3269, 44.7303 ], [ -111.3253, 44.73 ] ] ], [ [ [ -111.3231, 44.7286 ], [ -111.3228, 44.7277 ], [ -111.3227, 44.7269 ], [ -111.3231, 44.7264 ], [ -111.3231, 44.7286 ] ] ], [ [ [ -111.3232, 44.7222 ], [ -111.3236, 44.7239 ], [ -111.3232, 44.7227 ], [ -111.3232, 44.7222 ] ] ], [ [ [ -111.3203, 44.7172 ], [ -111.3219, 44.7183 ], [ -111.3228, 44.72 ], [ -111.3203, 44.7172 ] ] ], [ [ [ -111.3144, 44.7123 ], [ -111.317, 44.714 ], [ -111.3179, 44.7145 ], [ -111.3185, 44.7156 ], [ -111.3144, 44.7123 ] ] ], [ [ [ -111.3077, 44.7082 ], [ -111.3088, 44.7088 ], [ -111.3105, 44.7101 ], [ -111.3077, 44.7082 ] ] ], [ [ [ -111.3018, 44.7061 ], [ -111.3011, 44.7057 ], [ -111.3007, 44.7048 ], [ -111.3018, 44.7061 ] ] ], [ [ [ -111.2966, 44.7024 ], [ -111.2963, 44.7023 ], [ -111.2961, 44.7021 ], [ -111.2966, 44.7024 ] ] ], [ [ [ -111.2949, 44.7003 ], [ -111.2948, 44.7001 ], [ -111.2949, 44.6996 ], [ -111.2949, 44.7003 ] ] ], [ [ [ -111.2951, 44.6976 ], [ -111.2962, 44.6965 ], [ -111.2949, 44.6989 ], [ -111.2951, 44.6976 ] ] ], [ [ [ -111.2964, 44.695 ], [ -111.2966, 44.6947 ], [ -111.2964, 44.6961 ], [ -111.2964, 44.695 ] ] ], [ [ [ -111.2963, 44.6911 ], [ -111.2969, 44.6914 ], [ -111.2967, 44.6923 ], [ -111.295, 44.6897 ], [ -111.2963, 44.6911 ] ] ], [ [ [ -111.2932, 44.6884 ], [ -111.2932, 44.6882 ], [ -111.2936, 44.6888 ], [ -111.2932, 44.6884 ] ] ], [ [ [ -111.288, 44.6861 ], [ -111.2891, 44.6861 ], [ -111.2885, 44.6862 ], [ -111.288, 44.6861 ] ] ], [ [ [ -111.2831, 44.6838 ], [ -111.2843, 44.6842 ], [ -111.2874, 44.6857 ], [ -111.2831, 44.6838 ] ] ], [ [ [ -111.2759, 44.6747 ], [ -111.2763, 44.6753 ], [ -111.276, 44.675 ], [ -111.2759, 44.6747 ] ] ], [ [ [ -111.2726, 44.6714 ], [ -111.2749, 44.6731 ], [ -111.2755, 44.6741 ], [ -111.2726, 44.6714 ] ] ], [ [ [ -111.2715, 44.6706 ], [ -111.2703, 44.6695 ], [ -111.2726, 44.6714 ], [ -111.2715, 44.6706 ] ] ], [ [ [ -111.268, 44.668 ], [ -111.2691, 44.6685 ], [ -111.2699, 44.669 ], [ -111.268, 44.668 ] ] ], [ [ [ -111.2736, 44.6597 ], [ -111.2747, 44.6589 ], [ -111.2724, 44.662 ], [ -111.2736, 44.6597 ] ] ], [ [ [ -111.2753, 44.6572 ], [ -111.2756, 44.6567 ], [ -111.2772, 44.6555 ], [ -111.2753, 44.6572 ] ] ], [ [ [ -111.2783, 44.6551 ], [ -111.2779, 44.6552 ], [ -111.2781, 44.6551 ], [ -111.2783, 44.6551 ] ] ], [ [ [ -111.2785, 44.6513 ], [ -111.2789, 44.6517 ], [ -111.2792, 44.6524 ], [ -111.2785, 44.6513 ] ] ], [ [ [ -111.2779, 44.6509 ], [ -111.2777, 44.6506 ], [ -111.2783, 44.651 ], [ -111.2785, 44.6513 ], [ -111.2779, 44.6509 ] ] ], [ [ [ -111.2764, 44.6496 ], [ -111.2754, 44.6492 ], [ -111.2763, 44.6494 ], [ -111.2764, 44.6496 ] ] ], [ [ [ -111.273, 44.6485 ], [ -111.2747, 44.6491 ], [ -111.2738, 44.6489 ], [ -111.273, 44.6485 ] ] ], [ [ [ -111.268, 44.6475 ], [ -111.2667, 44.6478 ], [ -111.2692, 44.647 ], [ -111.268, 44.6475 ] ] ], [ [ [ -111.2529, 44.6512 ], [ -111.2525, 44.6512 ], [ -111.2531, 44.65 ], [ -111.2529, 44.6512 ] ] ], [ [ [ -111.242, 44.6426 ], [ -111.2404, 44.641 ], [ -111.2421, 44.6423 ], [ -111.242, 44.6426 ] ] ], [ [ [ -111.228, 44.6301 ], [ -111.2255, 44.6271 ], [ -111.2244, 44.6252 ], [ -111.2193, 44.6225 ], [ -111.224, 44.6245 ], [ -111.226, 44.626 ], [ -111.228, 44.6301 ] ] ], [ [ [ -111.2409, 44.6145 ], [ -111.2389, 44.6106 ], [ -111.2391, 44.6107 ], [ -111.2411, 44.6145 ], [ -111.2409, 44.6145 ] ] ], [ [ [ -111.2359, 44.6066 ], [ -111.2356, 44.6061 ], [ -111.2367, 44.6068 ], [ -111.2368, 44.6077 ], [ -111.2359, 44.6066 ] ] ], [ [ [ -111.2351, 44.6054 ], [ -111.2351, 44.605 ], [ -111.2355, 44.6061 ], [ -111.2351, 44.6054 ] ] ], [ [ [ -111.2356, 44.601 ], [ -111.2359, 44.6011 ], [ -111.2361, 44.6015 ], [ -111.2356, 44.601 ] ] ], [ [ [ -111.2351, 44.6007 ], [ -111.2352, 44.6008 ], [ -111.235, 44.6007 ], [ -111.2351, 44.6007 ] ] ], [ [ [ -111.2319, 44.5971 ], [ -111.2319, 44.596 ], [ -111.2326, 44.5982 ], [ -111.2319, 44.5971 ] ] ], [ [ [ -111.2325, 44.5897 ], [ -111.2346, 44.5909 ], [ -111.2348, 44.5913 ], [ -111.2325, 44.5897 ] ] ], [ [ [ -111.2309, 44.5874 ], [ -111.2313, 44.5883 ], [ -111.2308, 44.5877 ], [ -111.2309, 44.5874 ] ] ], [ [ [ -111.2045, 44.5755 ], [ -111.2073, 44.5751 ], [ -111.2126, 44.5756 ], [ -111.2166, 44.5754 ], [ -111.2189, 44.5753 ], [ -111.2212, 44.5768 ], [ -111.2045, 44.5755 ] ] ] ] } },
{ "type": "Feature", "properties": { "district_id": "011404", "forest": "Kootenai National Forest", "name": "Three Rivers Ranger District", "acres": 663491.303, "enhanced_count": 17, "total_species": 17, "enhanced_rate": 1.0, "specialist_count": 0, "harvest_count": 1519, "harvest_ha": 179688.7747, "mgmt_intensity": "Very High" }, "geometry": { "type": "MultiPolygon", "coordinates": [ [ [ [ -116.0491, 48.8847 ], [ -116.0491, 48.8762 ], [ -116.0492, 48.896 ], [ -116.0491, 48.8847 ] ] ], [ [ [ -116.0491, 48.8703 ], [ -116.0504, 48.8712 ], [ -116.0491, 48.8746 ], [ -116.0491, 48.8703 ] ] ], [ [ [ -116.0491, 48.7657 ], [ -116.049, 48.7544 ], [ -116.0491, 48.7606 ], [ -116.0491, 48.7657 ] ] ], [ [ [ -116.049, 48.6749 ], [ -116.049, 48.296 ], [ -116.0597, 48.2902 ], [ -116.0953, 48.3614 ], [ -116.1242, 48.3718 ], [ -116.1219, 48.3916 ], [ -116.1783, 48.417 ], [ -116.1651, 48.4461 ], [ -116.1786, 48.484 ], [ -116.2011, 48.4987 ], [ -116.1828, 48.5151 ], [ -116.1165, 48.5202 ], [ -116.0812, 48.5551 ], [ -116.0662, 48.5731 ], [ -116.0704, 48.6014 ], [ -116.0491, 48.6199 ], [ -116.049, 48.6749 ] ] ] ] } },
{ "type": "Feature", "properties": { "district_id": "011407", "forest": "Kootenai National Forest", "name": "Cabinet Ranger District", "acres": 468472.655, "enhanced_count": 14, "total_species": 14, "enhanced_rate": 1.0, "specialist_count": 0, "harvest_count": 60, "harvest_ha": 1391.6462, "mgmt_intensity": "Very High" }, "geometry": { "type": "MultiPolygon", "coordinates": [ [ [ [ -116.0491, 48.0955 ], [ -116.049, 48.1057 ], [ -116.049, 48.0955 ], [ -116.0491, 48.0955 ] ] ], [ [ [ -116.1034, 48.0122 ], [ -116.1043, 48.0231 ], [ -116.0491, 48.0388 ], [ -116.0491, 47.9775 ], [ -116.1034, 48.0122 ] ] ], [ [ [ -116.0474, 47.976 ], [ -116.0476, 47.9761 ], [ -116.0483, 47.9766 ], [ -116.0474, 47.976 ] ] ], [ [ [ -116.0418, 47.9736 ], [ -116.0412, 47.9729 ], [ -116.0426, 47.9741 ], [ -116.0418, 47.9736 ] ] ], [ [ [ -116.031, 47.9727 ], [ -116.0308, 47.9726 ], [ -116.0345, 47.9721 ], [ -116.031, 47.9727 ] ] ], [ [ [ -116.0243, 47.9664 ], [ -116.0241, 47.9656 ], [ -116.0278, 47.9686 ], [ -116.0243, 47.9664 ] ] ], [ [ [ -116.0222, 47.9643 ], [ -116.0232, 47.9648 ], [ -116.0239, 47.9654 ], [ -116.0222, 47.9643 ] ] ], [ [ [ -116.0188, 47.9629 ], [ -116.0188, 47.9628 ], [ -116.0194, 47.9632 ], [ -116.0188, 47.9629 ] ] ], [ [ [ -116.0181, 47.9613 ], [ -116.0161, 47.9587 ], [ -116.0143, 47.9574 ], [ -116.012, 47.9543 ], [ -116.0164, 47.9588 ], [ -116.0179, 47.9607 ], [ -116.0182, 47.9613 ], [ -116.0181, 47.9613 ] ] ], [ [ [ -116.0107, 47.9534 ], [ -116.0099, 47.953 ], [ -116.0075, 47.9508 ], [ -116.0044, 47.942 ], [ -116.0107, 47.9534 ] ] ], [ [ [ -116.001, 47.9398 ], [ -116.0023, 47.9402 ], [ -116.0025, 47.9404 ], [ -116.001, 47.9398 ] ] ], [ [ [ -115.9981, 47.9385 ], [ -115.998, 47.9382 ], [ -115.9982, 47.9376 ], [ -115.9981, 47.9385 ] ] ], [ [ [ -115.9955, 47.9345 ], [ -115.9951, 47.9338 ], [ -115.9949, 47.9316 ], [ -115.9955, 47.9345 ] ] ], [ [ [ -115.994, 47.9267 ], [ -115.9932, 47.9287 ], [ -115.9892, 47.9239 ], [ -115.994, 47.9267 ] ] ], [ [ [ -115.9835, 47.9214 ], [ -115.9828, 47.9196 ], [ -115.9825, 47.9157 ], [ -115.9835, 47.9214 ] ] ], [ [ [ -115.9799, 47.9148 ], [ -115.9784, 47.9145 ], [ -115.9802, 47.9147 ], [ -115.9799, 47.9148 ] ] ], [ [ [ -115.9751, 47.9145 ], [ -115.9733, 47.9141 ], [ -115.9762, 47.9146 ], [ -115.9751, 47.9145 ] ] ], [ [ [ -115.9696, 47.9144 ], [ -115.9691, 47.9143 ], [ -115.9657, 47.9113 ], [ -115.9654, 47.9102 ], [ -115.9662, 47.9073 ], [ -115.9696, 47.9144 ] ] ], [ [ [ -115.9663, 47.9054 ], [ -115.9664, 47.9053 ], [ -115.9663, 47.906 ], [ -115.9663, 47.9054 ] ] ], [ [ [ -115.9685, 47.9001 ], [ -115.9684, 47.8994 ], [ -115.9686, 47.9004 ], [ -115.9685, 47.9001 ] ] ], [ [ [ -115.9664, 47.8983 ], [ -115.9667, 47.8983 ], [ -115.967, 47.8985 ], [ -115.9664, 47.8983 ] ] ], [ [ [ -115.9627, 47.8981 ], [ -115.963, 47.8981 ], [ -115.9656, 47.8982 ], [ -115.9627, 47.8981 ] ] ], [ [ [ -115.9598, 47.8978 ], [ -115.9595, 47.8976 ], [ -115.9609, 47.8981 ], [ -115.9598, 47.8978 ] ] ], [ [ [ -115.9534, 47.8941 ], [ -115.9504, 47.8898 ], [ -115.9537, 47.8942 ], [ -115.9534, 47.8941 ] ] ], [ [ [ -115.9419, 47.8844 ], [ -115.9416, 47.8839 ], [ -115.943, 47.8854 ], [ -115.9419, 47.8844 ] ] ], [ [ [ -115.9404, 47.8833 ], [ -115.9394, 47.882 ], [ -115.9415, 47.8838 ], [ -115.9404, 47.8833 ] ] ], [ [ [ -115.938, 47.8811 ], [ -115.9374, 47.8804 ], [ -115.9388, 47.8816 ], [ -115.938, 47.8811 ] ] ], [ [ [ -115.936, 47.8775 ], [ -115.9354, 47.8764 ], [ -115.9361, 47.8772 ], [ -115.9365, 47.8789 ], [ -115.936, 47.8775 ] ] ], [ [ [ -115.9357, 47.8749 ], [ -115.9357, 47.8746 ], [ -115.9359, 47.8748 ], [ -115.9354, 47.8764 ], [ -115.9357, 47.8749 ] ] ], [ [ [ -115.9323, 47.8725 ], [ -115.9343, 47.8734 ], [ -115.9349, 47.8738 ], [ -115.9323, 47.8725 ] ] ], [ [ [ -115.9251, 47.8666 ], [ -115.925, 47.8649 ], [ -115.9253, 47.8669 ], [ -115.9251, 47.8666 ] ] ], [ [ [ -115.9192, 47.8568 ], [ -115.9189, 47.8555 ], [ -115.9189, 47.8537 ], [ -115.9192, 47.8568 ] ] ], [ [ [ -115.9069, 47.8508 ], [ -115.9065, 47.8503 ], [ -115.9064, 47.8499 ], [ -115.9069, 47.8466 ], [ -115.9069, 47.8508 ] ] ], [ [ [ -115.8784, 47.8457 ], [ -115.8775, 47.8453 ], [ -115.876, 47.8443 ], [ -115.8746, 47.8422 ], [ -115.874, 47.8398 ], [ -115.8784, 47.8457 ] ] ], [ [ [ -115.8719, 47.8371 ], [ -115.8713, 47.8356 ], [ -115.8729, 47.8381 ], [ -115.8719, 47.8371 ] ] ], [ [ [ -115.8643, 47.8333 ], [ -115.8639, 47.8331 ], [ -115.8656, 47.8334 ], [ -115.8643, 47.8333 ] ] ], [ [ [ -115.8617, 47.832 ], [ -115.862, 47.8321 ], [ -115.8633, 47.8329 ], [ -115.8617, 47.832 ] ] ], [ [ [ -115.8593, 47.8311 ], [ -115.8556, 47.8284 ], [ -115.8613, 47.8319 ], [ -115.8593, 47.8311 ] ] ], [ [ [ -115.8518, 47.8269 ], [ -115.8512, 47.8265 ], [ -115.851, 47.8262 ], [ -115.8518, 47.8269 ] ] ], [ [ [ -115.8531, 47.8281 ], [ -115.8523, 47.8279 ], [ -115.8518, 47.8269 ], [ -115.8531, 47.8281 ] ] ], [ [ [ -115.8477, 47.8184 ], [ -115.8463, 47.8168 ], [ -115.8451, 47.815 ], [ -115.8455, 47.8142 ], [ -115.8477, 47.8184 ] ] ], [ [ [ -115.8487, 47.8105 ], [ -115.8479, 47.8064 ], [ -115.8491, 47.8103 ], [ -115.8487, 47.8105 ] ] ], [ [ [ -115.8474, 47.8032 ], [ -115.8474, 47.8037 ], [ -115.8473, 47.8034 ], [ -115.8474, 47.8032 ] ] ], [ [ [ -115.8489, 47.8002 ], [ -115.8489, 47.8 ], [ -115.8491, 47.8007 ], [ -115.8489, 47.8002 ] ] ], [ [ [ -115.847, 47.7969 ], [ -115.8487, 47.7995 ], [ -115.8489, 47.8 ], [ -115.847, 47.7969 ] ] ], [ [ [ -115.8466, 47.7897 ], [ -115.8465, 47.7912 ], [ -115.8464, 47.7914 ], [ -115.8466, 47.7897 ] ] ], [ [ [ -115.8408, 47.7806 ], [ -115.8407, 47.7805 ], [ -115.8412, 47.7807 ], [ -115.8408, 47.7806 ] ] ], [ [ [ -115.8404, 47.7779 ], [ -115.8401, 47.7773 ], [ -115.8374, 47.7748 ], [ -115.8373, 47.7746 ], [ -115.8401, 47.7772 ], [ -115.8406, 47.778 ], [ -115.8404, 47.7779 ] ] ], [ [ [ -115.8365, 47.7727 ], [ -115.8365, 47.7723 ], [ -115.8372, 47.7743 ], [ -115.8365, 47.7727 ] ] ], [ [ [ -115.8354, 47.7706 ], [ -115.8351, 47.7701 ], [ -115.8354, 47.769 ], [ -115.8354, 47.7706 ] ] ], [ [ [ -115.835, 47.7673 ], [ -115.835, 47.7668 ], [ -115.8351, 47.7662 ], [ -115.835, 47.7673 ] ] ], [ [ [ -115.8338, 47.7593 ], [ -115.8352, 47.7608 ], [ -115.8354, 47.7614 ], [ -115.8338, 47.7593 ] ] ], [ [ [ -115.8326, 47.7568 ], [ -115.831, 47.7551 ], [ -115.8326, 47.7566 ], [ -115.8326, 47.7568 ] ] ], [ [ [ -115.8293, 47.7544 ], [ -115.8258, 47.7526 ], [ -115.8308, 47.755 ], [ -115.8293, 47.7544 ] ] ], [ [ [ -115.8219, 47.7532 ], [ -115.823, 47.7529 ], [ -115.8211, 47.7536 ], [ -115.8219, 47.7532 ] ] ], [ [ [ -115.8143, 47.7562 ], [ -115.8119, 47.756 ], [ -115.8149, 47.756 ], [ -115.8143, 47.7562 ] ] ], [ [ [ -115.8046, 47.7581 ], [ -115.804, 47.7582 ], [ -115.8034, 47.7583 ], [ -115.8009, 47.7576 ], [ -115.8046, 47.7581 ] ] ], [ [ [ -115.7956, 47.7546 ], [ -115.7957, 47.7549 ], [ -115.7952, 47.7543 ], [ -115.7956, 47.7546 ] ] ], [ [ [ -115.7865, 47.7487 ], [ -115.7857, 47.748 ], [ -115.7922, 47.751 ], [ -115.7865, 47.7487 ] ] ], [ [ [ -115.7809, 47.7429 ], [ -115.7809, 47.7425 ], [ -115.7809, 47.7419 ], [ -115.7813, 47.7407 ], [ -115.7814, 47.7405 ], [ -115.7809, 47.7429 ] ] ], [ [ [ -115.7821, 47.7393 ], [ -115.7834, 47.7384 ], [ -115.7816, 47.7402 ], [ -115.7821, 47.7393 ] ] ], [ [ [ -115.7825, 47.7348 ], [ -115.7827, 47.7346 ], [ -115.7836, 47.7365 ], [ -115.7836, 47.7369 ], [ -115.7825, 47.7348 ] ] ], [ [ [ -115.7824, 47.7274 ], [ -115.7829, 47.7283 ], [ -115.782, 47.727 ], [ -115.7824, 47.7274 ] ] ], [ [ [ -115.7751, 47.719 ], [ -115.7772, 47.7204 ], [ -115.7784, 47.7221 ], [ -115.7811, 47.725 ], [ -115.7751, 47.719 ] ] ], [ [ [ -115.7595, 47.7192 ], [ -115.7589, 47.7191 ], [ -115.7586, 47.7189 ], [ -115.758, 47.7183 ], [ -115.7566, 47.7178 ], [ -115.7627, 47.7179 ], [ -115.7595, 47.7192 ] ] ], [ [ [ -115.7554, 47.7177 ], [ -115.7542, 47.7173 ], [ -115.7559, 47.7177 ], [ -115.7554, 47.7177 ] ] ], [ [ [ -115.7528, 47.7168 ], [ -115.7522, 47.716 ], [ -115.7536, 47.7171 ], [ -115.7528, 47.7168 ] ] ], [ [ [ -115.7488, 47.714 ], [ -115.7477, 47.7133 ], [ -115.7511, 47.715 ], [ -115.7488, 47.714 ] ] ], [ [ [ -115.7444, 47.7118 ], [ -115.7436, 47.7119 ], [ -115.7443, 47.7116 ], [ -115.7444, 47.7118 ] ] ], [ [ [ -115.7423, 47.7117 ], [ -115.7416, 47.7111 ], [ -115.7433, 47.7119 ], [ -115.7423, 47.7117 ] ] ], [ [ [ -115.74, 47.709 ], [ -115.7364, 47.7075 ], [ -115.7336, 47.7058 ], [ -115.74, 47.709 ] ] ], [ [ [ -115.7283, 47.7018 ], [ -115.7306, 47.7033 ], [ -115.7311, 47.704 ], [ -115.7283, 47.7018 ] ] ], [ [ [ -115.728, 47.7017 ], [ -115.7227, 47.6951 ], [ -115.7283, 47.7018 ], [ -115.728, 47.7017 ] ] ], [ [ [ -115.7244, 47.6917 ], [ -115.7248, 47.69 ], [ -115.7254, 47.6888 ], [ -115.7243, 47.6927 ], [ -115.7244, 47.6917 ] ] ], [ [ [ -115.7254, 47.6866 ], [ -115.7261, 47.6859 ], [ -115.7255, 47.6882 ], [ -115.7254, 47.6866 ] ] ], [ [ [ -115.7276, 47.6834 ], [ -115.7276, 47.6838 ], [ -115.7274, 47.6846 ], [ -115.7276, 47.6834 ] ] ], [ [ [ -115.7283, 47.6817 ], [ -115.7277, 47.6824 ], [ -115.7277, 47.6796 ], [ -115.7283, 47.6817 ] ] ], [ [ [ -115.7263, 47.6741 ], [ -115.7266, 47.6729 ], [ -115.7314, 47.6691 ], [ -115.7263, 47.6741 ] ] ], [ [ [ -115.7309, 47.6643 ], [ -115.7314, 47.6617 ], [ -115.7323, 47.66 ], [ -115.7309, 47.6643 ] ] ], [ [ [ -115.7336, 47.6578 ], [ -115.734, 47.6574 ], [ -115.7331, 47.6591 ], [ -115.7329, 47.6594 ], [ -115.7336, 47.6578 ] ] ], [ [ [ -115.7355, 47.6528 ], [ -115.735, 47.6521 ], [ -115.7364, 47.6537 ], [ -115.7355, 47.6528 ] ] ], [ [ [ -115.7346, 47.6505 ], [ -115.7342, 47.649 ], [ -115.7347, 47.6503 ], [ -115.7346, 47.6505 ] ] ], [ [ [ -115.7314, 47.6461 ], [ -115.7314, 47.6454 ], [ -115.7319, 47.6464 ], [ -115.7337, 47.6479 ], [ -115.7338, 47.6482 ], [ -115.7314, 47.6461 ] ] ], [ [ [ -115.7299, 47.6419 ], [ -115.727, 47.6409 ], [ -115.7249, 47.6397 ], [ -115.7299, 47.6419 ] ] ], [ [ [ -115.7221, 47.6391 ], [ -115.7193, 47.638 ], [ -115.7177, 47.6372 ], [ -115.717, 47.6368 ], [ -115.7221, 47.6391 ] ] ], [ [ [ -115.7087, 47.635 ], [ -115.7101, 47.6353 ], [ -115.7098, 47.6353 ], [ -115.7087, 47.635 ] ] ], [ [ [ -115.706, 47.6334 ], [ -115.7069, 47.6338 ], [ -115.7072, 47.6341 ], [ -115.706, 47.6334 ] ] ], [ [ [ -115.7044, 47.6323 ], [ -115.7056, 47.6332 ], [ -115.7047, 47.6327 ], [ -115.7044, 47.6323 ] ] ], [ [ [ -115.7042, 47.6321 ], [ -115.7037, 47.6308 ], [ -115.7044, 47.6323 ], [ -115.7042, 47.6321 ] ] ], [ [ [ -115.7029, 47.63 ], [ -115.7034, 47.6303 ], [ -115.7037, 47.6308 ], [ -115.7029, 47.63 ] ] ], [ [ [ -115.6944, 47.6238 ], [ -115.6919, 47.6172 ], [ -115.6948, 47.6241 ], [ -115.6944, 47.6238 ] ] ] ] } }
]
}
